[0.382s] DEBUG:colcon:Command line arguments: ['/usr/bin/colcon', 'build']
[0.382s] DEBUG:colcon:Parsed command line arguments: Namespace(log_base=None, log_level=None, verb_name='build', build_base='build', install_base='install', merge_install=False, symlink_install=False, test_result_base=None, continue_on_error=False, executor='parallel', parallel_workers=3, event_handlers=None, ignore_user_meta=False, metas=['./colcon.meta'], base_paths=['.'], packages_ignore=None, packages_ignore_regex=None, paths=None, packages_up_to=None, packages_up_to_regex=None, packages_above=None, packages_above_and_dependencies=None, packages_above_depth=None, packages_select_by_dep=None, packages_skip_by_dep=None, packages_skip_up_to=None, packages_select_build_failed=False, packages_skip_build_finished=False, packages_select_test_failures=False, packages_skip_test_passed=False, packages_select=None, packages_skip=None, packages_select_regex=None, packages_skip_regex=None, packages_start=None, packages_end=None, allow_overriding=[], cmake_args=None, cmake_target=None, cmake_target_skip_unavailable=False, cmake_clean_cache=False, cmake_clean_first=False, cmake_force_configure=False, ament_cmake_args=None, catkin_cmake_args=None, catkin_skip_building_tests=False, mixin_files=None, mixin=None, verb_parser=<colcon_mixin.mixin.mixin_argument.MixinArgumentDecorator object at 0xffff8de40e80>, verb_extension=<colcon_core.verb.build.BuildVerb object at 0xffff8de40910>, main=<bound method BuildVerb.main of <colcon_core.verb.build.BuildVerb object at 0xffff8de40910>>, mixin_verb=('build',))
[1.002s] Level 1:colcon.colcon_core.package_discovery:discover_packages(colcon_meta) check parameters
[1.002s] Level 1:colcon.colcon_core.package_discovery:discover_packages(recursive) check parameters
[1.003s] Level 1:colcon.colcon_core.package_discovery:discover_packages(ignore) check parameters
[1.003s] Level 1:colcon.colcon_core.package_discovery:discover_packages(path) check parameters
[1.003s] Level 1:colcon.colcon_core.package_discovery:discover_packages(colcon_meta) discover
[1.004s] Level 1:colcon.colcon_core.package_discovery:discover_packages(recursive) discover
[1.004s] INFO:colcon.colcon_core.package_discovery:Crawling recursively for packages in '/home/asdfr-30/ASDfR_3'
[1.005s] Level 1:colcon.colcon_core.package_identification:_identify(.) by extensions ['ignore', 'ignore_ament_install']
[1.006s] Level 1:colcon.colcon_core.package_identification:_identify(.) by extension 'ignore'
[1.006s] Level 1:colcon.colcon_core.package_identification:_identify(.) by extension 'ignore_ament_install'
[1.007s] Level 1:colcon.colcon_core.package_identification:_identify(.) by extensions ['colcon_pkg']
[1.007s] Level 1:colcon.colcon_core.package_identification:_identify(.) by extension 'colcon_pkg'
[1.007s] Level 1:colcon.colcon_core.package_identification:_identify(.) by extensions ['colcon_meta']
[1.008s] Level 1:colcon.colcon_core.package_identification:_identify(.) by extension 'colcon_meta'
[1.008s] Level 1:colcon.colcon_core.package_identification:_identify(.) by extensions ['ros']
[1.008s] Level 1:colcon.colcon_core.package_identification:_identify(.) by extension 'ros'
[1.050s] Level 1:colcon.colcon_core.package_identification:_identify(.) by extensions ['cmake', 'python']
[1.050s] Level 1:colcon.colcon_core.package_identification:_identify(.) by extension 'cmake'
[1.051s] Level 1:colcon.colcon_core.package_identification:_identify(.) by extension 'python'
[1.051s] Level 1:colcon.colcon_core.package_identification:_identify(.) by extensions ['python_setup_py']
[1.051s] Level 1:colcon.colcon_core.package_identification:_identify(.) by extension 'python_setup_py'
[1.052s] Level 1:colcon.colcon_core.package_identification:_identify(build) by extensions ['ignore', 'ignore_ament_install']
[1.053s] Level 1:colcon.colcon_core.package_identification:_identify(build) by extension 'ignore'
[1.053s] Level 1:colcon.colcon_core.package_identification:_identify(build) ignored
[1.054s] Level 1:colcon.colcon_core.package_identification:_identify(install) by extensions ['ignore', 'ignore_ament_install']
[1.054s] Level 1:colcon.colcon_core.package_identification:_identify(install) by extension 'ignore'
[1.055s] Level 1:colcon.colcon_core.package_identification:_identify(install) ignored
[1.056s] Level 1:colcon.colcon_core.package_identification:_identify(log) by extensions ['ignore', 'ignore_ament_install']
[1.056s] Level 1:colcon.colcon_core.package_identification:_identify(log) by extension 'ignore'
[1.056s] Level 1:colcon.colcon_core.package_identification:_identify(log) ignored
[1.057s] Level 1:colcon.colcon_core.package_identification:_identify(src) by extensions ['ignore', 'ignore_ament_install']
[1.057s] Level 1:colcon.colcon_core.package_identification:_identify(src) by extension 'ignore'
[1.058s] Level 1:colcon.colcon_core.package_identification:_identify(src) by extension 'ignore_ament_install'
[1.058s] Level 1:colcon.colcon_core.package_identification:_identify(src) by extensions ['colcon_pkg']
[1.058s] Level 1:colcon.colcon_core.package_identification:_identify(src) by extension 'colcon_pkg'
[1.059s] Level 1:colcon.colcon_core.package_identification:_identify(src) by extensions ['colcon_meta']
[1.059s] Level 1:colcon.colcon_core.package_identification:_identify(src) by extension 'colcon_meta'
[1.059s] Level 1:colcon.colcon_core.package_identification:_identify(src) by extensions ['ros']
[1.060s] Level 1:colcon.colcon_core.package_identification:_identify(src) by extension 'ros'
[1.060s] Level 1:colcon.colcon_core.package_identification:_identify(src) by extensions ['cmake', 'python']
[1.060s] Level 1:colcon.colcon_core.package_identification:_identify(src) by extension 'cmake'
[1.061s] Level 1:colcon.colcon_core.package_identification:_identify(src) by extension 'python'
[1.061s] Level 1:colcon.colcon_core.package_identification:_identify(src) by extensions ['python_setup_py']
[1.061s] Level 1:colcon.colcon_core.package_identification:_identify(src) by extension 'python_setup_py'
[1.062s] Level 1:colcon.colcon_core.package_identification:_identify(src/XRF2) by extensions ['ignore', 'ignore_ament_install']
[1.062s] Level 1:colcon.colcon_core.package_identification:_identify(src/XRF2) by extension 'ignore'
[1.063s] Level 1:colcon.colcon_core.package_identification:_identify(src/XRF2) by extension 'ignore_ament_install'
[1.063s] Level 1:colcon.colcon_core.package_identification:_identify(src/XRF2) by extensions ['colcon_pkg']
[1.063s] Level 1:colcon.colcon_core.package_identification:_identify(src/XRF2) by extension 'colcon_pkg'
[1.064s] Level 1:colcon.colcon_core.package_identification:_identify(src/XRF2) by extensions ['colcon_meta']
[1.064s] Level 1:colcon.colcon_core.package_identification:_identify(src/XRF2) by extension 'colcon_meta'
[1.064s] Level 1:colcon.colcon_core.package_identification:_identify(src/XRF2) by extensions ['ros']
[1.065s] Level 1:colcon.colcon_core.package_identification:_identify(src/XRF2) by extension 'ros'
[1.065s] Level 1:colcon.colcon_core.package_identification:_identify(src/XRF2) by extensions ['cmake', 'python']
[1.065s] Level 1:colcon.colcon_core.package_identification:_identify(src/XRF2) by extension 'cmake'
[1.066s] Level 1:colcon.colcon_core.package_identification:_identify(src/XRF2) by extension 'python'
[1.066s] Level 1:colcon.colcon_core.package_identification:_identify(src/XRF2) by extensions ['python_setup_py']
[1.066s] Level 1:colcon.colcon_core.package_identification:_identify(src/XRF2) by extension 'python_setup_py'
[1.067s] Level 1:colcon.colcon_core.package_identification:_identify(src/XRF2/Template) by extensions ['ignore', 'ignore_ament_install']
[1.067s] Level 1:colcon.colcon_core.package_identification:_identify(src/XRF2/Template) by extension 'ignore'
[1.068s] Level 1:colcon.colcon_core.package_identification:_identify(src/XRF2/Template) ignored
[1.068s] Level 1:colcon.colcon_core.package_identification:_identify(src/XRF2/XenoRosFramework) by extensions ['ignore', 'ignore_ament_install']
[1.069s] Level 1:colcon.colcon_core.package_identification:_identify(src/XRF2/XenoRosFramework) by extension 'ignore'
[1.069s] Level 1:colcon.colcon_core.package_identification:_identify(src/XRF2/XenoRosFramework) by extension 'ignore_ament_install'
[1.087s] Level 1:colcon.colcon_core.package_identification:_identify(src/XRF2/XenoRosFramework) by extensions ['colcon_pkg']
[1.087s] Level 1:colcon.colcon_core.package_identification:_identify(src/XRF2/XenoRosFramework) by extension 'colcon_pkg'
[1.088s] Level 1:colcon.colcon_core.package_identification:_identify(src/XRF2/XenoRosFramework) by extensions ['colcon_meta']
[1.089s] Level 1:colcon.colcon_core.package_identification:_identify(src/XRF2/XenoRosFramework) by extension 'colcon_meta'
[1.091s] Level 1:colcon.colcon_core.package_identification:_identify(src/XRF2/XenoRosFramework) by extensions ['ros']
[1.091s] Level 1:colcon.colcon_core.package_identification:_identify(src/XRF2/XenoRosFramework) by extension 'ros'
[1.092s] Level 1:colcon.colcon_core.package_identification:_identify(src/XRF2/XenoRosFramework) by extensions ['cmake', 'python']
[1.093s] Level 1:colcon.colcon_core.package_identification:_identify(src/XRF2/XenoRosFramework) by extension 'cmake'
[1.094s] Level 1:colcon.colcon_core.package_identification:_identify(src/XRF2/XenoRosFramework) by extension 'python'
[1.094s] Level 1:colcon.colcon_core.package_identification:_identify(src/XRF2/XenoRosFramework) by extensions ['python_setup_py']
[1.094s] Level 1:colcon.colcon_core.package_identification:_identify(src/XRF2/XenoRosFramework) by extension 'python_setup_py'
[1.095s] Level 1:colcon.colcon_core.package_identification:_identify(src/XRF2/XenoRosFramework/Common) by extensions ['ignore', 'ignore_ament_install']
[1.096s] Level 1:colcon.colcon_core.package_identification:_identify(src/XRF2/XenoRosFramework/Common) by extension 'ignore'
[1.097s] Level 1:colcon.colcon_core.package_identification:_identify(src/XRF2/XenoRosFramework/Common) by extension 'ignore_ament_install'
[1.097s] Level 1:colcon.colcon_core.package_identification:_identify(src/XRF2/XenoRosFramework/Common) by extensions ['colcon_pkg']
[1.098s] Level 1:colcon.colcon_core.package_identification:_identify(src/XRF2/XenoRosFramework/Common) by extension 'colcon_pkg'
[1.098s] Level 1:colcon.colcon_core.package_identification:_identify(src/XRF2/XenoRosFramework/Common) by extensions ['colcon_meta']
[1.098s] Level 1:colcon.colcon_core.package_identification:_identify(src/XRF2/XenoRosFramework/Common) by extension 'colcon_meta'
[1.099s] Level 1:colcon.colcon_core.package_identification:_identify(src/XRF2/XenoRosFramework/Common) by extensions ['ros']
[1.099s] Level 1:colcon.colcon_core.package_identification:_identify(src/XRF2/XenoRosFramework/Common) by extension 'ros'
[1.100s] Level 1:colcon.colcon_core.package_identification:_identify(src/XRF2/XenoRosFramework/Common) by extensions ['cmake', 'python']
[1.101s] Level 1:colcon.colcon_core.package_identification:_identify(src/XRF2/XenoRosFramework/Common) by extension 'cmake'
[1.101s] Level 1:colcon.colcon_core.package_identification:_identify(src/XRF2/XenoRosFramework/Common) by extension 'python'
[1.102s] Level 1:colcon.colcon_core.package_identification:_identify(src/XRF2/XenoRosFramework/Common) by extensions ['python_setup_py']
[1.102s] Level 1:colcon.colcon_core.package_identification:_identify(src/XRF2/XenoRosFramework/Common) by extension 'python_setup_py'
[1.103s] Level 1:colcon.colcon_core.package_identification:_identify(src/XRF2/XenoRosFramework/Common/XRF2_msgs) by extensions ['ignore', 'ignore_ament_install']
[1.104s] Level 1:colcon.colcon_core.package_identification:_identify(src/XRF2/XenoRosFramework/Common/XRF2_msgs) by extension 'ignore'
[1.104s] Level 1:colcon.colcon_core.package_identification:_identify(src/XRF2/XenoRosFramework/Common/XRF2_msgs) by extension 'ignore_ament_install'
[1.104s] Level 1:colcon.colcon_core.package_identification:_identify(src/XRF2/XenoRosFramework/Common/XRF2_msgs) by extensions ['colcon_pkg']
[1.105s] Level 1:colcon.colcon_core.package_identification:_identify(src/XRF2/XenoRosFramework/Common/XRF2_msgs) by extension 'colcon_pkg'
[1.105s] Level 1:colcon.colcon_core.package_identification:_identify(src/XRF2/XenoRosFramework/Common/XRF2_msgs) by extensions ['colcon_meta']
[1.106s] Level 1:colcon.colcon_core.package_identification:_identify(src/XRF2/XenoRosFramework/Common/XRF2_msgs) by extension 'colcon_meta'
[1.106s] Level 1:colcon.colcon_core.package_identification:_identify(src/XRF2/XenoRosFramework/Common/XRF2_msgs) by extensions ['ros']
[1.106s] Level 1:colcon.colcon_core.package_identification:_identify(src/XRF2/XenoRosFramework/Common/XRF2_msgs) by extension 'ros'
[1.114s] DEBUG:colcon.colcon_core.package_identification:Package 'src/XRF2/XenoRosFramework/Common/XRF2_msgs' with type 'ros.ament_cmake' and name 'xrf2_msgs'
[1.115s] Level 1:colcon.colcon_core.package_identification:_identify(src/XRF2/XenoRosFramework/Common/XenoFrtLogger_decoder) by extensions ['ignore', 'ignore_ament_install']
[1.115s] Level 1:colcon.colcon_core.package_identification:_identify(src/XRF2/XenoRosFramework/Common/XenoFrtLogger_decoder) by extension 'ignore'
[1.116s] Level 1:colcon.colcon_core.package_identification:_identify(src/XRF2/XenoRosFramework/Common/XenoFrtLogger_decoder) by extension 'ignore_ament_install'
[1.116s] Level 1:colcon.colcon_core.package_identification:_identify(src/XRF2/XenoRosFramework/Common/XenoFrtLogger_decoder) by extensions ['colcon_pkg']
[1.117s] Level 1:colcon.colcon_core.package_identification:_identify(src/XRF2/XenoRosFramework/Common/XenoFrtLogger_decoder) by extension 'colcon_pkg'
[1.117s] Level 1:colcon.colcon_core.package_identification:_identify(src/XRF2/XenoRosFramework/Common/XenoFrtLogger_decoder) by extensions ['colcon_meta']
[1.117s] Level 1:colcon.colcon_core.package_identification:_identify(src/XRF2/XenoRosFramework/Common/XenoFrtLogger_decoder) by extension 'colcon_meta'
[1.118s] Level 1:colcon.colcon_core.package_identification:_identify(src/XRF2/XenoRosFramework/Common/XenoFrtLogger_decoder) by extensions ['ros']
[1.118s] Level 1:colcon.colcon_core.package_identification:_identify(src/XRF2/XenoRosFramework/Common/XenoFrtLogger_decoder) by extension 'ros'
[1.118s] Level 1:colcon.colcon_core.package_identification:_identify(src/XRF2/XenoRosFramework/Common/XenoFrtLogger_decoder) by extensions ['cmake', 'python']
[1.119s] Level 1:colcon.colcon_core.package_identification:_identify(src/XRF2/XenoRosFramework/Common/XenoFrtLogger_decoder) by extension 'cmake'
[1.119s] Level 1:colcon.colcon_core.package_identification:_identify(src/XRF2/XenoRosFramework/Common/XenoFrtLogger_decoder) by extension 'python'
[1.119s] Level 1:colcon.colcon_core.package_identification:_identify(src/XRF2/XenoRosFramework/Common/XenoFrtLogger_decoder) by extensions ['python_setup_py']
[1.120s] Level 1:colcon.colcon_core.package_identification:_identify(src/XRF2/XenoRosFramework/Common/XenoFrtLogger_decoder) by extension 'python_setup_py'
[1.120s] Level 1:colcon.colcon_core.package_identification:_identify(src/XRF2/XenoRosFramework/Common/include) by extensions ['ignore', 'ignore_ament_install']
[1.121s] Level 1:colcon.colcon_core.package_identification:_identify(src/XRF2/XenoRosFramework/Common/include) by extension 'ignore'
[1.121s] Level 1:colcon.colcon_core.package_identification:_identify(src/XRF2/XenoRosFramework/Common/include) by extension 'ignore_ament_install'
[1.122s] Level 1:colcon.colcon_core.package_identification:_identify(src/XRF2/XenoRosFramework/Common/include) by extensions ['colcon_pkg']
[1.122s] Level 1:colcon.colcon_core.package_identification:_identify(src/XRF2/XenoRosFramework/Common/include) by extension 'colcon_pkg'
[1.122s] Level 1:colcon.colcon_core.package_identification:_identify(src/XRF2/XenoRosFramework/Common/include) by extensions ['colcon_meta']
[1.122s] Level 1:colcon.colcon_core.package_identification:_identify(src/XRF2/XenoRosFramework/Common/include) by extension 'colcon_meta'
[1.123s] Level 1:colcon.colcon_core.package_identification:_identify(src/XRF2/XenoRosFramework/Common/include) by extensions ['ros']
[1.123s] Level 1:colcon.colcon_core.package_identification:_identify(src/XRF2/XenoRosFramework/Common/include) by extension 'ros'
[1.124s] Level 1:colcon.colcon_core.package_identification:_identify(src/XRF2/XenoRosFramework/Common/include) by extensions ['cmake', 'python']
[1.124s] Level 1:colcon.colcon_core.package_identification:_identify(src/XRF2/XenoRosFramework/Common/include) by extension 'cmake'
[1.124s] Level 1:colcon.colcon_core.package_identification:_identify(src/XRF2/XenoRosFramework/Common/include) by extension 'python'
[1.125s] Level 1:colcon.colcon_core.package_identification:_identify(src/XRF2/XenoRosFramework/Common/include) by extensions ['python_setup_py']
[1.125s] Level 1:colcon.colcon_core.package_identification:_identify(src/XRF2/XenoRosFramework/Common/include) by extension 'python_setup_py'
[1.126s] Level 1:colcon.colcon_core.package_identification:_identify(src/XRF2/XenoRosFramework/Common/python_script) by extensions ['ignore', 'ignore_ament_install']
[1.126s] Level 1:colcon.colcon_core.package_identification:_identify(src/XRF2/XenoRosFramework/Common/python_script) by extension 'ignore'
[1.127s] Level 1:colcon.colcon_core.package_identification:_identify(src/XRF2/XenoRosFramework/Common/python_script) by extension 'ignore_ament_install'
[1.127s] Level 1:colcon.colcon_core.package_identification:_identify(src/XRF2/XenoRosFramework/Common/python_script) by extensions ['colcon_pkg']
[1.127s] Level 1:colcon.colcon_core.package_identification:_identify(src/XRF2/XenoRosFramework/Common/python_script) by extension 'colcon_pkg'
[1.128s] Level 1:colcon.colcon_core.package_identification:_identify(src/XRF2/XenoRosFramework/Common/python_script) by extensions ['colcon_meta']
[1.128s] Level 1:colcon.colcon_core.package_identification:_identify(src/XRF2/XenoRosFramework/Common/python_script) by extension 'colcon_meta'
[1.128s] Level 1:colcon.colcon_core.package_identification:_identify(src/XRF2/XenoRosFramework/Common/python_script) by extensions ['ros']
[1.129s] Level 1:colcon.colcon_core.package_identification:_identify(src/XRF2/XenoRosFramework/Common/python_script) by extension 'ros'
[1.129s] Level 1:colcon.colcon_core.package_identification:_identify(src/XRF2/XenoRosFramework/Common/python_script) by extensions ['cmake', 'python']
[1.129s] Level 1:colcon.colcon_core.package_identification:_identify(src/XRF2/XenoRosFramework/Common/python_script) by extension 'cmake'
[1.130s] Level 1:colcon.colcon_core.package_identification:_identify(src/XRF2/XenoRosFramework/Common/python_script) by extension 'python'
[1.130s] Level 1:colcon.colcon_core.package_identification:_identify(src/XRF2/XenoRosFramework/Common/python_script) by extensions ['python_setup_py']
[1.130s] Level 1:colcon.colcon_core.package_identification:_identify(src/XRF2/XenoRosFramework/Common/python_script) by extension 'python_setup_py'
[1.131s] Level 1:colcon.colcon_core.package_identification:_identify(src/XRF2/XenoRosFramework/Common/xbuf_dev_rule) by extensions ['ignore', 'ignore_ament_install']
[1.131s] Level 1:colcon.colcon_core.package_identification:_identify(src/XRF2/XenoRosFramework/Common/xbuf_dev_rule) by extension 'ignore'
[1.132s] Level 1:colcon.colcon_core.package_identification:_identify(src/XRF2/XenoRosFramework/Common/xbuf_dev_rule) by extension 'ignore_ament_install'
[1.132s] Level 1:colcon.colcon_core.package_identification:_identify(src/XRF2/XenoRosFramework/Common/xbuf_dev_rule) by extensions ['colcon_pkg']
[1.132s] Level 1:colcon.colcon_core.package_identification:_identify(src/XRF2/XenoRosFramework/Common/xbuf_dev_rule) by extension 'colcon_pkg'
[1.133s] Level 1:colcon.colcon_core.package_identification:_identify(src/XRF2/XenoRosFramework/Common/xbuf_dev_rule) by extensions ['colcon_meta']
[1.133s] Level 1:colcon.colcon_core.package_identification:_identify(src/XRF2/XenoRosFramework/Common/xbuf_dev_rule) by extension 'colcon_meta'
[1.133s] Level 1:colcon.colcon_core.package_identification:_identify(src/XRF2/XenoRosFramework/Common/xbuf_dev_rule) by extensions ['ros']
[1.134s] Level 1:colcon.colcon_core.package_identification:_identify(src/XRF2/XenoRosFramework/Common/xbuf_dev_rule) by extension 'ros'
[1.134s] Level 1:colcon.colcon_core.package_identification:_identify(src/XRF2/XenoRosFramework/Common/xbuf_dev_rule) by extensions ['cmake', 'python']
[1.135s] Level 1:colcon.colcon_core.package_identification:_identify(src/XRF2/XenoRosFramework/Common/xbuf_dev_rule) by extension 'cmake'
[1.135s] Level 1:colcon.colcon_core.package_identification:_identify(src/XRF2/XenoRosFramework/Common/xbuf_dev_rule) by extension 'python'
[1.135s] Level 1:colcon.colcon_core.package_identification:_identify(src/XRF2/XenoRosFramework/Common/xbuf_dev_rule) by extensions ['python_setup_py']
[1.136s] Level 1:colcon.colcon_core.package_identification:_identify(src/XRF2/XenoRosFramework/Common/xbuf_dev_rule) by extension 'python_setup_py'
[1.136s] Level 1:colcon.colcon_core.package_identification:_identify(src/XRF2/XenoRosFramework/Ros) by extensions ['ignore', 'ignore_ament_install']
[1.137s] Level 1:colcon.colcon_core.package_identification:_identify(src/XRF2/XenoRosFramework/Ros) by extension 'ignore'
[1.137s] Level 1:colcon.colcon_core.package_identification:_identify(src/XRF2/XenoRosFramework/Ros) by extension 'ignore_ament_install'
[1.138s] Level 1:colcon.colcon_core.package_identification:_identify(src/XRF2/XenoRosFramework/Ros) by extensions ['colcon_pkg']
[1.138s] Level 1:colcon.colcon_core.package_identification:_identify(src/XRF2/XenoRosFramework/Ros) by extension 'colcon_pkg'
[1.138s] Level 1:colcon.colcon_core.package_identification:_identify(src/XRF2/XenoRosFramework/Ros) by extensions ['colcon_meta']
[1.139s] Level 1:colcon.colcon_core.package_identification:_identify(src/XRF2/XenoRosFramework/Ros) by extension 'colcon_meta'
[1.139s] Level 1:colcon.colcon_core.package_identification:_identify(src/XRF2/XenoRosFramework/Ros) by extensions ['ros']
[1.139s] Level 1:colcon.colcon_core.package_identification:_identify(src/XRF2/XenoRosFramework/Ros) by extension 'ros'
[1.140s] Level 1:colcon.colcon_core.package_identification:_identify(src/XRF2/XenoRosFramework/Ros) by extensions ['cmake', 'python']
[1.140s] Level 1:colcon.colcon_core.package_identification:_identify(src/XRF2/XenoRosFramework/Ros) by extension 'cmake'
[1.140s] Level 1:colcon.colcon_core.package_identification:_identify(src/XRF2/XenoRosFramework/Ros) by extension 'python'
[1.141s] Level 1:colcon.colcon_core.package_identification:_identify(src/XRF2/XenoRosFramework/Ros) by extensions ['python_setup_py']
[1.141s] Level 1:colcon.colcon_core.package_identification:_identify(src/XRF2/XenoRosFramework/Ros) by extension 'python_setup_py'
[1.142s] Level 1:colcon.colcon_core.package_identification:_identify(src/XRF2/XenoRosFramework/Ros/ros_xeno_bridge) by extensions ['ignore', 'ignore_ament_install']
[1.142s] Level 1:colcon.colcon_core.package_identification:_identify(src/XRF2/XenoRosFramework/Ros/ros_xeno_bridge) by extension 'ignore'
[1.142s] Level 1:colcon.colcon_core.package_identification:_identify(src/XRF2/XenoRosFramework/Ros/ros_xeno_bridge) by extension 'ignore_ament_install'
[1.143s] Level 1:colcon.colcon_core.package_identification:_identify(src/XRF2/XenoRosFramework/Ros/ros_xeno_bridge) by extensions ['colcon_pkg']
[1.143s] Level 1:colcon.colcon_core.package_identification:_identify(src/XRF2/XenoRosFramework/Ros/ros_xeno_bridge) by extension 'colcon_pkg'
[1.143s] Level 1:colcon.colcon_core.package_identification:_identify(src/XRF2/XenoRosFramework/Ros/ros_xeno_bridge) by extensions ['colcon_meta']
[1.144s] Level 1:colcon.colcon_core.package_identification:_identify(src/XRF2/XenoRosFramework/Ros/ros_xeno_bridge) by extension 'colcon_meta'
[1.144s] Level 1:colcon.colcon_core.package_identification:_identify(src/XRF2/XenoRosFramework/Ros/ros_xeno_bridge) by extensions ['ros']
[1.144s] Level 1:colcon.colcon_core.package_identification:_identify(src/XRF2/XenoRosFramework/Ros/ros_xeno_bridge) by extension 'ros'
[1.148s] DEBUG:colcon.colcon_core.package_identification:Package 'src/XRF2/XenoRosFramework/Ros/ros_xeno_bridge' with type 'ros.ament_cmake' and name 'ros_xeno_bridge'
[1.149s] Level 1:colcon.colcon_core.package_identification:_identify(src/XRF2/XenoRosFramework/Unit-Tests) by extensions ['ignore', 'ignore_ament_install']
[1.149s] Level 1:colcon.colcon_core.package_identification:_identify(src/XRF2/XenoRosFramework/Unit-Tests) by extension 'ignore'
[1.150s] Level 1:colcon.colcon_core.package_identification:_identify(src/XRF2/XenoRosFramework/Unit-Tests) by extension 'ignore_ament_install'
[1.150s] Level 1:colcon.colcon_core.package_identification:_identify(src/XRF2/XenoRosFramework/Unit-Tests) by extensions ['colcon_pkg']
[1.151s] Level 1:colcon.colcon_core.package_identification:_identify(src/XRF2/XenoRosFramework/Unit-Tests) by extension 'colcon_pkg'
[1.151s] Level 1:colcon.colcon_core.package_identification:_identify(src/XRF2/XenoRosFramework/Unit-Tests) by extensions ['colcon_meta']
[1.151s] Level 1:colcon.colcon_core.package_identification:_identify(src/XRF2/XenoRosFramework/Unit-Tests) by extension 'colcon_meta'
[1.152s] Level 1:colcon.colcon_core.package_identification:_identify(src/XRF2/XenoRosFramework/Unit-Tests) by extensions ['ros']
[1.152s] Level 1:colcon.colcon_core.package_identification:_identify(src/XRF2/XenoRosFramework/Unit-Tests) by extension 'ros'
[1.152s] Level 1:colcon.colcon_core.package_identification:_identify(src/XRF2/XenoRosFramework/Unit-Tests) by extensions ['cmake', 'python']
[1.153s] Level 1:colcon.colcon_core.package_identification:_identify(src/XRF2/XenoRosFramework/Unit-Tests) by extension 'cmake'
[1.153s] Level 1:colcon.colcon_core.package_identification:_identify(src/XRF2/XenoRosFramework/Unit-Tests) by extension 'python'
[1.153s] Level 1:colcon.colcon_core.package_identification:_identify(src/XRF2/XenoRosFramework/Unit-Tests) by extensions ['python_setup_py']
[1.154s] Level 1:colcon.colcon_core.package_identification:_identify(src/XRF2/XenoRosFramework/Unit-Tests) by extension 'python_setup_py'
[1.154s] Level 1:colcon.colcon_core.package_identification:_identify(src/XRF2/XenoRosFramework/Unit-Tests/IcoIo) by extensions ['ignore', 'ignore_ament_install']
[1.155s] Level 1:colcon.colcon_core.package_identification:_identify(src/XRF2/XenoRosFramework/Unit-Tests/IcoIo) by extension 'ignore'
[1.155s] Level 1:colcon.colcon_core.package_identification:_identify(src/XRF2/XenoRosFramework/Unit-Tests/IcoIo) ignored
[1.156s] Level 1:colcon.colcon_core.package_identification:_identify(src/XRF2/XenoRosFramework/Unit-Tests/Logger) by extensions ['ignore', 'ignore_ament_install']
[1.156s] Level 1:colcon.colcon_core.package_identification:_identify(src/XRF2/XenoRosFramework/Unit-Tests/Logger) by extension 'ignore'
[1.156s] Level 1:colcon.colcon_core.package_identification:_identify(src/XRF2/XenoRosFramework/Unit-Tests/Logger) ignored
[1.157s] Level 1:colcon.colcon_core.package_identification:_identify(src/XRF2/XenoRosFramework/Unit-Tests/Monitor) by extensions ['ignore', 'ignore_ament_install']
[1.158s] Level 1:colcon.colcon_core.package_identification:_identify(src/XRF2/XenoRosFramework/Unit-Tests/Monitor) by extension 'ignore'
[1.158s] Level 1:colcon.colcon_core.package_identification:_identify(src/XRF2/XenoRosFramework/Unit-Tests/Monitor) ignored
[1.158s] Level 1:colcon.colcon_core.package_identification:_identify(src/XRF2/XenoRosFramework/Xenomai) by extensions ['ignore', 'ignore_ament_install']
[1.159s] Level 1:colcon.colcon_core.package_identification:_identify(src/XRF2/XenoRosFramework/Xenomai) by extension 'ignore'
[1.159s] Level 1:colcon.colcon_core.package_identification:_identify(src/XRF2/XenoRosFramework/Xenomai) by extension 'ignore_ament_install'
[1.160s] Level 1:colcon.colcon_core.package_identification:_identify(src/XRF2/XenoRosFramework/Xenomai) by extensions ['colcon_pkg']
[1.160s] Level 1:colcon.colcon_core.package_identification:_identify(src/XRF2/XenoRosFramework/Xenomai) by extension 'colcon_pkg'
[1.160s] Level 1:colcon.colcon_core.package_identification:_identify(src/XRF2/XenoRosFramework/Xenomai) by extensions ['colcon_meta']
[1.160s] Level 1:colcon.colcon_core.package_identification:_identify(src/XRF2/XenoRosFramework/Xenomai) by extension 'colcon_meta'
[1.161s] Level 1:colcon.colcon_core.package_identification:_identify(src/XRF2/XenoRosFramework/Xenomai) by extensions ['ros']
[1.161s] Level 1:colcon.colcon_core.package_identification:_identify(src/XRF2/XenoRosFramework/Xenomai) by extension 'ros'
[1.162s] Level 1:colcon.colcon_core.package_identification:_identify(src/XRF2/XenoRosFramework/Xenomai) by extensions ['cmake', 'python']
[1.162s] Level 1:colcon.colcon_core.package_identification:_identify(src/XRF2/XenoRosFramework/Xenomai) by extension 'cmake'
[1.163s] Level 1:colcon.colcon_core.package_identification:_identify(src/XRF2/XenoRosFramework/Xenomai) by extension 'python'
[1.163s] Level 1:colcon.colcon_core.package_identification:_identify(src/XRF2/XenoRosFramework/Xenomai) by extensions ['python_setup_py']
[1.163s] Level 1:colcon.colcon_core.package_identification:_identify(src/XRF2/XenoRosFramework/Xenomai) by extension 'python_setup_py'
[1.164s] Level 1:colcon.colcon_core.package_identification:_identify(src/XRF2/XenoRosFramework/Xenomai/include) by extensions ['ignore', 'ignore_ament_install']
[1.164s] Level 1:colcon.colcon_core.package_identification:_identify(src/XRF2/XenoRosFramework/Xenomai/include) by extension 'ignore'
[1.165s] Level 1:colcon.colcon_core.package_identification:_identify(src/XRF2/XenoRosFramework/Xenomai/include) by extension 'ignore_ament_install'
[1.165s] Level 1:colcon.colcon_core.package_identification:_identify(src/XRF2/XenoRosFramework/Xenomai/include) by extensions ['colcon_pkg']
[1.165s] Level 1:colcon.colcon_core.package_identification:_identify(src/XRF2/XenoRosFramework/Xenomai/include) by extension 'colcon_pkg'
[1.166s] Level 1:colcon.colcon_core.package_identification:_identify(src/XRF2/XenoRosFramework/Xenomai/include) by extensions ['colcon_meta']
[1.166s] Level 1:colcon.colcon_core.package_identification:_identify(src/XRF2/XenoRosFramework/Xenomai/include) by extension 'colcon_meta'
[1.166s] Level 1:colcon.colcon_core.package_identification:_identify(src/XRF2/XenoRosFramework/Xenomai/include) by extensions ['ros']
[1.167s] Level 1:colcon.colcon_core.package_identification:_identify(src/XRF2/XenoRosFramework/Xenomai/include) by extension 'ros'
[1.167s] Level 1:colcon.colcon_core.package_identification:_identify(src/XRF2/XenoRosFramework/Xenomai/include) by extensions ['cmake', 'python']
[1.167s] Level 1:colcon.colcon_core.package_identification:_identify(src/XRF2/XenoRosFramework/Xenomai/include) by extension 'cmake'
[1.168s] Level 1:colcon.colcon_core.package_identification:_identify(src/XRF2/XenoRosFramework/Xenomai/include) by extension 'python'
[1.168s] Level 1:colcon.colcon_core.package_identification:_identify(src/XRF2/XenoRosFramework/Xenomai/include) by extensions ['python_setup_py']
[1.168s] Level 1:colcon.colcon_core.package_identification:_identify(src/XRF2/XenoRosFramework/Xenomai/include) by extension 'python_setup_py'
[1.169s] Level 1:colcon.colcon_core.package_identification:_identify(src/XRF2/XenoRosFramework/Xenomai/src) by extensions ['ignore', 'ignore_ament_install']
[1.170s] Level 1:colcon.colcon_core.package_identification:_identify(src/XRF2/XenoRosFramework/Xenomai/src) by extension 'ignore'
[1.170s] Level 1:colcon.colcon_core.package_identification:_identify(src/XRF2/XenoRosFramework/Xenomai/src) by extension 'ignore_ament_install'
[1.170s] Level 1:colcon.colcon_core.package_identification:_identify(src/XRF2/XenoRosFramework/Xenomai/src) by extensions ['colcon_pkg']
[1.171s] Level 1:colcon.colcon_core.package_identification:_identify(src/XRF2/XenoRosFramework/Xenomai/src) by extension 'colcon_pkg'
[1.171s] Level 1:colcon.colcon_core.package_identification:_identify(src/XRF2/XenoRosFramework/Xenomai/src) by extensions ['colcon_meta']
[1.171s] Level 1:colcon.colcon_core.package_identification:_identify(src/XRF2/XenoRosFramework/Xenomai/src) by extension 'colcon_meta'
[1.172s] Level 1:colcon.colcon_core.package_identification:_identify(src/XRF2/XenoRosFramework/Xenomai/src) by extensions ['ros']
[1.172s] Level 1:colcon.colcon_core.package_identification:_identify(src/XRF2/XenoRosFramework/Xenomai/src) by extension 'ros'
[1.172s] Level 1:colcon.colcon_core.package_identification:_identify(src/XRF2/XenoRosFramework/Xenomai/src) by extensions ['cmake', 'python']
[1.173s] Level 1:colcon.colcon_core.package_identification:_identify(src/XRF2/XenoRosFramework/Xenomai/src) by extension 'cmake'
[1.173s] Level 1:colcon.colcon_core.package_identification:_identify(src/XRF2/XenoRosFramework/Xenomai/src) by extension 'python'
[1.174s] Level 1:colcon.colcon_core.package_identification:_identify(src/XRF2/XenoRosFramework/Xenomai/src) by extensions ['python_setup_py']
[1.174s] Level 1:colcon.colcon_core.package_identification:_identify(src/XRF2/XenoRosFramework/Xenomai/src) by extension 'python_setup_py'
[1.174s] Level 1:colcon.colcon_core.package_identification:_identify(src/ball_tracker) by extensions ['ignore', 'ignore_ament_install']
[1.175s] Level 1:colcon.colcon_core.package_identification:_identify(src/ball_tracker) by extension 'ignore'
[1.175s] Level 1:colcon.colcon_core.package_identification:_identify(src/ball_tracker) by extension 'ignore_ament_install'
[1.176s] Level 1:colcon.colcon_core.package_identification:_identify(src/ball_tracker) by extensions ['colcon_pkg']
[1.176s] Level 1:colcon.colcon_core.package_identification:_identify(src/ball_tracker) by extension 'colcon_pkg'
[1.176s] Level 1:colcon.colcon_core.package_identification:_identify(src/ball_tracker) by extensions ['colcon_meta']
[1.177s] Level 1:colcon.colcon_core.package_identification:_identify(src/ball_tracker) by extension 'colcon_meta'
[1.177s] Level 1:colcon.colcon_core.package_identification:_identify(src/ball_tracker) by extensions ['ros']
[1.177s] Level 1:colcon.colcon_core.package_identification:_identify(src/ball_tracker) by extension 'ros'
[1.180s] DEBUG:colcon.colcon_core.package_identification:Package 'src/ball_tracker' with type 'ros.ament_cmake' and name 'ball_tracker'
[1.180s] Level 1:colcon.colcon_core.package_identification:_identify(src/cam2image_vm2ros) by extensions ['ignore', 'ignore_ament_install']
[1.181s] Level 1:colcon.colcon_core.package_identification:_identify(src/cam2image_vm2ros) by extension 'ignore'
[1.181s] Level 1:colcon.colcon_core.package_identification:_identify(src/cam2image_vm2ros) by extension 'ignore_ament_install'
[1.182s] Level 1:colcon.colcon_core.package_identification:_identify(src/cam2image_vm2ros) by extensions ['colcon_pkg']
[1.182s] Level 1:colcon.colcon_core.package_identification:_identify(src/cam2image_vm2ros) by extension 'colcon_pkg'
[1.182s] Level 1:colcon.colcon_core.package_identification:_identify(src/cam2image_vm2ros) by extensions ['colcon_meta']
[1.183s] Level 1:colcon.colcon_core.package_identification:_identify(src/cam2image_vm2ros) by extension 'colcon_meta'
[1.183s] Level 1:colcon.colcon_core.package_identification:_identify(src/cam2image_vm2ros) by extensions ['ros']
[1.183s] Level 1:colcon.colcon_core.package_identification:_identify(src/cam2image_vm2ros) by extension 'ros'
[1.186s] DEBUG:colcon.colcon_core.package_identification:Package 'src/cam2image_vm2ros' with type 'ros.ament_cmake' and name 'cam2image_vm2ros'
[1.187s] Level 1:colcon.colcon_core.package_identification:_identify(src/relbot_simulator) by extensions ['ignore', 'ignore_ament_install']
[1.187s] Level 1:colcon.colcon_core.package_identification:_identify(src/relbot_simulator) by extension 'ignore'
[1.188s] Level 1:colcon.colcon_core.package_identification:_identify(src/relbot_simulator) by extension 'ignore_ament_install'
[1.188s] Level 1:colcon.colcon_core.package_identification:_identify(src/relbot_simulator) by extensions ['colcon_pkg']
[1.189s] Level 1:colcon.colcon_core.package_identification:_identify(src/relbot_simulator) by extension 'colcon_pkg'
[1.189s] Level 1:colcon.colcon_core.package_identification:_identify(src/relbot_simulator) by extensions ['colcon_meta']
[1.189s] Level 1:colcon.colcon_core.package_identification:_identify(src/relbot_simulator) by extension 'colcon_meta'
[1.190s] Level 1:colcon.colcon_core.package_identification:_identify(src/relbot_simulator) by extensions ['ros']
[1.190s] Level 1:colcon.colcon_core.package_identification:_identify(src/relbot_simulator) by extension 'ros'
[1.193s] DEBUG:colcon.colcon_core.package_identification:Package 'src/relbot_simulator' with type 'ros.ament_cmake' and name 'relbot_simulator'
[1.194s] Level 1:colcon.colcon_core.package_identification:_identify(src/sequence_controller) by extensions ['ignore', 'ignore_ament_install']
[1.195s] Level 1:colcon.colcon_core.package_identification:_identify(src/sequence_controller) by extension 'ignore'
[1.195s] Level 1:colcon.colcon_core.package_identification:_identify(src/sequence_controller) by extension 'ignore_ament_install'
[1.196s] Level 1:colcon.colcon_core.package_identification:_identify(src/sequence_controller) by extensions ['colcon_pkg']
[1.196s] Level 1:colcon.colcon_core.package_identification:_identify(src/sequence_controller) by extension 'colcon_pkg'
[1.196s] Level 1:colcon.colcon_core.package_identification:_identify(src/sequence_controller) by extensions ['colcon_meta']
[1.197s] Level 1:colcon.colcon_core.package_identification:_identify(src/sequence_controller) by extension 'colcon_meta'
[1.197s] Level 1:colcon.colcon_core.package_identification:_identify(src/sequence_controller) by extensions ['ros']
[1.197s] Level 1:colcon.colcon_core.package_identification:_identify(src/sequence_controller) by extension 'ros'
[1.200s] DEBUG:colcon.colcon_core.package_identification:Package 'src/sequence_controller' with type 'ros.ament_cmake' and name 'sequence_controller'
[1.201s] Level 1:colcon.colcon_core.package_identification:_identify(src/xeno_loop) by extensions ['ignore', 'ignore_ament_install']
[1.202s] Level 1:colcon.colcon_core.package_identification:_identify(src/xeno_loop) by extension 'ignore'
[1.202s] Level 1:colcon.colcon_core.package_identification:_identify(src/xeno_loop) by extension 'ignore_ament_install'
[1.202s] Level 1:colcon.colcon_core.package_identification:_identify(src/xeno_loop) by extensions ['colcon_pkg']
[1.203s] Level 1:colcon.colcon_core.package_identification:_identify(src/xeno_loop) by extension 'colcon_pkg'
[1.203s] Level 1:colcon.colcon_core.package_identification:_identify(src/xeno_loop) by extensions ['colcon_meta']
[1.203s] Level 1:colcon.colcon_core.package_identification:_identify(src/xeno_loop) by extension 'colcon_meta'
[1.204s] Level 1:colcon.colcon_core.package_identification:_identify(src/xeno_loop) by extensions ['ros']
[1.204s] Level 1:colcon.colcon_core.package_identification:_identify(src/xeno_loop) by extension 'ros'
[1.204s] Level 1:colcon.colcon_core.package_identification:_identify(src/xeno_loop) by extensions ['cmake', 'python']
[1.205s] Level 1:colcon.colcon_core.package_identification:_identify(src/xeno_loop) by extension 'cmake'
[1.211s] Level 1:colcon.colcon_core.package_identification:_identify(src/xeno_loop) by extension 'python'
[1.211s] DEBUG:colcon.colcon_core.package_identification:Package 'src/xeno_loop' with type 'cmake' and name 'xeno_loop'
[1.213s] Level 1:colcon.colcon_core.package_identification:_identify(xrf2_logging) by extensions ['ignore', 'ignore_ament_install']
[1.213s] Level 1:colcon.colcon_core.package_identification:_identify(xrf2_logging) by extension 'ignore'
[1.214s] Level 1:colcon.colcon_core.package_identification:_identify(xrf2_logging) by extension 'ignore_ament_install'
[1.214s] Level 1:colcon.colcon_core.package_identification:_identify(xrf2_logging) by extensions ['colcon_pkg']
[1.214s] Level 1:colcon.colcon_core.package_identification:_identify(xrf2_logging) by extension 'colcon_pkg'
[1.214s] Level 1:colcon.colcon_core.package_identification:_identify(xrf2_logging) by extensions ['colcon_meta']
[1.215s] Level 1:colcon.colcon_core.package_identification:_identify(xrf2_logging) by extension 'colcon_meta'
[1.215s] Level 1:colcon.colcon_core.package_identification:_identify(xrf2_logging) by extensions ['ros']
[1.215s] Level 1:colcon.colcon_core.package_identification:_identify(xrf2_logging) by extension 'ros'
[1.216s] Level 1:colcon.colcon_core.package_identification:_identify(xrf2_logging) by extensions ['cmake', 'python']
[1.216s] Level 1:colcon.colcon_core.package_identification:_identify(xrf2_logging) by extension 'cmake'
[1.216s] Level 1:colcon.colcon_core.package_identification:_identify(xrf2_logging) by extension 'python'
[1.217s] Level 1:colcon.colcon_core.package_identification:_identify(xrf2_logging) by extensions ['python_setup_py']
[1.217s] Level 1:colcon.colcon_core.package_identification:_identify(xrf2_logging) by extension 'python_setup_py'
[1.218s] Level 1:colcon.colcon_core.package_discovery:discover_packages(recursive) using defaults
[1.218s] Level 1:colcon.colcon_core.package_discovery:discover_packages(ignore) discover
[1.218s] Level 1:colcon.colcon_core.package_discovery:discover_packages(ignore) using defaults
[1.219s] Level 1:colcon.colcon_core.package_discovery:discover_packages(path) discover
[1.219s] Level 1:colcon.colcon_core.package_discovery:discover_packages(path) using defaults
[1.329s] Level 1:colcon.colcon_core.package_discovery:discover_packages(prefix_path) check parameters
[1.329s] Level 1:colcon.colcon_core.package_discovery:discover_packages(prefix_path) discover
[1.333s] WARNING:colcon.colcon_ros.prefix_path.ament:The path '/home/asdfr-30/ASDfR_3/install/object_center' in the environment variable AMENT_PREFIX_PATH doesn't exist
[1.334s] WARNING:colcon.colcon_ros.prefix_path.ament:The path '/home/asdfr-30/ASDfR_3/install/brightness' in the environment variable AMENT_PREFIX_PATH doesn't exist
[1.335s] WARNING:colcon.colcon_ros.prefix_path.catkin:The path '/home/asdfr-30/ASDfR_3/install/object_center' in the environment variable CMAKE_PREFIX_PATH doesn't exist
[1.336s] WARNING:colcon.colcon_ros.prefix_path.catkin:The path '/home/asdfr-30/ASDfR_3/install/brightness' in the environment variable CMAKE_PREFIX_PATH doesn't exist
[1.339s] DEBUG:colcon.colcon_installed_package_information.package_discovery:Found 7 installed packages in /home/asdfr-30/ASDfR_3/install
[1.345s] DEBUG:colcon.colcon_installed_package_information.package_discovery:Found 271 installed packages in /opt/ros/humble
[1.351s] Level 1:colcon.colcon_core.package_discovery:discover_packages(prefix_path) using defaults
[1.491s] Level 5:colcon.colcon_core.verb:set package 'ball_tracker' build argument 'cmake_args' from command line to 'None'
[1.492s] Level 5:colcon.colcon_core.verb:set package 'ball_tracker' build argument 'cmake_target' from command line to 'None'
[1.492s] Level 5:colcon.colcon_core.verb:set package 'ball_tracker' build argument 'cmake_target_skip_unavailable' from command line to 'False'
[1.492s] Level 5:colcon.colcon_core.verb:set package 'ball_tracker' build argument 'cmake_clean_cache' from command line to 'False'
[1.492s] Level 5:colcon.colcon_core.verb:set package 'ball_tracker' build argument 'cmake_clean_first' from command line to 'False'
[1.493s] Level 5:colcon.colcon_core.verb:set package 'ball_tracker' build argument 'cmake_force_configure' from command line to 'False'
[1.493s] Level 5:colcon.colcon_core.verb:set package 'ball_tracker' build argument 'ament_cmake_args' from command line to 'None'
[1.493s] Level 5:colcon.colcon_core.verb:set package 'ball_tracker' build argument 'catkin_cmake_args' from command line to 'None'
[1.493s] Level 5:colcon.colcon_core.verb:set package 'ball_tracker' build argument 'catkin_skip_building_tests' from command line to 'False'
[1.494s] DEBUG:colcon.colcon_core.verb:Building package 'ball_tracker' with the following arguments: {'ament_cmake_args': None, 'build_base': '/home/asdfr-30/ASDfR_3/build/ball_tracker', 'catkin_cmake_args': None, 'catkin_skip_building_tests': False, 'cmake_args': None, 'cmake_clean_cache': False, 'cmake_clean_first': False, 'cmake_force_configure': False, 'cmake_target': None, 'cmake_target_skip_unavailable': False, 'install_base': '/home/asdfr-30/ASDfR_3/install/ball_tracker', 'merge_install': False, 'path': '/home/asdfr-30/ASDfR_3/src/ball_tracker', 'symlink_install': False, 'test_result_base': None}
[1.495s] Level 5:colcon.colcon_core.verb:set package 'cam2image_vm2ros' build argument 'cmake_args' from command line to 'None'
[1.496s] Level 5:colcon.colcon_core.verb:set package 'cam2image_vm2ros' build argument 'cmake_target' from command line to 'None'
[1.496s] Level 5:colcon.colcon_core.verb:set package 'cam2image_vm2ros' build argument 'cmake_target_skip_unavailable' from command line to 'False'
[1.496s] Level 5:colcon.colcon_core.verb:set package 'cam2image_vm2ros' build argument 'cmake_clean_cache' from command line to 'False'
[1.497s] Level 5:colcon.colcon_core.verb:set package 'cam2image_vm2ros' build argument 'cmake_clean_first' from command line to 'False'
[1.497s] Level 5:colcon.colcon_core.verb:set package 'cam2image_vm2ros' build argument 'cmake_force_configure' from command line to 'False'
[1.497s] Level 5:colcon.colcon_core.verb:set package 'cam2image_vm2ros' build argument 'ament_cmake_args' from command line to 'None'
[1.498s] Level 5:colcon.colcon_core.verb:set package 'cam2image_vm2ros' build argument 'catkin_cmake_args' from command line to 'None'
[1.498s] Level 5:colcon.colcon_core.verb:set package 'cam2image_vm2ros' build argument 'catkin_skip_building_tests' from command line to 'False'
[1.498s] DEBUG:colcon.colcon_core.verb:Building package 'cam2image_vm2ros' with the following arguments: {'ament_cmake_args': None, 'build_base': '/home/asdfr-30/ASDfR_3/build/cam2image_vm2ros', 'catkin_cmake_args': None, 'catkin_skip_building_tests': False, 'cmake_args': None, 'cmake_clean_cache': False, 'cmake_clean_first': False, 'cmake_force_configure': False, 'cmake_target': None, 'cmake_target_skip_unavailable': False, 'install_base': '/home/asdfr-30/ASDfR_3/install/cam2image_vm2ros', 'merge_install': False, 'path': '/home/asdfr-30/ASDfR_3/src/cam2image_vm2ros', 'symlink_install': False, 'test_result_base': None}
[1.500s] Level 5:colcon.colcon_core.verb:set package 'relbot_simulator' build argument 'cmake_args' from command line to 'None'
[1.500s] Level 5:colcon.colcon_core.verb:set package 'relbot_simulator' build argument 'cmake_target' from command line to 'None'
[1.500s] Level 5:colcon.colcon_core.verb:set package 'relbot_simulator' build argument 'cmake_target_skip_unavailable' from command line to 'False'
[1.500s] Level 5:colcon.colcon_core.verb:set package 'relbot_simulator' build argument 'cmake_clean_cache' from command line to 'False'
[1.501s] Level 5:colcon.colcon_core.verb:set package 'relbot_simulator' build argument 'cmake_clean_first' from command line to 'False'
[1.501s] Level 5:colcon.colcon_core.verb:set package 'relbot_simulator' build argument 'cmake_force_configure' from command line to 'False'
[1.501s] Level 5:colcon.colcon_core.verb:set package 'relbot_simulator' build argument 'ament_cmake_args' from command line to 'None'
[1.501s] Level 5:colcon.colcon_core.verb:set package 'relbot_simulator' build argument 'catkin_cmake_args' from command line to 'None'
[1.502s] Level 5:colcon.colcon_core.verb:set package 'relbot_simulator' build argument 'catkin_skip_building_tests' from command line to 'False'
[1.502s] DEBUG:colcon.colcon_core.verb:Building package 'relbot_simulator' with the following arguments: {'ament_cmake_args': None, 'build_base': '/home/asdfr-30/ASDfR_3/build/relbot_simulator', 'catkin_cmake_args': None, 'catkin_skip_building_tests': False, 'cmake_args': None, 'cmake_clean_cache': False, 'cmake_clean_first': False, 'cmake_force_configure': False, 'cmake_target': None, 'cmake_target_skip_unavailable': False, 'install_base': '/home/asdfr-30/ASDfR_3/install/relbot_simulator', 'merge_install': False, 'path': '/home/asdfr-30/ASDfR_3/src/relbot_simulator', 'symlink_install': False, 'test_result_base': None}
[1.504s] Level 5:colcon.colcon_core.verb:set package 'xrf2_msgs' build argument 'cmake_args' from command line to 'None'
[1.504s] Level 5:colcon.colcon_core.verb:set package 'xrf2_msgs' build argument 'cmake_target' from command line to 'None'
[1.504s] Level 5:colcon.colcon_core.verb:set package 'xrf2_msgs' build argument 'cmake_target_skip_unavailable' from command line to 'False'
[1.504s] Level 5:colcon.colcon_core.verb:set package 'xrf2_msgs' build argument 'cmake_clean_cache' from command line to 'False'
[1.505s] Level 5:colcon.colcon_core.verb:set package 'xrf2_msgs' build argument 'cmake_clean_first' from command line to 'False'
[1.505s] Level 5:colcon.colcon_core.verb:set package 'xrf2_msgs' build argument 'cmake_force_configure' from command line to 'False'
[1.505s] Level 5:colcon.colcon_core.verb:set package 'xrf2_msgs' build argument 'ament_cmake_args' from command line to 'None'
[1.506s] Level 5:colcon.colcon_core.verb:set package 'xrf2_msgs' build argument 'catkin_cmake_args' from command line to 'None'
[1.506s] Level 5:colcon.colcon_core.verb:set package 'xrf2_msgs' build argument 'catkin_skip_building_tests' from command line to 'False'
[1.506s] DEBUG:colcon.colcon_core.verb:Building package 'xrf2_msgs' with the following arguments: {'ament_cmake_args': None, 'build_base': '/home/asdfr-30/ASDfR_3/build/xrf2_msgs', 'catkin_cmake_args': None, 'catkin_skip_building_tests': False, 'cmake_args': None, 'cmake_clean_cache': False, 'cmake_clean_first': False, 'cmake_force_configure': False, 'cmake_target': None, 'cmake_target_skip_unavailable': False, 'install_base': '/home/asdfr-30/ASDfR_3/install/xrf2_msgs', 'merge_install': False, 'path': '/home/asdfr-30/ASDfR_3/src/XRF2/XenoRosFramework/Common/XRF2_msgs', 'symlink_install': False, 'test_result_base': None}
[1.508s] Level 5:colcon.colcon_core.verb:set package 'ros_xeno_bridge' build argument 'cmake_args' from command line to 'None'
[1.508s] Level 5:colcon.colcon_core.verb:set package 'ros_xeno_bridge' build argument 'cmake_target' from command line to 'None'
[1.508s] Level 5:colcon.colcon_core.verb:set package 'ros_xeno_bridge' build argument 'cmake_target_skip_unavailable' from command line to 'False'
[1.509s] Level 5:colcon.colcon_core.verb:set package 'ros_xeno_bridge' build argument 'cmake_clean_cache' from command line to 'False'
[1.509s] Level 5:colcon.colcon_core.verb:set package 'ros_xeno_bridge' build argument 'cmake_clean_first' from command line to 'False'
[1.509s] Level 5:colcon.colcon_core.verb:set package 'ros_xeno_bridge' build argument 'cmake_force_configure' from command line to 'False'
[1.509s] Level 5:colcon.colcon_core.verb:set package 'ros_xeno_bridge' build argument 'ament_cmake_args' from command line to 'None'
[1.510s] Level 5:colcon.colcon_core.verb:set package 'ros_xeno_bridge' build argument 'catkin_cmake_args' from command line to 'None'
[1.510s] Level 5:colcon.colcon_core.verb:set package 'ros_xeno_bridge' build argument 'catkin_skip_building_tests' from command line to 'False'
[1.510s] DEBUG:colcon.colcon_core.verb:Building package 'ros_xeno_bridge' with the following arguments: {'ament_cmake_args': None, 'build_base': '/home/asdfr-30/ASDfR_3/build/ros_xeno_bridge', 'catkin_cmake_args': None, 'catkin_skip_building_tests': False, 'cmake_args': None, 'cmake_clean_cache': False, 'cmake_clean_first': False, 'cmake_force_configure': False, 'cmake_target': None, 'cmake_target_skip_unavailable': False, 'install_base': '/home/asdfr-30/ASDfR_3/install/ros_xeno_bridge', 'merge_install': False, 'path': '/home/asdfr-30/ASDfR_3/src/XRF2/XenoRosFramework/Ros/ros_xeno_bridge', 'symlink_install': False, 'test_result_base': None}
[1.512s] Level 5:colcon.colcon_core.verb:set package 'sequence_controller' build argument 'cmake_args' from command line to 'None'
[1.512s] Level 5:colcon.colcon_core.verb:set package 'sequence_controller' build argument 'cmake_target' from command line to 'None'
[1.512s] Level 5:colcon.colcon_core.verb:set package 'sequence_controller' build argument 'cmake_target_skip_unavailable' from command line to 'False'
[1.512s] Level 5:colcon.colcon_core.verb:set package 'sequence_controller' build argument 'cmake_clean_cache' from command line to 'False'
[1.513s] Level 5:colcon.colcon_core.verb:set package 'sequence_controller' build argument 'cmake_clean_first' from command line to 'False'
[1.513s] Level 5:colcon.colcon_core.verb:set package 'sequence_controller' build argument 'cmake_force_configure' from command line to 'False'
[1.513s] Level 5:colcon.colcon_core.verb:set package 'sequence_controller' build argument 'ament_cmake_args' from command line to 'None'
[1.513s] Level 5:colcon.colcon_core.verb:set package 'sequence_controller' build argument 'catkin_cmake_args' from command line to 'None'
[1.514s] Level 5:colcon.colcon_core.verb:set package 'sequence_controller' build argument 'catkin_skip_building_tests' from command line to 'False'
[1.514s] DEBUG:colcon.colcon_core.verb:Building package 'sequence_controller' with the following arguments: {'ament_cmake_args': None, 'build_base': '/home/asdfr-30/ASDfR_3/build/sequence_controller', 'catkin_cmake_args': None, 'catkin_skip_building_tests': False, 'cmake_args': None, 'cmake_clean_cache': False, 'cmake_clean_first': False, 'cmake_force_configure': False, 'cmake_target': None, 'cmake_target_skip_unavailable': False, 'install_base': '/home/asdfr-30/ASDfR_3/install/sequence_controller', 'merge_install': False, 'path': '/home/asdfr-30/ASDfR_3/src/sequence_controller', 'symlink_install': False, 'test_result_base': None}
[1.516s] Level 5:colcon.colcon_core.verb:set package 'xeno_loop' build argument 'cmake_args' from command line to 'None'
[1.516s] Level 5:colcon.colcon_core.verb:set package 'xeno_loop' build argument 'cmake_target' from command line to 'None'
[1.516s] Level 5:colcon.colcon_core.verb:set package 'xeno_loop' build argument 'cmake_target_skip_unavailable' from command line to 'False'
[1.517s] Level 5:colcon.colcon_core.verb:set package 'xeno_loop' build argument 'cmake_clean_cache' from command line to 'False'
[1.517s] Level 5:colcon.colcon_core.verb:set package 'xeno_loop' build argument 'cmake_clean_first' from command line to 'False'
[1.517s] Level 5:colcon.colcon_core.verb:set package 'xeno_loop' build argument 'cmake_force_configure' from command line to 'False'
[1.518s] Level 5:colcon.colcon_core.verb:set package 'xeno_loop' build argument 'ament_cmake_args' from command line to 'None'
[1.518s] Level 5:colcon.colcon_core.verb:set package 'xeno_loop' build argument 'catkin_cmake_args' from command line to 'None'
[1.518s] Level 5:colcon.colcon_core.verb:set package 'xeno_loop' build argument 'catkin_skip_building_tests' from command line to 'False'
[1.518s] DEBUG:colcon.colcon_core.verb:Building package 'xeno_loop' with the following arguments: {'ament_cmake_args': None, 'build_base': '/home/asdfr-30/ASDfR_3/build/xeno_loop', 'catkin_cmake_args': None, 'catkin_skip_building_tests': False, 'cmake_args': None, 'cmake_clean_cache': False, 'cmake_clean_first': False, 'cmake_force_configure': False, 'cmake_target': None, 'cmake_target_skip_unavailable': False, 'install_base': '/home/asdfr-30/ASDfR_3/install/xeno_loop', 'merge_install': False, 'path': '/home/asdfr-30/ASDfR_3/src/xeno_loop', 'symlink_install': False, 'test_result_base': None}
[1.519s] INFO:colcon.colcon_core.executor:Executing jobs using 'parallel' executor
[1.523s] DEBUG:colcon.colcon_parallel_executor.executor.parallel:run_until_complete
[1.524s] INFO:colcon.colcon_ros.task.ament_cmake.build:Building ROS package in '/home/asdfr-30/ASDfR_3/src/XRF2/XenoRosFramework/Common/XRF2_msgs' with build type 'ament_cmake'
[1.524s] INFO:colcon.colcon_cmake.task.cmake.build:Building CMake package in '/home/asdfr-30/ASDfR_3/src/XRF2/XenoRosFramework/Common/XRF2_msgs'
[1.534s] INFO:colcon.colcon_core.plugin_system:Skipping extension 'colcon_core.shell.bat': Not used on non-Windows systems
[1.535s] INFO:colcon.colcon_core.shell:Skip shell extension 'powershell' for command environment: Not usable outside of PowerShell
[1.535s] DEBUG:colcon.colcon_core.shell:Skip shell extension 'dsv' for command environment
[1.549s] INFO:colcon.colcon_ros.task.ament_cmake.build:Building ROS package in '/home/asdfr-30/ASDfR_3/src/ball_tracker' with build type 'ament_cmake'
[1.550s] INFO:colcon.colcon_cmake.task.cmake.build:Building CMake package in '/home/asdfr-30/ASDfR_3/src/ball_tracker'
[1.552s] INFO:colcon.colcon_core.shell:Skip shell extension 'powershell' for command environment: Not usable outside of PowerShell
[1.552s] DEBUG:colcon.colcon_core.shell:Skip shell extension 'dsv' for command environment
[1.565s] INFO:colcon.colcon_ros.task.ament_cmake.build:Building ROS package in '/home/asdfr-30/ASDfR_3/src/cam2image_vm2ros' with build type 'ament_cmake'
[1.566s] INFO:colcon.colcon_cmake.task.cmake.build:Building CMake package in '/home/asdfr-30/ASDfR_3/src/cam2image_vm2ros'
[1.567s] INFO:colcon.colcon_core.shell:Skip shell extension 'powershell' for command environment: Not usable outside of PowerShell
[1.568s] DEBUG:colcon.colcon_core.shell:Skip shell extension 'dsv' for command environment
[1.604s] DEBUG:colcon.colcon_core.event_handler.log_command:Invoking command in '/home/asdfr-30/ASDfR_3/build/xrf2_msgs': CMAKE_PREFIX_PATH=${CMAKE_PREFIX_PATH}:/opt/ros/humble /usr/bin/cmake --build /home/asdfr-30/ASDfR_3/build/xrf2_msgs -- -j3 -l3
[1.618s] DEBUG:colcon.colcon_core.event_handler.log_command:Invoking command in '/home/asdfr-30/ASDfR_3/build/ball_tracker': CMAKE_PREFIX_PATH=${CMAKE_PREFIX_PATH}:/opt/ros/humble /usr/bin/cmake --build /home/asdfr-30/ASDfR_3/build/ball_tracker -- -j3 -l3
[1.645s] DEBUG:colcon.colcon_core.event_handler.log_command:Invoking command in '/home/asdfr-30/ASDfR_3/build/cam2image_vm2ros': CMAKE_PREFIX_PATH=${CMAKE_PREFIX_PATH}:/opt/ros/humble /usr/bin/cmake --build /home/asdfr-30/ASDfR_3/build/cam2image_vm2ros -- -j3 -l3
[1.964s] DEBUG:colcon.colcon_core.event_handler.log_command:Invoked command in '/home/asdfr-30/ASDfR_3/build/ball_tracker' returned '0': CMAKE_PREFIX_PATH=${CMAKE_PREFIX_PATH}:/opt/ros/humble /usr/bin/cmake --build /home/asdfr-30/ASDfR_3/build/ball_tracker -- -j3 -l3
[2.024s] DEBUG:colcon.colcon_core.event_handler.log_command:Invoking command in '/home/asdfr-30/ASDfR_3/build/ball_tracker': CMAKE_PREFIX_PATH=${CMAKE_PREFIX_PATH}:/opt/ros/humble /usr/bin/cmake --install /home/asdfr-30/ASDfR_3/build/ball_tracker
[2.070s] DEBUG:colcon.colcon_core.event_handler.log_command:Invoked command in '/home/asdfr-30/ASDfR_3/build/cam2image_vm2ros' returned '0': CMAKE_PREFIX_PATH=${CMAKE_PREFIX_PATH}:/opt/ros/humble /usr/bin/cmake --build /home/asdfr-30/ASDfR_3/build/cam2image_vm2ros -- -j3 -l3
[2.075s] DEBUG:colcon.colcon_core.event_handler.log_command:Invoking command in '/home/asdfr-30/ASDfR_3/build/cam2image_vm2ros': CMAKE_PREFIX_PATH=${CMAKE_PREFIX_PATH}:/opt/ros/humble /usr/bin/cmake --install /home/asdfr-30/ASDfR_3/build/cam2image_vm2ros
[2.128s] Level 1:colcon.colcon_core.environment:create_environment_scripts_only(ball_tracker)
[2.141s] Level 1:colcon.colcon_core.environment:checking '/home/asdfr-30/ASDfR_3/install/ball_tracker' for CMake module files
[2.165s] Level 1:colcon.colcon_core.environment:checking '/home/asdfr-30/ASDfR_3/install/ball_tracker' for CMake config files
[2.168s] Level 1:colcon.colcon_core.shell:create_environment_hook('ball_tracker', 'cmake_prefix_path')
[2.171s] INFO:colcon.colcon_core.shell:Creating environment hook '/home/asdfr-30/ASDfR_3/install/ball_tracker/share/ball_tracker/hook/cmake_prefix_path.ps1'
[2.190s] INFO:colcon.colcon_core.shell:Creating environment descriptor '/home/asdfr-30/ASDfR_3/install/ball_tracker/share/ball_tracker/hook/cmake_prefix_path.dsv'
[2.193s] INFO:colcon.colcon_core.shell:Creating environment hook '/home/asdfr-30/ASDfR_3/install/ball_tracker/share/ball_tracker/hook/cmake_prefix_path.sh'
[2.194s] DEBUG:colcon.colcon_core.event_handler.log_command:Invoked command in '/home/asdfr-30/ASDfR_3/build/ball_tracker' returned '0': CMAKE_PREFIX_PATH=${CMAKE_PREFIX_PATH}:/opt/ros/humble /usr/bin/cmake --install /home/asdfr-30/ASDfR_3/build/ball_tracker
[2.229s] Level 1:colcon.colcon_core.environment:checking '/home/asdfr-30/ASDfR_3/install/ball_tracker/lib'
[2.232s] Level 1:colcon.colcon_core.environment:checking '/home/asdfr-30/ASDfR_3/install/ball_tracker/bin'
[2.233s] Level 1:colcon.colcon_core.environment:checking '/home/asdfr-30/ASDfR_3/install/ball_tracker/lib/pkgconfig/ball_tracker.pc'
[2.235s] Level 1:colcon.colcon_core.environment:checking '/home/asdfr-30/ASDfR_3/install/ball_tracker/lib/python3.10/site-packages'
[2.236s] Level 1:colcon.colcon_core.environment:checking '/home/asdfr-30/ASDfR_3/install/ball_tracker/bin'
[2.238s] INFO:colcon.colcon_core.shell:Creating package script '/home/asdfr-30/ASDfR_3/install/ball_tracker/share/ball_tracker/package.ps1'
[2.259s] INFO:colcon.colcon_core.shell:Creating package descriptor '/home/asdfr-30/ASDfR_3/install/ball_tracker/share/ball_tracker/package.dsv'
[2.264s] INFO:colcon.colcon_core.shell:Creating package script '/home/asdfr-30/ASDfR_3/install/ball_tracker/share/ball_tracker/package.sh'
[2.270s] INFO:colcon.colcon_core.shell:Creating package script '/home/asdfr-30/ASDfR_3/install/ball_tracker/share/ball_tracker/package.bash'
[2.276s] INFO:colcon.colcon_core.shell:Creating package script '/home/asdfr-30/ASDfR_3/install/ball_tracker/share/ball_tracker/package.zsh'
[2.289s] Level 1:colcon.colcon_core.environment:create_file_with_runtime_dependencies(/home/asdfr-30/ASDfR_3/install/ball_tracker/share/colcon-core/packages/ball_tracker)
[2.294s] Level 1:colcon.colcon_core.environment:create_environment_scripts_only(ball_tracker)
[2.296s] Level 1:colcon.colcon_core.environment:checking '/home/asdfr-30/ASDfR_3/install/ball_tracker' for CMake module files
[2.307s] Level 1:colcon.colcon_core.environment:checking '/home/asdfr-30/ASDfR_3/install/ball_tracker' for CMake config files
[2.309s] Level 1:colcon.colcon_core.shell:create_environment_hook('ball_tracker', 'cmake_prefix_path')
[2.310s] INFO:colcon.colcon_core.shell:Creating environment hook '/home/asdfr-30/ASDfR_3/install/ball_tracker/share/ball_tracker/hook/cmake_prefix_path.ps1'
[2.315s] INFO:colcon.colcon_core.shell:Creating environment descriptor '/home/asdfr-30/ASDfR_3/install/ball_tracker/share/ball_tracker/hook/cmake_prefix_path.dsv'
[2.318s] INFO:colcon.colcon_core.shell:Creating environment hook '/home/asdfr-30/ASDfR_3/install/ball_tracker/share/ball_tracker/hook/cmake_prefix_path.sh'
[2.333s] Level 1:colcon.colcon_core.environment:checking '/home/asdfr-30/ASDfR_3/install/ball_tracker/lib'
[2.335s] Level 1:colcon.colcon_core.environment:checking '/home/asdfr-30/ASDfR_3/install/ball_tracker/bin'
[2.336s] Level 1:colcon.colcon_core.environment:checking '/home/asdfr-30/ASDfR_3/install/ball_tracker/lib/pkgconfig/ball_tracker.pc'
[2.338s] Level 1:colcon.colcon_core.environment:checking '/home/asdfr-30/ASDfR_3/install/ball_tracker/lib/python3.10/site-packages'
[2.339s] Level 1:colcon.colcon_core.environment:checking '/home/asdfr-30/ASDfR_3/install/ball_tracker/bin'
[2.341s] INFO:colcon.colcon_core.shell:Creating package script '/home/asdfr-30/ASDfR_3/install/ball_tracker/share/ball_tracker/package.ps1'
[2.344s] INFO:colcon.colcon_core.shell:Creating package descriptor '/home/asdfr-30/ASDfR_3/install/ball_tracker/share/ball_tracker/package.dsv'
[2.354s] INFO:colcon.colcon_core.shell:Creating package script '/home/asdfr-30/ASDfR_3/install/ball_tracker/share/ball_tracker/package.sh'
[2.357s] INFO:colcon.colcon_core.shell:Creating package script '/home/asdfr-30/ASDfR_3/install/ball_tracker/share/ball_tracker/package.bash'
[2.361s] INFO:colcon.colcon_core.shell:Creating package script '/home/asdfr-30/ASDfR_3/install/ball_tracker/share/ball_tracker/package.zsh'
[2.365s] Level 1:colcon.colcon_core.environment:create_file_with_runtime_dependencies(/home/asdfr-30/ASDfR_3/install/ball_tracker/share/colcon-core/packages/ball_tracker)
[2.370s] INFO:colcon.colcon_ros.task.ament_cmake.build:Building ROS package in '/home/asdfr-30/ASDfR_3/src/relbot_simulator' with build type 'ament_cmake'
[2.372s] INFO:colcon.colcon_cmake.task.cmake.build:Building CMake package in '/home/asdfr-30/ASDfR_3/src/relbot_simulator'
[2.374s] INFO:colcon.colcon_core.shell:Skip shell extension 'powershell' for command environment: Not usable outside of PowerShell
[2.374s] DEBUG:colcon.colcon_core.shell:Skip shell extension 'dsv' for command environment
[2.400s] Level 1:colcon.colcon_core.environment:create_environment_scripts_only(cam2image_vm2ros)
[2.401s] Level 1:colcon.colcon_core.environment:checking '/home/asdfr-30/ASDfR_3/install/cam2image_vm2ros' for CMake module files
[2.404s] DEBUG:colcon.colcon_core.event_handler.log_command:Invoked command in '/home/asdfr-30/ASDfR_3/build/cam2image_vm2ros' returned '0': CMAKE_PREFIX_PATH=${CMAKE_PREFIX_PATH}:/opt/ros/humble /usr/bin/cmake --install /home/asdfr-30/ASDfR_3/build/cam2image_vm2ros
[2.408s] Level 1:colcon.colcon_core.environment:checking '/home/asdfr-30/ASDfR_3/install/cam2image_vm2ros' for CMake config files
[2.410s] Level 1:colcon.colcon_core.shell:create_environment_hook('cam2image_vm2ros', 'cmake_prefix_path')
[2.412s] INFO:colcon.colcon_core.shell:Creating environment hook '/home/asdfr-30/ASDfR_3/install/cam2image_vm2ros/share/cam2image_vm2ros/hook/cmake_prefix_path.ps1'
[2.415s] INFO:colcon.colcon_core.shell:Creating environment descriptor '/home/asdfr-30/ASDfR_3/install/cam2image_vm2ros/share/cam2image_vm2ros/hook/cmake_prefix_path.dsv'
[2.419s] INFO:colcon.colcon_core.shell:Creating environment hook '/home/asdfr-30/ASDfR_3/install/cam2image_vm2ros/share/cam2image_vm2ros/hook/cmake_prefix_path.sh'
[2.423s] Level 1:colcon.colcon_core.environment:checking '/home/asdfr-30/ASDfR_3/install/cam2image_vm2ros/lib'
[2.424s] Level 1:colcon.colcon_core.shell:create_environment_hook('cam2image_vm2ros', 'ld_library_path_lib')
[2.426s] INFO:colcon.colcon_core.shell:Creating environment hook '/home/asdfr-30/ASDfR_3/install/cam2image_vm2ros/share/cam2image_vm2ros/hook/ld_library_path_lib.ps1'
[2.429s] INFO:colcon.colcon_core.shell:Creating environment descriptor '/home/asdfr-30/ASDfR_3/install/cam2image_vm2ros/share/cam2image_vm2ros/hook/ld_library_path_lib.dsv'
[2.432s] INFO:colcon.colcon_core.shell:Creating environment hook '/home/asdfr-30/ASDfR_3/install/cam2image_vm2ros/share/cam2image_vm2ros/hook/ld_library_path_lib.sh'
[2.435s] Level 1:colcon.colcon_core.environment:checking '/home/asdfr-30/ASDfR_3/install/cam2image_vm2ros/bin'
[2.436s] Level 1:colcon.colcon_core.environment:checking '/home/asdfr-30/ASDfR_3/install/cam2image_vm2ros/lib/pkgconfig/cam2image_vm2ros.pc'
[2.438s] Level 1:colcon.colcon_core.environment:checking '/home/asdfr-30/ASDfR_3/install/cam2image_vm2ros/lib/python3.10/site-packages'
[2.439s] Level 1:colcon.colcon_core.environment:checking '/home/asdfr-30/ASDfR_3/install/cam2image_vm2ros/bin'
[2.442s] INFO:colcon.colcon_core.shell:Creating package script '/home/asdfr-30/ASDfR_3/install/cam2image_vm2ros/share/cam2image_vm2ros/package.ps1'
[2.445s] INFO:colcon.colcon_core.shell:Creating package descriptor '/home/asdfr-30/ASDfR_3/install/cam2image_vm2ros/share/cam2image_vm2ros/package.dsv'
[2.448s] INFO:colcon.colcon_core.shell:Creating package script '/home/asdfr-30/ASDfR_3/install/cam2image_vm2ros/share/cam2image_vm2ros/package.sh'
[2.455s] INFO:colcon.colcon_core.shell:Creating package script '/home/asdfr-30/ASDfR_3/install/cam2image_vm2ros/share/cam2image_vm2ros/package.bash'
[2.458s] INFO:colcon.colcon_core.shell:Creating package script '/home/asdfr-30/ASDfR_3/install/cam2image_vm2ros/share/cam2image_vm2ros/package.zsh'
[2.461s] Level 1:colcon.colcon_core.environment:create_file_with_runtime_dependencies(/home/asdfr-30/ASDfR_3/install/cam2image_vm2ros/share/colcon-core/packages/cam2image_vm2ros)
[2.468s] Level 1:colcon.colcon_core.environment:create_environment_scripts_only(cam2image_vm2ros)
[2.470s] Level 1:colcon.colcon_core.environment:checking '/home/asdfr-30/ASDfR_3/install/cam2image_vm2ros' for CMake module files
[2.474s] Level 1:colcon.colcon_core.environment:checking '/home/asdfr-30/ASDfR_3/install/cam2image_vm2ros' for CMake config files
[2.477s] Level 1:colcon.colcon_core.shell:create_environment_hook('cam2image_vm2ros', 'cmake_prefix_path')
[2.478s] INFO:colcon.colcon_core.shell:Creating environment hook '/home/asdfr-30/ASDfR_3/install/cam2image_vm2ros/share/cam2image_vm2ros/hook/cmake_prefix_path.ps1'
[2.482s] INFO:colcon.colcon_core.shell:Creating environment descriptor '/home/asdfr-30/ASDfR_3/install/cam2image_vm2ros/share/cam2image_vm2ros/hook/cmake_prefix_path.dsv'
[2.485s] INFO:colcon.colcon_core.shell:Creating environment hook '/home/asdfr-30/ASDfR_3/install/cam2image_vm2ros/share/cam2image_vm2ros/hook/cmake_prefix_path.sh'
[2.489s] Level 1:colcon.colcon_core.environment:checking '/home/asdfr-30/ASDfR_3/install/cam2image_vm2ros/lib'
[2.490s] Level 1:colcon.colcon_core.shell:create_environment_hook('cam2image_vm2ros', 'ld_library_path_lib')
[2.492s] INFO:colcon.colcon_core.shell:Creating environment hook '/home/asdfr-30/ASDfR_3/install/cam2image_vm2ros/share/cam2image_vm2ros/hook/ld_library_path_lib.ps1'
[2.495s] INFO:colcon.colcon_core.shell:Creating environment descriptor '/home/asdfr-30/ASDfR_3/install/cam2image_vm2ros/share/cam2image_vm2ros/hook/ld_library_path_lib.dsv'
[2.498s] INFO:colcon.colcon_core.shell:Creating environment hook '/home/asdfr-30/ASDfR_3/install/cam2image_vm2ros/share/cam2image_vm2ros/hook/ld_library_path_lib.sh'
[2.502s] Level 1:colcon.colcon_core.environment:checking '/home/asdfr-30/ASDfR_3/install/cam2image_vm2ros/bin'
[2.502s] Level 1:colcon.colcon_core.environment:checking '/home/asdfr-30/ASDfR_3/install/cam2image_vm2ros/lib/pkgconfig/cam2image_vm2ros.pc'
[2.504s] Level 1:colcon.colcon_core.environment:checking '/home/asdfr-30/ASDfR_3/install/cam2image_vm2ros/lib/python3.10/site-packages'
[2.505s] Level 1:colcon.colcon_core.environment:checking '/home/asdfr-30/ASDfR_3/install/cam2image_vm2ros/bin'
[2.508s] INFO:colcon.colcon_core.shell:Creating package script '/home/asdfr-30/ASDfR_3/install/cam2image_vm2ros/share/cam2image_vm2ros/package.ps1'
[2.513s] INFO:colcon.colcon_core.shell:Creating package descriptor '/home/asdfr-30/ASDfR_3/install/cam2image_vm2ros/share/cam2image_vm2ros/package.dsv'
[2.516s] INFO:colcon.colcon_core.shell:Creating package script '/home/asdfr-30/ASDfR_3/install/cam2image_vm2ros/share/cam2image_vm2ros/package.sh'
[2.519s] INFO:colcon.colcon_core.shell:Creating package script '/home/asdfr-30/ASDfR_3/install/cam2image_vm2ros/share/cam2image_vm2ros/package.bash'
[2.524s] INFO:colcon.colcon_core.shell:Creating package script '/home/asdfr-30/ASDfR_3/install/cam2image_vm2ros/share/cam2image_vm2ros/package.zsh'
[2.527s] Level 1:colcon.colcon_core.environment:create_file_with_runtime_dependencies(/home/asdfr-30/ASDfR_3/install/cam2image_vm2ros/share/colcon-core/packages/cam2image_vm2ros)
[2.551s] DEBUG:colcon.colcon_core.event_handler.log_command:Invoking command in '/home/asdfr-30/ASDfR_3/build/relbot_simulator': CMAKE_PREFIX_PATH=${CMAKE_PREFIX_PATH}:/opt/ros/humble /usr/bin/cmake --build /home/asdfr-30/ASDfR_3/build/relbot_simulator -- -j3 -l3
[2.905s] DEBUG:colcon.colcon_core.event_handler.log_command:Invoked command in '/home/asdfr-30/ASDfR_3/build/relbot_simulator' returned '0': CMAKE_PREFIX_PATH=${CMAKE_PREFIX_PATH}:/opt/ros/humble /usr/bin/cmake --build /home/asdfr-30/ASDfR_3/build/relbot_simulator -- -j3 -l3
[2.911s] DEBUG:colcon.colcon_core.event_handler.log_command:Invoking command in '/home/asdfr-30/ASDfR_3/build/relbot_simulator': CMAKE_PREFIX_PATH=${CMAKE_PREFIX_PATH}:/opt/ros/humble /usr/bin/cmake --install /home/asdfr-30/ASDfR_3/build/relbot_simulator
[2.987s] Level 1:colcon.colcon_core.environment:create_environment_scripts_only(relbot_simulator)
[2.989s] Level 1:colcon.colcon_core.environment:checking '/home/asdfr-30/ASDfR_3/install/relbot_simulator' for CMake module files
[2.991s] Level 1:colcon.colcon_core.environment:checking '/home/asdfr-30/ASDfR_3/install/relbot_simulator' for CMake config files
[2.992s] Level 1:colcon.colcon_core.shell:create_environment_hook('relbot_simulator', 'cmake_prefix_path')
[2.994s] INFO:colcon.colcon_core.shell:Creating environment hook '/home/asdfr-30/ASDfR_3/install/relbot_simulator/share/relbot_simulator/hook/cmake_prefix_path.ps1'
[2.996s] INFO:colcon.colcon_core.shell:Creating environment descriptor '/home/asdfr-30/ASDfR_3/install/relbot_simulator/share/relbot_simulator/hook/cmake_prefix_path.dsv'
[2.999s] INFO:colcon.colcon_core.shell:Creating environment hook '/home/asdfr-30/ASDfR_3/install/relbot_simulator/share/relbot_simulator/hook/cmake_prefix_path.sh'
[3.003s] Level 1:colcon.colcon_core.environment:checking '/home/asdfr-30/ASDfR_3/install/relbot_simulator/lib'
[3.004s] Level 1:colcon.colcon_core.environment:checking '/home/asdfr-30/ASDfR_3/install/relbot_simulator/bin'
[3.005s] Level 1:colcon.colcon_core.environment:checking '/home/asdfr-30/ASDfR_3/install/relbot_simulator/lib/pkgconfig/relbot_simulator.pc'
[3.006s] Level 1:colcon.colcon_core.environment:checking '/home/asdfr-30/ASDfR_3/install/relbot_simulator/lib/python3.10/site-packages'
[3.008s] Level 1:colcon.colcon_core.environment:checking '/home/asdfr-30/ASDfR_3/install/relbot_simulator/bin'
[3.009s] INFO:colcon.colcon_core.shell:Creating package script '/home/asdfr-30/ASDfR_3/install/relbot_simulator/share/relbot_simulator/package.ps1'
[3.013s] INFO:colcon.colcon_core.shell:Creating package descriptor '/home/asdfr-30/ASDfR_3/install/relbot_simulator/share/relbot_simulator/package.dsv'
[3.016s] INFO:colcon.colcon_core.shell:Creating package script '/home/asdfr-30/ASDfR_3/install/relbot_simulator/share/relbot_simulator/package.sh'
[3.019s] INFO:colcon.colcon_core.shell:Creating package script '/home/asdfr-30/ASDfR_3/install/relbot_simulator/share/relbot_simulator/package.bash'
[3.022s] INFO:colcon.colcon_core.shell:Creating package script '/home/asdfr-30/ASDfR_3/install/relbot_simulator/share/relbot_simulator/package.zsh'
[3.025s] Level 1:colcon.colcon_core.environment:create_file_with_runtime_dependencies(/home/asdfr-30/ASDfR_3/install/relbot_simulator/share/colcon-core/packages/relbot_simulator)
[3.029s] Level 1:colcon.colcon_core.environment:create_environment_scripts_only(relbot_simulator)
[3.031s] Level 1:colcon.colcon_core.environment:checking '/home/asdfr-30/ASDfR_3/install/relbot_simulator' for CMake module files
[3.034s] Level 1:colcon.colcon_core.environment:checking '/home/asdfr-30/ASDfR_3/install/relbot_simulator' for CMake config files
[3.036s] Level 1:colcon.colcon_core.shell:create_environment_hook('relbot_simulator', 'cmake_prefix_path')
[3.037s] INFO:colcon.colcon_core.shell:Creating environment hook '/home/asdfr-30/ASDfR_3/install/relbot_simulator/share/relbot_simulator/hook/cmake_prefix_path.ps1'
[3.040s] INFO:colcon.colcon_core.shell:Creating environment descriptor '/home/asdfr-30/ASDfR_3/install/relbot_simulator/share/relbot_simulator/hook/cmake_prefix_path.dsv'
[3.043s] INFO:colcon.colcon_core.shell:Creating environment hook '/home/asdfr-30/ASDfR_3/install/relbot_simulator/share/relbot_simulator/hook/cmake_prefix_path.sh'
[3.048s] Level 1:colcon.colcon_core.environment:checking '/home/asdfr-30/ASDfR_3/install/relbot_simulator/lib'
[3.049s] Level 1:colcon.colcon_core.environment:checking '/home/asdfr-30/ASDfR_3/install/relbot_simulator/bin'
[3.049s] Level 1:colcon.colcon_core.environment:checking '/home/asdfr-30/ASDfR_3/install/relbot_simulator/lib/pkgconfig/relbot_simulator.pc'
[3.050s] Level 1:colcon.colcon_core.environment:checking '/home/asdfr-30/ASDfR_3/install/relbot_simulator/lib/python3.10/site-packages'
[3.052s] Level 1:colcon.colcon_core.environment:checking '/home/asdfr-30/ASDfR_3/install/relbot_simulator/bin'
[3.053s] INFO:colcon.colcon_core.shell:Creating package script '/home/asdfr-30/ASDfR_3/install/relbot_simulator/share/relbot_simulator/package.ps1'
[3.058s] INFO:colcon.colcon_core.shell:Creating package descriptor '/home/asdfr-30/ASDfR_3/install/relbot_simulator/share/relbot_simulator/package.dsv'
[3.061s] INFO:colcon.colcon_core.shell:Creating package script '/home/asdfr-30/ASDfR_3/install/relbot_simulator/share/relbot_simulator/package.sh'
[3.065s] INFO:colcon.colcon_core.shell:Creating package script '/home/asdfr-30/ASDfR_3/install/relbot_simulator/share/relbot_simulator/package.bash'
[3.070s] INFO:colcon.colcon_core.shell:Creating package script '/home/asdfr-30/ASDfR_3/install/relbot_simulator/share/relbot_simulator/package.zsh'
[3.073s] Level 1:colcon.colcon_core.environment:create_file_with_runtime_dependencies(/home/asdfr-30/ASDfR_3/install/relbot_simulator/share/colcon-core/packages/relbot_simulator)
[3.090s] DEBUG:colcon.colcon_core.event_handler.log_command:Invoked command in '/home/asdfr-30/ASDfR_3/build/relbot_simulator' returned '0': CMAKE_PREFIX_PATH=${CMAKE_PREFIX_PATH}:/opt/ros/humble /usr/bin/cmake --install /home/asdfr-30/ASDfR_3/build/relbot_simulator
[3.680s] DEBUG:colcon.colcon_core.event_handler.log_command:Invoked command in '/home/asdfr-30/ASDfR_3/build/xrf2_msgs' returned '0': CMAKE_PREFIX_PATH=${CMAKE_PREFIX_PATH}:/opt/ros/humble /usr/bin/cmake --build /home/asdfr-30/ASDfR_3/build/xrf2_msgs -- -j3 -l3
[3.686s] DEBUG:colcon.colcon_core.event_handler.log_command:Invoking command in '/home/asdfr-30/ASDfR_3/build/xrf2_msgs': CMAKE_PREFIX_PATH=${CMAKE_PREFIX_PATH}:/opt/ros/humble /usr/bin/cmake --install /home/asdfr-30/ASDfR_3/build/xrf2_msgs
[3.905s] Level 1:colcon.colcon_core.environment:create_environment_scripts_only(xrf2_msgs)
[3.906s] Level 1:colcon.colcon_core.environment:checking '/home/asdfr-30/ASDfR_3/install/xrf2_msgs' for CMake module files
[3.909s] Level 1:colcon.colcon_core.environment:checking '/home/asdfr-30/ASDfR_3/install/xrf2_msgs' for CMake config files
[3.913s] Level 1:colcon.colcon_core.shell:create_environment_hook('xrf2_msgs', 'cmake_prefix_path')
[3.914s] INFO:colcon.colcon_core.shell:Creating environment hook '/home/asdfr-30/ASDfR_3/install/xrf2_msgs/share/xrf2_msgs/hook/cmake_prefix_path.ps1'
[3.916s] INFO:colcon.colcon_core.shell:Creating environment descriptor '/home/asdfr-30/ASDfR_3/install/xrf2_msgs/share/xrf2_msgs/hook/cmake_prefix_path.dsv'
[3.919s] INFO:colcon.colcon_core.shell:Creating environment hook '/home/asdfr-30/ASDfR_3/install/xrf2_msgs/share/xrf2_msgs/hook/cmake_prefix_path.sh'
[3.922s] Level 1:colcon.colcon_core.environment:checking '/home/asdfr-30/ASDfR_3/install/xrf2_msgs/lib'
[3.923s] Level 1:colcon.colcon_core.shell:create_environment_hook('xrf2_msgs', 'ld_library_path_lib')
[3.924s] INFO:colcon.colcon_core.shell:Creating environment hook '/home/asdfr-30/ASDfR_3/install/xrf2_msgs/share/xrf2_msgs/hook/ld_library_path_lib.ps1'
[3.927s] INFO:colcon.colcon_core.shell:Creating environment descriptor '/home/asdfr-30/ASDfR_3/install/xrf2_msgs/share/xrf2_msgs/hook/ld_library_path_lib.dsv'
[3.930s] INFO:colcon.colcon_core.shell:Creating environment hook '/home/asdfr-30/ASDfR_3/install/xrf2_msgs/share/xrf2_msgs/hook/ld_library_path_lib.sh'
[3.932s] Level 1:colcon.colcon_core.environment:checking '/home/asdfr-30/ASDfR_3/install/xrf2_msgs/bin'
[3.933s] Level 1:colcon.colcon_core.environment:checking '/home/asdfr-30/ASDfR_3/install/xrf2_msgs/lib/pkgconfig/xrf2_msgs.pc'
[3.934s] Level 1:colcon.colcon_core.environment:checking '/home/asdfr-30/ASDfR_3/install/xrf2_msgs/lib/python3.10/site-packages'
[3.935s] Level 1:colcon.colcon_core.environment:checking '/home/asdfr-30/ASDfR_3/install/xrf2_msgs/bin'
[3.937s] INFO:colcon.colcon_core.shell:Creating package script '/home/asdfr-30/ASDfR_3/install/xrf2_msgs/share/xrf2_msgs/package.ps1'
[3.940s] INFO:colcon.colcon_core.shell:Creating package descriptor '/home/asdfr-30/ASDfR_3/install/xrf2_msgs/share/xrf2_msgs/package.dsv'
[3.944s] INFO:colcon.colcon_core.shell:Creating package script '/home/asdfr-30/ASDfR_3/install/xrf2_msgs/share/xrf2_msgs/package.sh'
[3.948s] INFO:colcon.colcon_core.shell:Creating package script '/home/asdfr-30/ASDfR_3/install/xrf2_msgs/share/xrf2_msgs/package.bash'
[3.951s] INFO:colcon.colcon_core.shell:Creating package script '/home/asdfr-30/ASDfR_3/install/xrf2_msgs/share/xrf2_msgs/package.zsh'
[3.954s] Level 1:colcon.colcon_core.environment:create_file_with_runtime_dependencies(/home/asdfr-30/ASDfR_3/install/xrf2_msgs/share/colcon-core/packages/xrf2_msgs)
[3.958s] Level 1:colcon.colcon_core.environment:create_environment_scripts_only(xrf2_msgs)
[3.959s] Level 1:colcon.colcon_core.environment:checking '/home/asdfr-30/ASDfR_3/install/xrf2_msgs' for CMake module files
[3.964s] Level 1:colcon.colcon_core.environment:checking '/home/asdfr-30/ASDfR_3/install/xrf2_msgs' for CMake config files
[3.967s] Level 1:colcon.colcon_core.shell:create_environment_hook('xrf2_msgs', 'cmake_prefix_path')
[3.969s] INFO:colcon.colcon_core.shell:Creating environment hook '/home/asdfr-30/ASDfR_3/install/xrf2_msgs/share/xrf2_msgs/hook/cmake_prefix_path.ps1'
[3.971s] INFO:colcon.colcon_core.shell:Creating environment descriptor '/home/asdfr-30/ASDfR_3/install/xrf2_msgs/share/xrf2_msgs/hook/cmake_prefix_path.dsv'
[3.974s] INFO:colcon.colcon_core.shell:Creating environment hook '/home/asdfr-30/ASDfR_3/install/xrf2_msgs/share/xrf2_msgs/hook/cmake_prefix_path.sh'
[3.978s] Level 1:colcon.colcon_core.environment:checking '/home/asdfr-30/ASDfR_3/install/xrf2_msgs/lib'
[3.979s] Level 1:colcon.colcon_core.shell:create_environment_hook('xrf2_msgs', 'ld_library_path_lib')
[3.980s] INFO:colcon.colcon_core.shell:Creating environment hook '/home/asdfr-30/ASDfR_3/install/xrf2_msgs/share/xrf2_msgs/hook/ld_library_path_lib.ps1'
[3.983s] INFO:colcon.colcon_core.shell:Creating environment descriptor '/home/asdfr-30/ASDfR_3/install/xrf2_msgs/share/xrf2_msgs/hook/ld_library_path_lib.dsv'
[3.985s] INFO:colcon.colcon_core.shell:Creating environment hook '/home/asdfr-30/ASDfR_3/install/xrf2_msgs/share/xrf2_msgs/hook/ld_library_path_lib.sh'
[3.990s] Level 1:colcon.colcon_core.environment:checking '/home/asdfr-30/ASDfR_3/install/xrf2_msgs/bin'
[3.990s] DEBUG:colcon.colcon_core.event_handler.log_command:Invoked command in '/home/asdfr-30/ASDfR_3/build/xrf2_msgs' returned '0': CMAKE_PREFIX_PATH=${CMAKE_PREFIX_PATH}:/opt/ros/humble /usr/bin/cmake --install /home/asdfr-30/ASDfR_3/build/xrf2_msgs
[3.990s] Level 1:colcon.colcon_core.environment:checking '/home/asdfr-30/ASDfR_3/install/xrf2_msgs/lib/pkgconfig/xrf2_msgs.pc'
[3.992s] Level 1:colcon.colcon_core.environment:checking '/home/asdfr-30/ASDfR_3/install/xrf2_msgs/lib/python3.10/site-packages'
[3.993s] Level 1:colcon.colcon_core.environment:checking '/home/asdfr-30/ASDfR_3/install/xrf2_msgs/bin'
[3.995s] INFO:colcon.colcon_core.shell:Creating package script '/home/asdfr-30/ASDfR_3/install/xrf2_msgs/share/xrf2_msgs/package.ps1'
[3.998s] INFO:colcon.colcon_core.shell:Creating package descriptor '/home/asdfr-30/ASDfR_3/install/xrf2_msgs/share/xrf2_msgs/package.dsv'
[4.000s] INFO:colcon.colcon_core.shell:Creating package script '/home/asdfr-30/ASDfR_3/install/xrf2_msgs/share/xrf2_msgs/package.sh'
[4.003s] INFO:colcon.colcon_core.shell:Creating package script '/home/asdfr-30/ASDfR_3/install/xrf2_msgs/share/xrf2_msgs/package.bash'
[4.005s] INFO:colcon.colcon_core.shell:Creating package script '/home/asdfr-30/ASDfR_3/install/xrf2_msgs/share/xrf2_msgs/package.zsh'
[4.007s] Level 1:colcon.colcon_core.environment:create_file_with_runtime_dependencies(/home/asdfr-30/ASDfR_3/install/xrf2_msgs/share/colcon-core/packages/xrf2_msgs)
[4.009s] INFO:colcon.colcon_ros.task.ament_cmake.build:Building ROS package in '/home/asdfr-30/ASDfR_3/src/XRF2/XenoRosFramework/Ros/ros_xeno_bridge' with build type 'ament_cmake'
[4.010s] INFO:colcon.colcon_cmake.task.cmake.build:Building CMake package in '/home/asdfr-30/ASDfR_3/src/XRF2/XenoRosFramework/Ros/ros_xeno_bridge'
[4.011s] INFO:colcon.colcon_core.shell:Skip shell extension 'powershell' for command environment: Not usable outside of PowerShell
[4.011s] DEBUG:colcon.colcon_core.shell:Skip shell extension 'dsv' for command environment
[4.025s] INFO:colcon.colcon_ros.task.ament_cmake.build:Building ROS package in '/home/asdfr-30/ASDfR_3/src/sequence_controller' with build type 'ament_cmake'
[4.026s] INFO:colcon.colcon_cmake.task.cmake.build:Building CMake package in '/home/asdfr-30/ASDfR_3/src/sequence_controller'
[4.027s] INFO:colcon.colcon_core.shell:Skip shell extension 'powershell' for command environment: Not usable outside of PowerShell
[4.028s] DEBUG:colcon.colcon_core.shell:Skip shell extension 'dsv' for command environment
[4.043s] INFO:colcon.colcon_cmake.task.cmake.build:Building CMake package in '/home/asdfr-30/ASDfR_3/src/xeno_loop'
[4.044s] INFO:colcon.colcon_core.shell:Skip shell extension 'powershell' for command environment: Not usable outside of PowerShell
[4.045s] DEBUG:colcon.colcon_core.shell:Skip shell extension 'dsv' for command environment
[4.078s] DEBUG:colcon.colcon_core.event_handler.log_command:Invoking command in '/home/asdfr-30/ASDfR_3/build/ros_xeno_bridge': CMAKE_PREFIX_PATH=/home/asdfr-30/ASDfR_3/install/xrf2_msgs:/home/asdfr-30/ASDfR_3/install/sequence_controller:/home/asdfr-30/ASDfR_3/install/ros_xeno_bridge:/home/asdfr-30/ASDfR_3/install/relbot_simulator:/home/asdfr-30/ASDfR_3/install/object_center:/home/asdfr-30/ASDfR_3/install/cam2image_vm2ros:/home/asdfr-30/ASDfR_3/install/brightness:/home/asdfr-30/ASDfR_3/install/ball_tracker:/opt/ros/humble /usr/bin/cmake --build /home/asdfr-30/ASDfR_3/build/ros_xeno_bridge -- -j3 -l3
[4.095s] DEBUG:colcon.colcon_core.event_handler.log_command:Invoking command in '/home/asdfr-30/ASDfR_3/build/sequence_controller': CMAKE_PREFIX_PATH=/home/asdfr-30/ASDfR_3/install/xrf2_msgs:/home/asdfr-30/ASDfR_3/install/sequence_controller:/home/asdfr-30/ASDfR_3/install/ros_xeno_bridge:/home/asdfr-30/ASDfR_3/install/relbot_simulator:/home/asdfr-30/ASDfR_3/install/object_center:/home/asdfr-30/ASDfR_3/install/cam2image_vm2ros:/home/asdfr-30/ASDfR_3/install/brightness:/home/asdfr-30/ASDfR_3/install/ball_tracker:/opt/ros/humble /usr/bin/cmake --build /home/asdfr-30/ASDfR_3/build/sequence_controller -- -j3 -l3
[4.117s] DEBUG:colcon.colcon_core.event_handler.log_command:Invoking command in '/home/asdfr-30/ASDfR_3/build/xeno_loop': CMAKE_PREFIX_PATH=/home/asdfr-30/ASDfR_3/install/xrf2_msgs:/home/asdfr-30/ASDfR_3/install/sequence_controller:/home/asdfr-30/ASDfR_3/install/ros_xeno_bridge:/home/asdfr-30/ASDfR_3/install/relbot_simulator:/home/asdfr-30/ASDfR_3/install/object_center:/home/asdfr-30/ASDfR_3/install/cam2image_vm2ros:/home/asdfr-30/ASDfR_3/install/brightness:/home/asdfr-30/ASDfR_3/install/ball_tracker /usr/bin/cmake --build /home/asdfr-30/ASDfR_3/build/xeno_loop -- -j3 -l3
[4.306s] DEBUG:colcon.colcon_core.event_handler.log_command:Invoked command in '/home/asdfr-30/ASDfR_3/build/ros_xeno_bridge' returned '0': CMAKE_PREFIX_PATH=/home/asdfr-30/ASDfR_3/install/xrf2_msgs:/home/asdfr-30/ASDfR_3/install/sequence_controller:/home/asdfr-30/ASDfR_3/install/ros_xeno_bridge:/home/asdfr-30/ASDfR_3/install/relbot_simulator:/home/asdfr-30/ASDfR_3/install/object_center:/home/asdfr-30/ASDfR_3/install/cam2image_vm2ros:/home/asdfr-30/ASDfR_3/install/brightness:/home/asdfr-30/ASDfR_3/install/ball_tracker:/opt/ros/humble /usr/bin/cmake --build /home/asdfr-30/ASDfR_3/build/ros_xeno_bridge -- -j3 -l3
[4.308s] DEBUG:colcon.colcon_core.event_handler.log_command:Invoking command in '/home/asdfr-30/ASDfR_3/build/ros_xeno_bridge': CMAKE_PREFIX_PATH=/home/asdfr-30/ASDfR_3/install/xrf2_msgs:/home/asdfr-30/ASDfR_3/install/sequence_controller:/home/asdfr-30/ASDfR_3/install/ros_xeno_bridge:/home/asdfr-30/ASDfR_3/install/relbot_simulator:/home/asdfr-30/ASDfR_3/install/object_center:/home/asdfr-30/ASDfR_3/install/cam2image_vm2ros:/home/asdfr-30/ASDfR_3/install/brightness:/home/asdfr-30/ASDfR_3/install/ball_tracker:/opt/ros/humble /usr/bin/cmake --install /home/asdfr-30/ASDfR_3/build/ros_xeno_bridge
[4.367s] Level 1:colcon.colcon_core.environment:create_environment_scripts_only(ros_xeno_bridge)
[4.368s] Level 1:colcon.colcon_core.environment:checking '/home/asdfr-30/ASDfR_3/install/ros_xeno_bridge' for CMake module files
[4.370s] Level 1:colcon.colcon_core.environment:checking '/home/asdfr-30/ASDfR_3/install/ros_xeno_bridge' for CMake config files
[4.372s] Level 1:colcon.colcon_core.shell:create_environment_hook('ros_xeno_bridge', 'cmake_prefix_path')
[4.373s] INFO:colcon.colcon_core.shell:Creating environment hook '/home/asdfr-30/ASDfR_3/install/ros_xeno_bridge/share/ros_xeno_bridge/hook/cmake_prefix_path.ps1'
[4.376s] INFO:colcon.colcon_core.shell:Creating environment descriptor '/home/asdfr-30/ASDfR_3/install/ros_xeno_bridge/share/ros_xeno_bridge/hook/cmake_prefix_path.dsv'
[4.382s] DEBUG:colcon.colcon_core.event_handler.log_command:Invoked command in '/home/asdfr-30/ASDfR_3/build/ros_xeno_bridge' returned '0': CMAKE_PREFIX_PATH=/home/asdfr-30/ASDfR_3/install/xrf2_msgs:/home/asdfr-30/ASDfR_3/install/sequence_controller:/home/asdfr-30/ASDfR_3/install/ros_xeno_bridge:/home/asdfr-30/ASDfR_3/install/relbot_simulator:/home/asdfr-30/ASDfR_3/install/object_center:/home/asdfr-30/ASDfR_3/install/cam2image_vm2ros:/home/asdfr-30/ASDfR_3/install/brightness:/home/asdfr-30/ASDfR_3/install/ball_tracker:/opt/ros/humble /usr/bin/cmake --install /home/asdfr-30/ASDfR_3/build/ros_xeno_bridge
[4.383s] INFO:colcon.colcon_core.shell:Creating environment hook '/home/asdfr-30/ASDfR_3/install/ros_xeno_bridge/share/ros_xeno_bridge/hook/cmake_prefix_path.sh'
[4.387s] Level 1:colcon.colcon_core.environment:checking '/home/asdfr-30/ASDfR_3/install/ros_xeno_bridge/lib'
[4.387s] Level 1:colcon.colcon_core.environment:checking '/home/asdfr-30/ASDfR_3/install/ros_xeno_bridge/bin'
[4.388s] Level 1:colcon.colcon_core.environment:checking '/home/asdfr-30/ASDfR_3/install/ros_xeno_bridge/lib/pkgconfig/ros_xeno_bridge.pc'
[4.390s] Level 1:colcon.colcon_core.environment:checking '/home/asdfr-30/ASDfR_3/install/ros_xeno_bridge/lib/python3.10/site-packages'
[4.392s] Level 1:colcon.colcon_core.environment:checking '/home/asdfr-30/ASDfR_3/install/ros_xeno_bridge/bin'
[4.394s] INFO:colcon.colcon_core.shell:Creating package script '/home/asdfr-30/ASDfR_3/install/ros_xeno_bridge/share/ros_xeno_bridge/package.ps1'
[4.397s] INFO:colcon.colcon_core.shell:Creating package descriptor '/home/asdfr-30/ASDfR_3/install/ros_xeno_bridge/share/ros_xeno_bridge/package.dsv'
[4.399s] INFO:colcon.colcon_core.shell:Creating package script '/home/asdfr-30/ASDfR_3/install/ros_xeno_bridge/share/ros_xeno_bridge/package.sh'
[4.402s] INFO:colcon.colcon_core.shell:Creating package script '/home/asdfr-30/ASDfR_3/install/ros_xeno_bridge/share/ros_xeno_bridge/package.bash'
[4.405s] INFO:colcon.colcon_core.shell:Creating package script '/home/asdfr-30/ASDfR_3/install/ros_xeno_bridge/share/ros_xeno_bridge/package.zsh'
[4.407s] Level 1:colcon.colcon_core.environment:create_file_with_runtime_dependencies(/home/asdfr-30/ASDfR_3/install/ros_xeno_bridge/share/colcon-core/packages/ros_xeno_bridge)
[4.410s] Level 1:colcon.colcon_core.environment:create_environment_scripts_only(ros_xeno_bridge)
[4.412s] Level 1:colcon.colcon_core.environment:checking '/home/asdfr-30/ASDfR_3/install/ros_xeno_bridge' for CMake module files
[4.414s] Level 1:colcon.colcon_core.environment:checking '/home/asdfr-30/ASDfR_3/install/ros_xeno_bridge' for CMake config files
[4.417s] Level 1:colcon.colcon_core.shell:create_environment_hook('ros_xeno_bridge', 'cmake_prefix_path')
[4.418s] INFO:colcon.colcon_core.shell:Creating environment hook '/home/asdfr-30/ASDfR_3/install/ros_xeno_bridge/share/ros_xeno_bridge/hook/cmake_prefix_path.ps1'
[4.421s] INFO:colcon.colcon_core.shell:Creating environment descriptor '/home/asdfr-30/ASDfR_3/install/ros_xeno_bridge/share/ros_xeno_bridge/hook/cmake_prefix_path.dsv'
[4.423s] INFO:colcon.colcon_core.shell:Creating environment hook '/home/asdfr-30/ASDfR_3/install/ros_xeno_bridge/share/ros_xeno_bridge/hook/cmake_prefix_path.sh'
[4.426s] Level 1:colcon.colcon_core.environment:checking '/home/asdfr-30/ASDfR_3/install/ros_xeno_bridge/lib'
[4.427s] Level 1:colcon.colcon_core.environment:checking '/home/asdfr-30/ASDfR_3/install/ros_xeno_bridge/bin'
[4.428s] Level 1:colcon.colcon_core.environment:checking '/home/asdfr-30/ASDfR_3/install/ros_xeno_bridge/lib/pkgconfig/ros_xeno_bridge.pc'
[4.429s] Level 1:colcon.colcon_core.environment:checking '/home/asdfr-30/ASDfR_3/install/ros_xeno_bridge/lib/python3.10/site-packages'
[4.431s] Level 1:colcon.colcon_core.environment:checking '/home/asdfr-30/ASDfR_3/install/ros_xeno_bridge/bin'
[4.432s] INFO:colcon.colcon_core.shell:Creating package script '/home/asdfr-30/ASDfR_3/install/ros_xeno_bridge/share/ros_xeno_bridge/package.ps1'
[4.435s] INFO:colcon.colcon_core.shell:Creating package descriptor '/home/asdfr-30/ASDfR_3/install/ros_xeno_bridge/share/ros_xeno_bridge/package.dsv'
[4.437s] INFO:colcon.colcon_core.shell:Creating package script '/home/asdfr-30/ASDfR_3/install/ros_xeno_bridge/share/ros_xeno_bridge/package.sh'
[4.440s] INFO:colcon.colcon_core.shell:Creating package script '/home/asdfr-30/ASDfR_3/install/ros_xeno_bridge/share/ros_xeno_bridge/package.bash'
[4.443s] INFO:colcon.colcon_core.shell:Creating package script '/home/asdfr-30/ASDfR_3/install/ros_xeno_bridge/share/ros_xeno_bridge/package.zsh'
[4.445s] Level 1:colcon.colcon_core.environment:create_file_with_runtime_dependencies(/home/asdfr-30/ASDfR_3/install/ros_xeno_bridge/share/colcon-core/packages/ros_xeno_bridge)
[4.517s] DEBUG:colcon.colcon_core.event_handler.log_command:Invoked command in '/home/asdfr-30/ASDfR_3/build/xeno_loop' returned '0': CMAKE_PREFIX_PATH=/home/asdfr-30/ASDfR_3/install/xrf2_msgs:/home/asdfr-30/ASDfR_3/install/sequence_controller:/home/asdfr-30/ASDfR_3/install/ros_xeno_bridge:/home/asdfr-30/ASDfR_3/install/relbot_simulator:/home/asdfr-30/ASDfR_3/install/object_center:/home/asdfr-30/ASDfR_3/install/cam2image_vm2ros:/home/asdfr-30/ASDfR_3/install/brightness:/home/asdfr-30/ASDfR_3/install/ball_tracker /usr/bin/cmake --build /home/asdfr-30/ASDfR_3/build/xeno_loop -- -j3 -l3
[4.515s] WARNING:colcon.colcon_cmake.task.cmake.build:Could not run installation step for package 'xeno_loop' because it has no 'install' target
[4.518s] Level 1:colcon.colcon_core.environment:create_environment_scripts_only(xeno_loop)
[4.520s] Level 1:colcon.colcon_core.environment:checking '/home/asdfr-30/ASDfR_3/install/xeno_loop' for CMake module files
[4.522s] Level 1:colcon.colcon_core.environment:checking '/home/asdfr-30/ASDfR_3/install/xeno_loop' for CMake config files
[4.523s] Level 1:colcon.colcon_core.environment:checking '/home/asdfr-30/ASDfR_3/install/xeno_loop/bin'
[4.524s] Level 1:colcon.colcon_core.environment:checking '/home/asdfr-30/ASDfR_3/install/xeno_loop/lib/pkgconfig/xeno_loop.pc'
[4.525s] Level 1:colcon.colcon_core.environment:checking '/home/asdfr-30/ASDfR_3/install/xeno_loop/lib/python3.10/site-packages'
[4.526s] Level 1:colcon.colcon_core.environment:checking '/home/asdfr-30/ASDfR_3/install/xeno_loop/bin'
[4.528s] INFO:colcon.colcon_core.shell:Creating package script '/home/asdfr-30/ASDfR_3/install/xeno_loop/share/xeno_loop/package.ps1'
[4.530s] INFO:colcon.colcon_core.shell:Creating package descriptor '/home/asdfr-30/ASDfR_3/install/xeno_loop/share/xeno_loop/package.dsv'
[4.532s] INFO:colcon.colcon_core.shell:Creating package script '/home/asdfr-30/ASDfR_3/install/xeno_loop/share/xeno_loop/package.sh'
[4.534s] INFO:colcon.colcon_core.shell:Creating package script '/home/asdfr-30/ASDfR_3/install/xeno_loop/share/xeno_loop/package.bash'
[4.536s] INFO:colcon.colcon_core.shell:Creating package script '/home/asdfr-30/ASDfR_3/install/xeno_loop/share/xeno_loop/package.zsh'
[4.538s] Level 1:colcon.colcon_core.environment:create_file_with_runtime_dependencies(/home/asdfr-30/ASDfR_3/install/xeno_loop/share/colcon-core/packages/xeno_loop)
[49.358s] DEBUG:colcon.colcon_core.event_handler.log_command:Invoked command in '/home/asdfr-30/ASDfR_3/build/sequence_controller' returned '0': CMAKE_PREFIX_PATH=/home/asdfr-30/ASDfR_3/install/xrf2_msgs:/home/asdfr-30/ASDfR_3/install/sequence_controller:/home/asdfr-30/ASDfR_3/install/ros_xeno_bridge:/home/asdfr-30/ASDfR_3/install/relbot_simulator:/home/asdfr-30/ASDfR_3/install/object_center:/home/asdfr-30/ASDfR_3/install/cam2image_vm2ros:/home/asdfr-30/ASDfR_3/install/brightness:/home/asdfr-30/ASDfR_3/install/ball_tracker:/opt/ros/humble /usr/bin/cmake --build /home/asdfr-30/ASDfR_3/build/sequence_controller -- -j3 -l3
[49.363s] DEBUG:colcon.colcon_core.event_handler.log_command:Invoking command in '/home/asdfr-30/ASDfR_3/build/sequence_controller': CMAKE_PREFIX_PATH=/home/asdfr-30/ASDfR_3/install/xrf2_msgs:/home/asdfr-30/ASDfR_3/install/sequence_controller:/home/asdfr-30/ASDfR_3/install/ros_xeno_bridge:/home/asdfr-30/ASDfR_3/install/relbot_simulator:/home/asdfr-30/ASDfR_3/install/object_center:/home/asdfr-30/ASDfR_3/install/cam2image_vm2ros:/home/asdfr-30/ASDfR_3/install/brightness:/home/asdfr-30/ASDfR_3/install/ball_tracker:/opt/ros/humble /usr/bin/cmake --install /home/asdfr-30/ASDfR_3/build/sequence_controller
[49.613s] Level 1:colcon.colcon_core.environment:create_environment_scripts_only(sequence_controller)
[49.614s] Level 1:colcon.colcon_core.environment:checking '/home/asdfr-30/ASDfR_3/install/sequence_controller' for CMake module files
[49.618s] Level 1:colcon.colcon_core.environment:checking '/home/asdfr-30/ASDfR_3/install/sequence_controller' for CMake config files
[49.621s] Level 1:colcon.colcon_core.shell:create_environment_hook('sequence_controller', 'cmake_prefix_path')
[49.622s] INFO:colcon.colcon_core.shell:Creating environment hook '/home/asdfr-30/ASDfR_3/install/sequence_controller/share/sequence_controller/hook/cmake_prefix_path.ps1'
[49.624s] INFO:colcon.colcon_core.shell:Creating environment descriptor '/home/asdfr-30/ASDfR_3/install/sequence_controller/share/sequence_controller/hook/cmake_prefix_path.dsv'
[49.627s] INFO:colcon.colcon_core.shell:Creating environment hook '/home/asdfr-30/ASDfR_3/install/sequence_controller/share/sequence_controller/hook/cmake_prefix_path.sh'
[49.630s] Level 1:colcon.colcon_core.environment:checking '/home/asdfr-30/ASDfR_3/install/sequence_controller/lib'
[49.631s] Level 1:colcon.colcon_core.environment:checking '/home/asdfr-30/ASDfR_3/install/sequence_controller/bin'
[49.632s] Level 1:colcon.colcon_core.environment:checking '/home/asdfr-30/ASDfR_3/install/sequence_controller/lib/pkgconfig/sequence_controller.pc'
[49.633s] Level 1:colcon.colcon_core.environment:checking '/home/asdfr-30/ASDfR_3/install/sequence_controller/lib/python3.10/site-packages'
[49.634s] Level 1:colcon.colcon_core.environment:checking '/home/asdfr-30/ASDfR_3/install/sequence_controller/bin'
[49.636s] INFO:colcon.colcon_core.shell:Creating package script '/home/asdfr-30/ASDfR_3/install/sequence_controller/share/sequence_controller/package.ps1'
[49.639s] INFO:colcon.colcon_core.shell:Creating package descriptor '/home/asdfr-30/ASDfR_3/install/sequence_controller/share/sequence_controller/package.dsv'
[49.641s] INFO:colcon.colcon_core.shell:Creating package script '/home/asdfr-30/ASDfR_3/install/sequence_controller/share/sequence_controller/package.sh'
[49.643s] INFO:colcon.colcon_core.shell:Creating package script '/home/asdfr-30/ASDfR_3/install/sequence_controller/share/sequence_controller/package.bash'
[49.646s] INFO:colcon.colcon_core.shell:Creating package script '/home/asdfr-30/ASDfR_3/install/sequence_controller/share/sequence_controller/package.zsh'
[49.648s] Level 1:colcon.colcon_core.environment:create_file_with_runtime_dependencies(/home/asdfr-30/ASDfR_3/install/sequence_controller/share/colcon-core/packages/sequence_controller)
[49.649s] DEBUG:colcon.colcon_core.event_handler.log_command:Invoked command in '/home/asdfr-30/ASDfR_3/build/sequence_controller' returned '0': CMAKE_PREFIX_PATH=/home/asdfr-30/ASDfR_3/install/xrf2_msgs:/home/asdfr-30/ASDfR_3/install/sequence_controller:/home/asdfr-30/ASDfR_3/install/ros_xeno_bridge:/home/asdfr-30/ASDfR_3/install/relbot_simulator:/home/asdfr-30/ASDfR_3/install/object_center:/home/asdfr-30/ASDfR_3/install/cam2image_vm2ros:/home/asdfr-30/ASDfR_3/install/brightness:/home/asdfr-30/ASDfR_3/install/ball_tracker:/opt/ros/humble /usr/bin/cmake --install /home/asdfr-30/ASDfR_3/build/sequence_controller
[49.652s] Level 1:colcon.colcon_core.environment:create_environment_scripts_only(sequence_controller)
[49.653s] Level 1:colcon.colcon_core.environment:checking '/home/asdfr-30/ASDfR_3/install/sequence_controller' for CMake module files
[49.655s] Level 1:colcon.colcon_core.environment:checking '/home/asdfr-30/ASDfR_3/install/sequence_controller' for CMake config files
[49.657s] Level 1:colcon.colcon_core.shell:create_environment_hook('sequence_controller', 'cmake_prefix_path')
[49.658s] INFO:colcon.colcon_core.shell:Creating environment hook '/home/asdfr-30/ASDfR_3/install/sequence_controller/share/sequence_controller/hook/cmake_prefix_path.ps1'
[49.660s] INFO:colcon.colcon_core.shell:Creating environment descriptor '/home/asdfr-30/ASDfR_3/install/sequence_controller/share/sequence_controller/hook/cmake_prefix_path.dsv'
[49.662s] INFO:colcon.colcon_core.shell:Creating environment hook '/home/asdfr-30/ASDfR_3/install/sequence_controller/share/sequence_controller/hook/cmake_prefix_path.sh'
[49.666s] Level 1:colcon.colcon_core.environment:checking '/home/asdfr-30/ASDfR_3/install/sequence_controller/lib'
[49.666s] Level 1:colcon.colcon_core.environment:checking '/home/asdfr-30/ASDfR_3/install/sequence_controller/bin'
[49.667s] Level 1:colcon.colcon_core.environment:checking '/home/asdfr-30/ASDfR_3/install/sequence_controller/lib/pkgconfig/sequence_controller.pc'
[49.668s] Level 1:colcon.colcon_core.environment:checking '/home/asdfr-30/ASDfR_3/install/sequence_controller/lib/python3.10/site-packages'
[49.669s] Level 1:colcon.colcon_core.environment:checking '/home/asdfr-30/ASDfR_3/install/sequence_controller/bin'
[49.670s] INFO:colcon.colcon_core.shell:Creating package script '/home/asdfr-30/ASDfR_3/install/sequence_controller/share/sequence_controller/package.ps1'
[49.673s] INFO:colcon.colcon_core.shell:Creating package descriptor '/home/asdfr-30/ASDfR_3/install/sequence_controller/share/sequence_controller/package.dsv'
[49.675s] INFO:colcon.colcon_core.shell:Creating package script '/home/asdfr-30/ASDfR_3/install/sequence_controller/share/sequence_controller/package.sh'
[49.677s] INFO:colcon.colcon_core.shell:Creating package script '/home/asdfr-30/ASDfR_3/install/sequence_controller/share/sequence_controller/package.bash'
[49.679s] INFO:colcon.colcon_core.shell:Creating package script '/home/asdfr-30/ASDfR_3/install/sequence_controller/share/sequence_controller/package.zsh'
[49.682s] Level 1:colcon.colcon_core.environment:create_file_with_runtime_dependencies(/home/asdfr-30/ASDfR_3/install/sequence_controller/share/colcon-core/packages/sequence_controller)
[49.683s] DEBUG:colcon.colcon_parallel_executor.executor.parallel:closing loop
[49.684s] DEBUG:colcon.colcon_parallel_executor.executor.parallel:loop closed
[49.685s] DEBUG:colcon.colcon_parallel_executor.executor.parallel:run_until_complete finished with '0'
[49.686s] DEBUG:colcon.colcon_core.event_reactor:joining thread
[49.705s] INFO:colcon.colcon_core.plugin_system:Skipping extension 'colcon_notification.desktop_notification.notify_send': Could not find 'notify-send'
[49.706s] INFO:colcon.colcon_core.plugin_system:Skipping extension 'colcon_notification.desktop_notification.terminal_notifier': Not used on non-Darwin systems
[49.706s] INFO:colcon.colcon_core.plugin_system:Skipping extension 'colcon_notification.desktop_notification.win32': Not used on non-Windows systems
[49.706s] INFO:colcon.colcon_notification.desktop_notification:Sending desktop notification using 'notify2'
[49.708s] DEBUG:colcon.colcon_notification.desktop_notification.notify2:Failed to initialize notify2: org.freedesktop.DBus.Error.ServiceUnknown: The name org.freedesktop.Notifications was not provided by any .service files
[49.709s] DEBUG:colcon.colcon_core.event_reactor:joined thread
[49.710s] INFO:colcon.colcon_core.shell:Creating prefix script '/home/asdfr-30/ASDfR_3/install/local_setup.ps1'
[49.715s] INFO:colcon.colcon_core.shell:Creating prefix util module '/home/asdfr-30/ASDfR_3/install/_local_setup_util_ps1.py'
[49.722s] INFO:colcon.colcon_core.shell:Creating prefix chain script '/home/asdfr-30/ASDfR_3/install/setup.ps1'
[49.728s] INFO:colcon.colcon_core.shell:Creating prefix script '/home/asdfr-30/ASDfR_3/install/local_setup.sh'
[49.731s] INFO:colcon.colcon_core.shell:Creating prefix util module '/home/asdfr-30/ASDfR_3/install/_local_setup_util_sh.py'
[49.734s] INFO:colcon.colcon_core.shell:Creating prefix chain script '/home/asdfr-30/ASDfR_3/install/setup.sh'
[49.739s] INFO:colcon.colcon_core.shell:Creating prefix script '/home/asdfr-30/ASDfR_3/install/local_setup.bash'
[49.742s] INFO:colcon.colcon_core.shell:Creating prefix chain script '/home/asdfr-30/ASDfR_3/install/setup.bash'
[49.747s] INFO:colcon.colcon_core.shell:Creating prefix script '/home/asdfr-30/ASDfR_3/install/local_setup.zsh'
[49.750s] INFO:colcon.colcon_core.shell:Creating prefix chain script '/home/asdfr-30/ASDfR_3/install/setup.zsh'
