[0.000000] (-) TimerEvent: {}
[0.001861] (ball_tracker) JobQueued: {'identifier': 'ball_tracker', 'dependencies': OrderedDict()}
[0.002494] (cam2image_vm2ros) JobQueued: {'identifier': 'cam2image_vm2ros', 'dependencies': OrderedDict()}
[0.003045] (relbot_simulator) JobQueued: {'identifier': 'relbot_simulator', 'dependencies': OrderedDict()}
[0.003394] (xrf2_msgs) JobQueued: {'identifier': 'xrf2_msgs', 'dependencies': OrderedDict()}
[0.003646] (ros_xeno_bridge) JobQueued: {'identifier': 'ros_xeno_bridge', 'dependencies': OrderedDict([('xrf2_msgs', '/home/asdfr-30/ASDfR_3/install/xrf2_msgs')])}
[0.003961] (sequence_controller) JobQueued: {'identifier': 'sequence_controller', 'dependencies': OrderedDict([('xrf2_msgs', '/home/asdfr-30/ASDfR_3/install/xrf2_msgs')])}
[0.004282] (xeno_loop) JobQueued: {'identifier': 'xeno_loop', 'dependencies': OrderedDict([('xrf2_msgs', '/home/asdfr-30/ASDfR_3/install/xrf2_msgs')])}
[0.004560] (xrf2_msgs) JobStarted: {'identifier': 'xrf2_msgs'}
[0.026911] (ball_tracker) JobStarted: {'identifier': 'ball_tracker'}
[0.043386] (cam2image_vm2ros) JobStarted: {'identifier': 'cam2image_vm2ros'}
[0.064867] (xrf2_msgs) JobProgress: {'identifier': 'xrf2_msgs', 'progress': 'cmake'}
[0.067542] (xrf2_msgs) JobProgress: {'identifier': 'xrf2_msgs', 'progress': 'build'}
[0.069903] (xrf2_msgs) Command: {'cmd': ['/usr/bin/cmake', '--build', '/home/asdfr-30/ASDfR_3/build/xrf2_msgs', '--', '-j3', '-l3'], 'cwd': '/home/asdfr-30/ASDfR_3/build/xrf2_msgs', 'env': OrderedDict([('LESSOPEN', '| /usr/bin/lesspipe %s'), ('USER', 'asdfr-30'), ('SSH_CLIENT', '10.0.100.50 62304 22'), ('XDG_SESSION_TYPE', 'tty'), ('GIT_ASKPASS', '/home/asdfr-30/.vscode-server/cli/servers/Stable-4949701c880d4bdb949e3c0e6b400288da7f474b/server/extensions/git/dist/askpass.sh'), ('SHLVL', '1'), ('LD_LIBRARY_PATH', '/home/asdfr-30/ASDfR_3/install/xrf2_msgs/lib:/home/asdfr-30/ASDfR_3/install/cam2image_vm2ros/lib:/opt/ros/humble/opt/rviz_ogre_vendor/lib:/opt/ros/humble/lib/aarch64-linux-gnu:/opt/ros/humble/lib'), ('BROWSER', '/home/asdfr-30/.vscode-server/cli/servers/Stable-4949701c880d4bdb949e3c0e6b400288da7f474b/server/bin/helpers/browser.sh'), ('MOTD_SHOWN', 'pam'), ('HOME', '/home/asdfr-30'), ('TERM_PROGRAM_VERSION', '1.99.2'), ('VSCODE_IPC_HOOK_CLI', '/run/user/1030/vscode-ipc-15d83552-a65e-4ba7-8c2a-88ddf5a16074.sock'), ('ROS_PYTHON_VERSION', '3'), ('VSCODE_GIT_ASKPASS_MAIN', '/home/asdfr-30/.vscode-server/cli/servers/Stable-4949701c880d4bdb949e3c0e6b400288da7f474b/server/extensions/git/dist/askpass-main.js'), ('VSCODE_GIT_ASKPASS_NODE', '/home/asdfr-30/.vscode-server/cli/servers/Stable-4949701c880d4bdb949e3c0e6b400288da7f474b/server/node'), ('SSL_CERT_FILE', '/usr/lib/ssl/certs/ca-certificates.crt'), ('DBUS_SESSION_BUS_ADDRESS', 'unix:path=/run/user/1030/bus'), ('COLORTERM', 'truecolor'), ('COLCON_PREFIX_PATH', '/home/asdfr-30/ASDfR_3/install'), ('ROS_DISTRO', 'humble'), ('LOGNAME', 'asdfr-30'), ('_', '/usr/bin/colcon'), ('ROS_VERSION', '2'), ('XDG_SESSION_CLASS', 'user'), ('TERM', 'xterm-256color'), ('XDG_SESSION_ID', '6'), ('ROS_LOCALHOST_ONLY', '1'), ('PATH', '/home/asdfr-30/.vscode-server/cli/servers/Stable-4949701c880d4bdb949e3c0e6b400288da7f474b/server/bin/remote-cli:/opt/ros/humble/bin:/usr/local/sbin:/usr/local/bin:/usr/sbin:/usr/bin:/sbin:/bin:/usr/games:/usr/local/games:/snap/bin:/usr/evl/bin:/opt/relbot-software/bin:/home/asdfr-30/.vscode-server/data/User/globalStorage/github.copilot-chat/debugCommand:/usr/evl/bin:/opt/relbot-software/bin'), ('XDG_RUNTIME_DIR', '/run/user/1030'), ('SSL_CERT_DIR', '/usr/lib/ssl/certs'), ('LANG', 'C.UTF-8'), ('LS_COLORS', 'rs=0:di=01;34:ln=01;36:mh=00:pi=40;33:so=01;35:do=01;35:bd=40;33;01:cd=40;33;01:or=40;31;01:mi=00:su=37;41:sg=30;43:ca=30;41:tw=30;42:ow=34;42:st=37;44:ex=01;32:*.tar=01;31:*.tgz=01;31:*.arc=01;31:*.arj=01;31:*.taz=01;31:*.lha=01;31:*.lz4=01;31:*.lzh=01;31:*.lzma=01;31:*.tlz=01;31:*.txz=01;31:*.tzo=01;31:*.t7z=01;31:*.zip=01;31:*.z=01;31:*.dz=01;31:*.gz=01;31:*.lrz=01;31:*.lz=01;31:*.lzo=01;31:*.xz=01;31:*.zst=01;31:*.tzst=01;31:*.bz2=01;31:*.bz=01;31:*.tbz=01;31:*.tbz2=01;31:*.tz=01;31:*.deb=01;31:*.rpm=01;31:*.jar=01;31:*.war=01;31:*.ear=01;31:*.sar=01;31:*.rar=01;31:*.alz=01;31:*.ace=01;31:*.zoo=01;31:*.cpio=01;31:*.7z=01;31:*.rz=01;31:*.cab=01;31:*.wim=01;31:*.swm=01;31:*.dwm=01;31:*.esd=01;31:*.jpg=01;35:*.jpeg=01;35:*.mjpg=01;35:*.mjpeg=01;35:*.gif=01;35:*.bmp=01;35:*.pbm=01;35:*.pgm=01;35:*.ppm=01;35:*.tga=01;35:*.xbm=01;35:*.xpm=01;35:*.tif=01;35:*.tiff=01;35:*.png=01;35:*.svg=01;35:*.svgz=01;35:*.mng=01;35:*.pcx=01;35:*.mov=01;35:*.mpg=01;35:*.mpeg=01;35:*.m2v=01;35:*.mkv=01;35:*.webm=01;35:*.webp=01;35:*.ogm=01;35:*.mp4=01;35:*.m4v=01;35:*.mp4v=01;35:*.vob=01;35:*.qt=01;35:*.nuv=01;35:*.wmv=01;35:*.asf=01;35:*.rm=01;35:*.rmvb=01;35:*.flc=01;35:*.avi=01;35:*.fli=01;35:*.flv=01;35:*.gl=01;35:*.dl=01;35:*.xcf=01;35:*.xwd=01;35:*.yuv=01;35:*.cgm=01;35:*.emf=01;35:*.ogv=01;35:*.ogx=01;35:*.aac=00;36:*.au=00;36:*.flac=00;36:*.m4a=00;36:*.mid=00;36:*.midi=00;36:*.mka=00;36:*.mp3=00;36:*.mpc=00;36:*.ogg=00;36:*.ra=00;36:*.wav=00;36:*.oga=00;36:*.opus=00;36:*.spx=00;36:*.xspf=00;36:'), ('VSCODE_GIT_IPC_HANDLE', '/run/user/1030/vscode-git-34f5e41956.sock'), ('TERM_PROGRAM', 'vscode'), ('AMENT_PREFIX_PATH', '/home/asdfr-30/ASDfR_3/install/sequence_controller:/home/asdfr-30/ASDfR_3/install/ros_xeno_bridge:/home/asdfr-30/ASDfR_3/install/xrf2_msgs:/home/asdfr-30/ASDfR_3/install/relbot_simulator:/home/asdfr-30/ASDfR_3/install/cam2image_vm2ros:/home/asdfr-30/ASDfR_3/install/ball_tracker:/opt/ros/humble'), ('SHELL', '/bin/bash'), ('LESSCLOSE', '/usr/bin/lesspipe %s %s'), ('VSCODE_GIT_ASKPASS_EXTRA_ARGS', ''), ('PWD', '/home/asdfr-30/ASDfR_3/build/xrf2_msgs'), ('SSH_CONNECTION', '10.0.100.50 62304 10.0.28.122 22'), ('PYTHONPATH', '/home/asdfr-30/ASDfR_3/install/xrf2_msgs/local/lib/python3.10/dist-packages:/opt/ros/humble/lib/python3.10/site-packages:/opt/ros/humble/local/lib/python3.10/dist-packages'), ('COLCON', '1'), ('CMAKE_PREFIX_PATH', '/home/asdfr-30/ASDfR_3/install/sequence_controller:/home/asdfr-30/ASDfR_3/install/ros_xeno_bridge:/home/asdfr-30/ASDfR_3/install/xrf2_msgs:/home/asdfr-30/ASDfR_3/install/relbot_simulator:/home/asdfr-30/ASDfR_3/install/cam2image_vm2ros:/home/asdfr-30/ASDfR_3/install/ball_tracker:/opt/ros/humble')]), 'shell': False}
[0.081403] (ball_tracker) JobProgress: {'identifier': 'ball_tracker', 'progress': 'cmake'}
[0.085223] (ball_tracker) JobProgress: {'identifier': 'ball_tracker', 'progress': 'build'}
[0.087198] (ball_tracker) Command: {'cmd': ['/usr/bin/cmake', '--build', '/home/asdfr-30/ASDfR_3/build/ball_tracker', '--', '-j3', '-l3'], 'cwd': '/home/asdfr-30/ASDfR_3/build/ball_tracker', 'env': OrderedDict([('LESSOPEN', '| /usr/bin/lesspipe %s'), ('USER', 'asdfr-30'), ('SSH_CLIENT', '10.0.100.50 62304 22'), ('XDG_SESSION_TYPE', 'tty'), ('GIT_ASKPASS', '/home/asdfr-30/.vscode-server/cli/servers/Stable-4949701c880d4bdb949e3c0e6b400288da7f474b/server/extensions/git/dist/askpass.sh'), ('SHLVL', '1'), ('LD_LIBRARY_PATH', '/home/asdfr-30/ASDfR_3/install/xrf2_msgs/lib:/home/asdfr-30/ASDfR_3/install/cam2image_vm2ros/lib:/opt/ros/humble/opt/rviz_ogre_vendor/lib:/opt/ros/humble/lib/aarch64-linux-gnu:/opt/ros/humble/lib'), ('BROWSER', '/home/asdfr-30/.vscode-server/cli/servers/Stable-4949701c880d4bdb949e3c0e6b400288da7f474b/server/bin/helpers/browser.sh'), ('MOTD_SHOWN', 'pam'), ('HOME', '/home/asdfr-30'), ('TERM_PROGRAM_VERSION', '1.99.2'), ('VSCODE_IPC_HOOK_CLI', '/run/user/1030/vscode-ipc-15d83552-a65e-4ba7-8c2a-88ddf5a16074.sock'), ('ROS_PYTHON_VERSION', '3'), ('VSCODE_GIT_ASKPASS_MAIN', '/home/asdfr-30/.vscode-server/cli/servers/Stable-4949701c880d4bdb949e3c0e6b400288da7f474b/server/extensions/git/dist/askpass-main.js'), ('VSCODE_GIT_ASKPASS_NODE', '/home/asdfr-30/.vscode-server/cli/servers/Stable-4949701c880d4bdb949e3c0e6b400288da7f474b/server/node'), ('SSL_CERT_FILE', '/usr/lib/ssl/certs/ca-certificates.crt'), ('DBUS_SESSION_BUS_ADDRESS', 'unix:path=/run/user/1030/bus'), ('COLORTERM', 'truecolor'), ('COLCON_PREFIX_PATH', '/home/asdfr-30/ASDfR_3/install'), ('ROS_DISTRO', 'humble'), ('LOGNAME', 'asdfr-30'), ('_', '/usr/bin/colcon'), ('ROS_VERSION', '2'), ('XDG_SESSION_CLASS', 'user'), ('TERM', 'xterm-256color'), ('XDG_SESSION_ID', '6'), ('ROS_LOCALHOST_ONLY', '1'), ('PATH', '/home/asdfr-30/.vscode-server/cli/servers/Stable-4949701c880d4bdb949e3c0e6b400288da7f474b/server/bin/remote-cli:/opt/ros/humble/bin:/usr/local/sbin:/usr/local/bin:/usr/sbin:/usr/bin:/sbin:/bin:/usr/games:/usr/local/games:/snap/bin:/usr/evl/bin:/opt/relbot-software/bin:/home/asdfr-30/.vscode-server/data/User/globalStorage/github.copilot-chat/debugCommand:/usr/evl/bin:/opt/relbot-software/bin'), ('XDG_RUNTIME_DIR', '/run/user/1030'), ('SSL_CERT_DIR', '/usr/lib/ssl/certs'), ('LANG', 'C.UTF-8'), ('LS_COLORS', 'rs=0:di=01;34:ln=01;36:mh=00:pi=40;33:so=01;35:do=01;35:bd=40;33;01:cd=40;33;01:or=40;31;01:mi=00:su=37;41:sg=30;43:ca=30;41:tw=30;42:ow=34;42:st=37;44:ex=01;32:*.tar=01;31:*.tgz=01;31:*.arc=01;31:*.arj=01;31:*.taz=01;31:*.lha=01;31:*.lz4=01;31:*.lzh=01;31:*.lzma=01;31:*.tlz=01;31:*.txz=01;31:*.tzo=01;31:*.t7z=01;31:*.zip=01;31:*.z=01;31:*.dz=01;31:*.gz=01;31:*.lrz=01;31:*.lz=01;31:*.lzo=01;31:*.xz=01;31:*.zst=01;31:*.tzst=01;31:*.bz2=01;31:*.bz=01;31:*.tbz=01;31:*.tbz2=01;31:*.tz=01;31:*.deb=01;31:*.rpm=01;31:*.jar=01;31:*.war=01;31:*.ear=01;31:*.sar=01;31:*.rar=01;31:*.alz=01;31:*.ace=01;31:*.zoo=01;31:*.cpio=01;31:*.7z=01;31:*.rz=01;31:*.cab=01;31:*.wim=01;31:*.swm=01;31:*.dwm=01;31:*.esd=01;31:*.jpg=01;35:*.jpeg=01;35:*.mjpg=01;35:*.mjpeg=01;35:*.gif=01;35:*.bmp=01;35:*.pbm=01;35:*.pgm=01;35:*.ppm=01;35:*.tga=01;35:*.xbm=01;35:*.xpm=01;35:*.tif=01;35:*.tiff=01;35:*.png=01;35:*.svg=01;35:*.svgz=01;35:*.mng=01;35:*.pcx=01;35:*.mov=01;35:*.mpg=01;35:*.mpeg=01;35:*.m2v=01;35:*.mkv=01;35:*.webm=01;35:*.webp=01;35:*.ogm=01;35:*.mp4=01;35:*.m4v=01;35:*.mp4v=01;35:*.vob=01;35:*.qt=01;35:*.nuv=01;35:*.wmv=01;35:*.asf=01;35:*.rm=01;35:*.rmvb=01;35:*.flc=01;35:*.avi=01;35:*.fli=01;35:*.flv=01;35:*.gl=01;35:*.dl=01;35:*.xcf=01;35:*.xwd=01;35:*.yuv=01;35:*.cgm=01;35:*.emf=01;35:*.ogv=01;35:*.ogx=01;35:*.aac=00;36:*.au=00;36:*.flac=00;36:*.m4a=00;36:*.mid=00;36:*.midi=00;36:*.mka=00;36:*.mp3=00;36:*.mpc=00;36:*.ogg=00;36:*.ra=00;36:*.wav=00;36:*.oga=00;36:*.opus=00;36:*.spx=00;36:*.xspf=00;36:'), ('VSCODE_GIT_IPC_HANDLE', '/run/user/1030/vscode-git-34f5e41956.sock'), ('TERM_PROGRAM', 'vscode'), ('AMENT_PREFIX_PATH', '/home/asdfr-30/ASDfR_3/install/sequence_controller:/home/asdfr-30/ASDfR_3/install/ros_xeno_bridge:/home/asdfr-30/ASDfR_3/install/xrf2_msgs:/home/asdfr-30/ASDfR_3/install/relbot_simulator:/home/asdfr-30/ASDfR_3/install/cam2image_vm2ros:/home/asdfr-30/ASDfR_3/install/ball_tracker:/opt/ros/humble'), ('SHELL', '/bin/bash'), ('LESSCLOSE', '/usr/bin/lesspipe %s %s'), ('VSCODE_GIT_ASKPASS_EXTRA_ARGS', ''), ('PWD', '/home/asdfr-30/ASDfR_3/build/ball_tracker'), ('SSH_CONNECTION', '10.0.100.50 62304 10.0.28.122 22'), ('PYTHONPATH', '/home/asdfr-30/ASDfR_3/install/xrf2_msgs/local/lib/python3.10/dist-packages:/opt/ros/humble/lib/python3.10/site-packages:/opt/ros/humble/local/lib/python3.10/dist-packages'), ('COLCON', '1'), ('CMAKE_PREFIX_PATH', '/home/asdfr-30/ASDfR_3/install/sequence_controller:/home/asdfr-30/ASDfR_3/install/ros_xeno_bridge:/home/asdfr-30/ASDfR_3/install/xrf2_msgs:/home/asdfr-30/ASDfR_3/install/relbot_simulator:/home/asdfr-30/ASDfR_3/install/cam2image_vm2ros:/home/asdfr-30/ASDfR_3/install/ball_tracker:/opt/ros/humble')]), 'shell': False}
[0.099301] (-) TimerEvent: {}
[0.116946] (cam2image_vm2ros) JobProgress: {'identifier': 'cam2image_vm2ros', 'progress': 'cmake'}
[0.121075] (cam2image_vm2ros) JobProgress: {'identifier': 'cam2image_vm2ros', 'progress': 'build'}
[0.123148] (cam2image_vm2ros) Command: {'cmd': ['/usr/bin/cmake', '--build', '/home/asdfr-30/ASDfR_3/build/cam2image_vm2ros', '--', '-j3', '-l3'], 'cwd': '/home/asdfr-30/ASDfR_3/build/cam2image_vm2ros', 'env': OrderedDict([('LESSOPEN', '| /usr/bin/lesspipe %s'), ('USER', 'asdfr-30'), ('SSH_CLIENT', '10.0.100.50 62304 22'), ('XDG_SESSION_TYPE', 'tty'), ('GIT_ASKPASS', '/home/asdfr-30/.vscode-server/cli/servers/Stable-4949701c880d4bdb949e3c0e6b400288da7f474b/server/extensions/git/dist/askpass.sh'), ('SHLVL', '1'), ('LD_LIBRARY_PATH', '/home/asdfr-30/ASDfR_3/install/xrf2_msgs/lib:/home/asdfr-30/ASDfR_3/install/cam2image_vm2ros/lib:/opt/ros/humble/opt/rviz_ogre_vendor/lib:/opt/ros/humble/lib/aarch64-linux-gnu:/opt/ros/humble/lib'), ('BROWSER', '/home/asdfr-30/.vscode-server/cli/servers/Stable-4949701c880d4bdb949e3c0e6b400288da7f474b/server/bin/helpers/browser.sh'), ('MOTD_SHOWN', 'pam'), ('HOME', '/home/asdfr-30'), ('TERM_PROGRAM_VERSION', '1.99.2'), ('VSCODE_IPC_HOOK_CLI', '/run/user/1030/vscode-ipc-15d83552-a65e-4ba7-8c2a-88ddf5a16074.sock'), ('ROS_PYTHON_VERSION', '3'), ('VSCODE_GIT_ASKPASS_MAIN', '/home/asdfr-30/.vscode-server/cli/servers/Stable-4949701c880d4bdb949e3c0e6b400288da7f474b/server/extensions/git/dist/askpass-main.js'), ('VSCODE_GIT_ASKPASS_NODE', '/home/asdfr-30/.vscode-server/cli/servers/Stable-4949701c880d4bdb949e3c0e6b400288da7f474b/server/node'), ('SSL_CERT_FILE', '/usr/lib/ssl/certs/ca-certificates.crt'), ('DBUS_SESSION_BUS_ADDRESS', 'unix:path=/run/user/1030/bus'), ('COLORTERM', 'truecolor'), ('COLCON_PREFIX_PATH', '/home/asdfr-30/ASDfR_3/install'), ('ROS_DISTRO', 'humble'), ('LOGNAME', 'asdfr-30'), ('_', '/usr/bin/colcon'), ('ROS_VERSION', '2'), ('XDG_SESSION_CLASS', 'user'), ('TERM', 'xterm-256color'), ('XDG_SESSION_ID', '6'), ('ROS_LOCALHOST_ONLY', '1'), ('PATH', '/home/asdfr-30/.vscode-server/cli/servers/Stable-4949701c880d4bdb949e3c0e6b400288da7f474b/server/bin/remote-cli:/opt/ros/humble/bin:/usr/local/sbin:/usr/local/bin:/usr/sbin:/usr/bin:/sbin:/bin:/usr/games:/usr/local/games:/snap/bin:/usr/evl/bin:/opt/relbot-software/bin:/home/asdfr-30/.vscode-server/data/User/globalStorage/github.copilot-chat/debugCommand:/usr/evl/bin:/opt/relbot-software/bin'), ('XDG_RUNTIME_DIR', '/run/user/1030'), ('SSL_CERT_DIR', '/usr/lib/ssl/certs'), ('LANG', 'C.UTF-8'), ('LS_COLORS', 'rs=0:di=01;34:ln=01;36:mh=00:pi=40;33:so=01;35:do=01;35:bd=40;33;01:cd=40;33;01:or=40;31;01:mi=00:su=37;41:sg=30;43:ca=30;41:tw=30;42:ow=34;42:st=37;44:ex=01;32:*.tar=01;31:*.tgz=01;31:*.arc=01;31:*.arj=01;31:*.taz=01;31:*.lha=01;31:*.lz4=01;31:*.lzh=01;31:*.lzma=01;31:*.tlz=01;31:*.txz=01;31:*.tzo=01;31:*.t7z=01;31:*.zip=01;31:*.z=01;31:*.dz=01;31:*.gz=01;31:*.lrz=01;31:*.lz=01;31:*.lzo=01;31:*.xz=01;31:*.zst=01;31:*.tzst=01;31:*.bz2=01;31:*.bz=01;31:*.tbz=01;31:*.tbz2=01;31:*.tz=01;31:*.deb=01;31:*.rpm=01;31:*.jar=01;31:*.war=01;31:*.ear=01;31:*.sar=01;31:*.rar=01;31:*.alz=01;31:*.ace=01;31:*.zoo=01;31:*.cpio=01;31:*.7z=01;31:*.rz=01;31:*.cab=01;31:*.wim=01;31:*.swm=01;31:*.dwm=01;31:*.esd=01;31:*.jpg=01;35:*.jpeg=01;35:*.mjpg=01;35:*.mjpeg=01;35:*.gif=01;35:*.bmp=01;35:*.pbm=01;35:*.pgm=01;35:*.ppm=01;35:*.tga=01;35:*.xbm=01;35:*.xpm=01;35:*.tif=01;35:*.tiff=01;35:*.png=01;35:*.svg=01;35:*.svgz=01;35:*.mng=01;35:*.pcx=01;35:*.mov=01;35:*.mpg=01;35:*.mpeg=01;35:*.m2v=01;35:*.mkv=01;35:*.webm=01;35:*.webp=01;35:*.ogm=01;35:*.mp4=01;35:*.m4v=01;35:*.mp4v=01;35:*.vob=01;35:*.qt=01;35:*.nuv=01;35:*.wmv=01;35:*.asf=01;35:*.rm=01;35:*.rmvb=01;35:*.flc=01;35:*.avi=01;35:*.fli=01;35:*.flv=01;35:*.gl=01;35:*.dl=01;35:*.xcf=01;35:*.xwd=01;35:*.yuv=01;35:*.cgm=01;35:*.emf=01;35:*.ogv=01;35:*.ogx=01;35:*.aac=00;36:*.au=00;36:*.flac=00;36:*.m4a=00;36:*.mid=00;36:*.midi=00;36:*.mka=00;36:*.mp3=00;36:*.mpc=00;36:*.ogg=00;36:*.ra=00;36:*.wav=00;36:*.oga=00;36:*.opus=00;36:*.spx=00;36:*.xspf=00;36:'), ('VSCODE_GIT_IPC_HANDLE', '/run/user/1030/vscode-git-34f5e41956.sock'), ('TERM_PROGRAM', 'vscode'), ('AMENT_PREFIX_PATH', '/home/asdfr-30/ASDfR_3/install/sequence_controller:/home/asdfr-30/ASDfR_3/install/ros_xeno_bridge:/home/asdfr-30/ASDfR_3/install/xrf2_msgs:/home/asdfr-30/ASDfR_3/install/relbot_simulator:/home/asdfr-30/ASDfR_3/install/cam2image_vm2ros:/home/asdfr-30/ASDfR_3/install/ball_tracker:/opt/ros/humble'), ('SHELL', '/bin/bash'), ('LESSCLOSE', '/usr/bin/lesspipe %s %s'), ('VSCODE_GIT_ASKPASS_EXTRA_ARGS', ''), ('PWD', '/home/asdfr-30/ASDfR_3/build/cam2image_vm2ros'), ('SSH_CONNECTION', '10.0.100.50 62304 10.0.28.122 22'), ('PYTHONPATH', '/home/asdfr-30/ASDfR_3/install/xrf2_msgs/local/lib/python3.10/dist-packages:/opt/ros/humble/lib/python3.10/site-packages:/opt/ros/humble/local/lib/python3.10/dist-packages'), ('COLCON', '1'), ('CMAKE_PREFIX_PATH', '/home/asdfr-30/ASDfR_3/install/sequence_controller:/home/asdfr-30/ASDfR_3/install/ros_xeno_bridge:/home/asdfr-30/ASDfR_3/install/xrf2_msgs:/home/asdfr-30/ASDfR_3/install/relbot_simulator:/home/asdfr-30/ASDfR_3/install/cam2image_vm2ros:/home/asdfr-30/ASDfR_3/install/ball_tracker:/opt/ros/humble')]), 'shell': False}
[0.199574] (-) TimerEvent: {}
[0.249385] (ball_tracker) StdoutLine: {'line': b'\x1b[35m\x1b[1mConsolidate compiler generated dependencies of target ball_tracker\x1b[0m\n'}
[0.270684] (xrf2_msgs) StdoutLine: {'line': b'[ 10%] Built target xrf2_msgs__rosidl_generator_c\n'}
[0.299830] (-) TimerEvent: {}
[0.332915] (xrf2_msgs) StdoutLine: {'line': b'[ 12%] Built target xrf2_msgs__cpp\n'}
[0.387809] (cam2image_vm2ros) StdoutLine: {'line': b'\x1b[35m\x1b[1mConsolidate compiler generated dependencies of target cam2image_vm2ros\x1b[0m\n'}
[0.392651] (cam2image_vm2ros) StdoutLine: {'line': b'\x1b[35m\x1b[1mConsolidate compiler generated dependencies of target cam2image\x1b[0m\n'}
[0.400104] (-) TimerEvent: {}
[0.411990] (xrf2_msgs) StdoutLine: {'line': b'[ 12%] Built target ament_cmake_python_copy_xrf2_msgs\n'}
[0.466815] (xrf2_msgs) StdoutLine: {'line': b'[ 23%] Built target xrf2_msgs__rosidl_typesupport_introspection_c\n'}
[0.500367] (-) TimerEvent: {}
[0.572631] (xrf2_msgs) StdoutLine: {'line': b'[ 33%] Built target xrf2_msgs__rosidl_typesupport_c\n'}
[0.600588] (-) TimerEvent: {}
[0.638817] (xrf2_msgs) StdoutLine: {'line': b'[ 43%] Built target xrf2_msgs__rosidl_typesupport_introspection_cpp\n'}
[0.700768] (-) TimerEvent: {}
[0.734591] (xrf2_msgs) StdoutLine: {'line': b'[ 53%] Built target xrf2_msgs__rosidl_typesupport_fastrtps_cpp\n'}
[0.796803] (xrf2_msgs) StdoutLine: {'line': b'[ 64%] Built target xrf2_msgs__rosidl_typesupport_cpp\n'}
[0.801533] (-) TimerEvent: {}
[0.833829] (xrf2_msgs) StdoutLine: {'line': b'[ 74%] Built target xrf2_msgs__rosidl_typesupport_fastrtps_c\n'}
[0.901711] (-) TimerEvent: {}
[1.003231] (-) TimerEvent: {}
[1.065577] (xrf2_msgs) StdoutLine: {'line': b'[ 74%] Built target xrf2_msgs\n'}
[1.107522] (-) TimerEvent: {}
[1.209904] (-) TimerEvent: {}
[1.230617] (cam2image_vm2ros) StdoutLine: {'line': b'[ 40%] Built target cam2image\n'}
[1.244225] (xrf2_msgs) StdoutLine: {'line': b'[ 76%] Built target xrf2_msgs__py\n'}
[1.305806] (xrf2_msgs) StdoutLine: {'line': b'[ 84%] Built target xrf2_msgs__rosidl_generator_py\n'}
[1.310069] (-) TimerEvent: {}
[1.409542] (xrf2_msgs) StdoutLine: {'line': b'[ 89%] Built target xrf2_msgs__rosidl_typesupport_fastrtps_c__pyext\n'}
[1.410717] (-) TimerEvent: {}
[1.517473] (-) TimerEvent: {}
[1.519183] (xrf2_msgs) StdoutLine: {'line': b'[ 94%] Built target xrf2_msgs__rosidl_typesupport_introspection_c__pyext\n'}
[1.541100] (ball_tracker) StdoutLine: {'line': b'[ 50%] \x1b[32mBuilding CXX object CMakeFiles/ball_tracker.dir/src/ball_tracker.cpp.o\x1b[0m\n'}
[1.625685] (-) TimerEvent: {}
[1.641825] (xrf2_msgs) StdoutLine: {'line': b'[100%] Built target xrf2_msgs__rosidl_typesupport_c__pyext\n'}
[1.729399] (-) TimerEvent: {}
[1.833790] (-) TimerEvent: {}
[1.935011] (-) TimerEvent: {}
[2.041527] (-) TimerEvent: {}
[2.148055] (-) TimerEvent: {}
[2.201255] (xrf2_msgs) StdoutLine: {'line': b'running egg_info\n'}
[2.204817] (xrf2_msgs) StdoutLine: {'line': b'writing xrf2_msgs.egg-info/PKG-INFO\n'}
[2.222229] (xrf2_msgs) StdoutLine: {'line': b'writing dependency_links to xrf2_msgs.egg-info/dependency_links.txt\n'}
[2.224863] (xrf2_msgs) StdoutLine: {'line': b'writing top-level names to xrf2_msgs.egg-info/top_level.txt\n'}
[2.236889] (xrf2_msgs) StdoutLine: {'line': b"reading manifest file 'xrf2_msgs.egg-info/SOURCES.txt'\n"}
[2.241040] (xrf2_msgs) StdoutLine: {'line': b"writing manifest file 'xrf2_msgs.egg-info/SOURCES.txt'\n"}
[2.248287] (-) TimerEvent: {}
[2.349661] (-) TimerEvent: {}
[2.441724] (xrf2_msgs) StdoutLine: {'line': b'[100%] Built target ament_cmake_python_build_xrf2_msgs_egg\n'}
[2.450370] (-) TimerEvent: {}
[2.487331] (xrf2_msgs) CommandEnded: {'returncode': 0}
[2.490695] (xrf2_msgs) JobProgress: {'identifier': 'xrf2_msgs', 'progress': 'install'}
[2.518712] (xrf2_msgs) Command: {'cmd': ['/usr/bin/cmake', '--install', '/home/asdfr-30/ASDfR_3/build/xrf2_msgs'], 'cwd': '/home/asdfr-30/ASDfR_3/build/xrf2_msgs', 'env': OrderedDict([('LESSOPEN', '| /usr/bin/lesspipe %s'), ('USER', 'asdfr-30'), ('SSH_CLIENT', '10.0.100.50 62304 22'), ('XDG_SESSION_TYPE', 'tty'), ('GIT_ASKPASS', '/home/asdfr-30/.vscode-server/cli/servers/Stable-4949701c880d4bdb949e3c0e6b400288da7f474b/server/extensions/git/dist/askpass.sh'), ('SHLVL', '1'), ('LD_LIBRARY_PATH', '/home/asdfr-30/ASDfR_3/install/xrf2_msgs/lib:/home/asdfr-30/ASDfR_3/install/cam2image_vm2ros/lib:/opt/ros/humble/opt/rviz_ogre_vendor/lib:/opt/ros/humble/lib/aarch64-linux-gnu:/opt/ros/humble/lib'), ('BROWSER', '/home/asdfr-30/.vscode-server/cli/servers/Stable-4949701c880d4bdb949e3c0e6b400288da7f474b/server/bin/helpers/browser.sh'), ('MOTD_SHOWN', 'pam'), ('HOME', '/home/asdfr-30'), ('TERM_PROGRAM_VERSION', '1.99.2'), ('VSCODE_IPC_HOOK_CLI', '/run/user/1030/vscode-ipc-15d83552-a65e-4ba7-8c2a-88ddf5a16074.sock'), ('ROS_PYTHON_VERSION', '3'), ('VSCODE_GIT_ASKPASS_MAIN', '/home/asdfr-30/.vscode-server/cli/servers/Stable-4949701c880d4bdb949e3c0e6b400288da7f474b/server/extensions/git/dist/askpass-main.js'), ('VSCODE_GIT_ASKPASS_NODE', '/home/asdfr-30/.vscode-server/cli/servers/Stable-4949701c880d4bdb949e3c0e6b400288da7f474b/server/node'), ('SSL_CERT_FILE', '/usr/lib/ssl/certs/ca-certificates.crt'), ('DBUS_SESSION_BUS_ADDRESS', 'unix:path=/run/user/1030/bus'), ('COLORTERM', 'truecolor'), ('COLCON_PREFIX_PATH', '/home/asdfr-30/ASDfR_3/install'), ('ROS_DISTRO', 'humble'), ('LOGNAME', 'asdfr-30'), ('_', '/usr/bin/colcon'), ('ROS_VERSION', '2'), ('XDG_SESSION_CLASS', 'user'), ('TERM', 'xterm-256color'), ('XDG_SESSION_ID', '6'), ('ROS_LOCALHOST_ONLY', '1'), ('PATH', '/home/asdfr-30/.vscode-server/cli/servers/Stable-4949701c880d4bdb949e3c0e6b400288da7f474b/server/bin/remote-cli:/opt/ros/humble/bin:/usr/local/sbin:/usr/local/bin:/usr/sbin:/usr/bin:/sbin:/bin:/usr/games:/usr/local/games:/snap/bin:/usr/evl/bin:/opt/relbot-software/bin:/home/asdfr-30/.vscode-server/data/User/globalStorage/github.copilot-chat/debugCommand:/usr/evl/bin:/opt/relbot-software/bin'), ('XDG_RUNTIME_DIR', '/run/user/1030'), ('SSL_CERT_DIR', '/usr/lib/ssl/certs'), ('LANG', 'C.UTF-8'), ('LS_COLORS', 'rs=0:di=01;34:ln=01;36:mh=00:pi=40;33:so=01;35:do=01;35:bd=40;33;01:cd=40;33;01:or=40;31;01:mi=00:su=37;41:sg=30;43:ca=30;41:tw=30;42:ow=34;42:st=37;44:ex=01;32:*.tar=01;31:*.tgz=01;31:*.arc=01;31:*.arj=01;31:*.taz=01;31:*.lha=01;31:*.lz4=01;31:*.lzh=01;31:*.lzma=01;31:*.tlz=01;31:*.txz=01;31:*.tzo=01;31:*.t7z=01;31:*.zip=01;31:*.z=01;31:*.dz=01;31:*.gz=01;31:*.lrz=01;31:*.lz=01;31:*.lzo=01;31:*.xz=01;31:*.zst=01;31:*.tzst=01;31:*.bz2=01;31:*.bz=01;31:*.tbz=01;31:*.tbz2=01;31:*.tz=01;31:*.deb=01;31:*.rpm=01;31:*.jar=01;31:*.war=01;31:*.ear=01;31:*.sar=01;31:*.rar=01;31:*.alz=01;31:*.ace=01;31:*.zoo=01;31:*.cpio=01;31:*.7z=01;31:*.rz=01;31:*.cab=01;31:*.wim=01;31:*.swm=01;31:*.dwm=01;31:*.esd=01;31:*.jpg=01;35:*.jpeg=01;35:*.mjpg=01;35:*.mjpeg=01;35:*.gif=01;35:*.bmp=01;35:*.pbm=01;35:*.pgm=01;35:*.ppm=01;35:*.tga=01;35:*.xbm=01;35:*.xpm=01;35:*.tif=01;35:*.tiff=01;35:*.png=01;35:*.svg=01;35:*.svgz=01;35:*.mng=01;35:*.pcx=01;35:*.mov=01;35:*.mpg=01;35:*.mpeg=01;35:*.m2v=01;35:*.mkv=01;35:*.webm=01;35:*.webp=01;35:*.ogm=01;35:*.mp4=01;35:*.m4v=01;35:*.mp4v=01;35:*.vob=01;35:*.qt=01;35:*.nuv=01;35:*.wmv=01;35:*.asf=01;35:*.rm=01;35:*.rmvb=01;35:*.flc=01;35:*.avi=01;35:*.fli=01;35:*.flv=01;35:*.gl=01;35:*.dl=01;35:*.xcf=01;35:*.xwd=01;35:*.yuv=01;35:*.cgm=01;35:*.emf=01;35:*.ogv=01;35:*.ogx=01;35:*.aac=00;36:*.au=00;36:*.flac=00;36:*.m4a=00;36:*.mid=00;36:*.midi=00;36:*.mka=00;36:*.mp3=00;36:*.mpc=00;36:*.ogg=00;36:*.ra=00;36:*.wav=00;36:*.oga=00;36:*.opus=00;36:*.spx=00;36:*.xspf=00;36:'), ('VSCODE_GIT_IPC_HANDLE', '/run/user/1030/vscode-git-34f5e41956.sock'), ('TERM_PROGRAM', 'vscode'), ('AMENT_PREFIX_PATH', '/home/asdfr-30/ASDfR_3/install/sequence_controller:/home/asdfr-30/ASDfR_3/install/ros_xeno_bridge:/home/asdfr-30/ASDfR_3/install/xrf2_msgs:/home/asdfr-30/ASDfR_3/install/relbot_simulator:/home/asdfr-30/ASDfR_3/install/cam2image_vm2ros:/home/asdfr-30/ASDfR_3/install/ball_tracker:/opt/ros/humble'), ('SHELL', '/bin/bash'), ('LESSCLOSE', '/usr/bin/lesspipe %s %s'), ('VSCODE_GIT_ASKPASS_EXTRA_ARGS', ''), ('PWD', '/home/asdfr-30/ASDfR_3/build/xrf2_msgs'), ('SSH_CONNECTION', '10.0.100.50 62304 10.0.28.122 22'), ('PYTHONPATH', '/home/asdfr-30/ASDfR_3/install/xrf2_msgs/local/lib/python3.10/dist-packages:/opt/ros/humble/lib/python3.10/site-packages:/opt/ros/humble/local/lib/python3.10/dist-packages'), ('COLCON', '1'), ('CMAKE_PREFIX_PATH', '/home/asdfr-30/ASDfR_3/install/sequence_controller:/home/asdfr-30/ASDfR_3/install/ros_xeno_bridge:/home/asdfr-30/ASDfR_3/install/xrf2_msgs:/home/asdfr-30/ASDfR_3/install/relbot_simulator:/home/asdfr-30/ASDfR_3/install/cam2image_vm2ros:/home/asdfr-30/ASDfR_3/install/ball_tracker:/opt/ros/humble')]), 'shell': False}
[2.547012] (xrf2_msgs) StdoutLine: {'line': b'-- Install configuration: ""\n'}
[2.550377] (-) TimerEvent: {}
[2.551809] (xrf2_msgs) StdoutLine: {'line': b'-- Up-to-date: /home/asdfr-30/ASDfR_3/install/xrf2_msgs/share/ament_index/resource_index/rosidl_interfaces/xrf2_msgs\n'}
[2.554193] (xrf2_msgs) StdoutLine: {'line': b'-- Up-to-date: /home/asdfr-30/ASDfR_3/install/xrf2_msgs/include/xrf2_msgs/xrf2_msgs\n'}
[2.556205] (xrf2_msgs) StdoutLine: {'line': b'-- Up-to-date: /home/asdfr-30/ASDfR_3/install/xrf2_msgs/include/xrf2_msgs/xrf2_msgs/msg\n'}
[2.558704] (xrf2_msgs) StdoutLine: {'line': b'-- Up-to-date: /home/asdfr-30/ASDfR_3/install/xrf2_msgs/include/xrf2_msgs/xrf2_msgs/msg/rosidl_generator_c__visibility_control.h\n'}
[2.560403] (xrf2_msgs) StdoutLine: {'line': b'-- Up-to-date: /home/asdfr-30/ASDfR_3/install/xrf2_msgs/include/xrf2_msgs/xrf2_msgs/msg/detail\n'}
[2.562627] (xrf2_msgs) StdoutLine: {'line': b'-- Up-to-date: /home/asdfr-30/ASDfR_3/install/xrf2_msgs/include/xrf2_msgs/xrf2_msgs/msg/detail/xeno2_ros__type_support.h\n'}
[2.564440] (xrf2_msgs) StdoutLine: {'line': b'-- Up-to-date: /home/asdfr-30/ASDfR_3/install/xrf2_msgs/include/xrf2_msgs/xrf2_msgs/msg/detail/xeno2_ros__functions.c\n'}
[2.568055] (xrf2_msgs) StdoutLine: {'line': b'-- Up-to-date: /home/asdfr-30/ASDfR_3/install/xrf2_msgs/include/xrf2_msgs/xrf2_msgs/msg/detail/ros2_xeno__functions.c\n'}
[2.575092] (xrf2_msgs) StdoutLine: {'line': b'-- Up-to-date: /home/asdfr-30/ASDfR_3/install/xrf2_msgs/include/xrf2_msgs/xrf2_msgs/msg/detail/ros2_xeno__type_support.h\n'}
[2.576921] (xrf2_msgs) StdoutLine: {'line': b'-- Up-to-date: /home/asdfr-30/ASDfR_3/install/xrf2_msgs/include/xrf2_msgs/xrf2_msgs/msg/detail/xeno2_ros__struct.h\n'}
[2.578424] (xrf2_msgs) StdoutLine: {'line': b'-- Up-to-date: /home/asdfr-30/ASDfR_3/install/xrf2_msgs/include/xrf2_msgs/xrf2_msgs/msg/detail/ros2_xeno__functions.h\n'}
[2.581509] (xrf2_msgs) StdoutLine: {'line': b'-- Up-to-date: /home/asdfr-30/ASDfR_3/install/xrf2_msgs/include/xrf2_msgs/xrf2_msgs/msg/detail/xeno2_ros__functions.h\n'}
[2.585997] (xrf2_msgs) StdoutLine: {'line': b'-- Up-to-date: /home/asdfr-30/ASDfR_3/install/xrf2_msgs/include/xrf2_msgs/xrf2_msgs/msg/detail/ros2_xeno__struct.h\n'}
[2.588447] (xrf2_msgs) StdoutLine: {'line': b'-- Up-to-date: /home/asdfr-30/ASDfR_3/install/xrf2_msgs/include/xrf2_msgs/xrf2_msgs/msg/xeno2_ros.h\n'}
[2.592060] (xrf2_msgs) StdoutLine: {'line': b'-- Up-to-date: /home/asdfr-30/ASDfR_3/install/xrf2_msgs/include/xrf2_msgs/xrf2_msgs/msg/ros2_xeno.h\n'}
[2.593243] (xrf2_msgs) StdoutLine: {'line': b'-- Up-to-date: /home/asdfr-30/ASDfR_3/install/xrf2_msgs/share/xrf2_msgs/environment/library_path.sh\n'}
[2.598801] (xrf2_msgs) StdoutLine: {'line': b'-- Up-to-date: /home/asdfr-30/ASDfR_3/install/xrf2_msgs/share/xrf2_msgs/environment/library_path.dsv\n'}
[2.600086] (xrf2_msgs) StdoutLine: {'line': b'-- Up-to-date: /home/asdfr-30/ASDfR_3/install/xrf2_msgs/lib/libxrf2_msgs__rosidl_generator_c.so\n'}
[2.609695] (xrf2_msgs) StdoutLine: {'line': b'-- Up-to-date: /home/asdfr-30/ASDfR_3/install/xrf2_msgs/include/xrf2_msgs/xrf2_msgs\n'}
[2.611123] (xrf2_msgs) StdoutLine: {'line': b'-- Up-to-date: /home/asdfr-30/ASDfR_3/install/xrf2_msgs/include/xrf2_msgs/xrf2_msgs/msg\n'}
[2.612577] (xrf2_msgs) StdoutLine: {'line': b'-- Up-to-date: /home/asdfr-30/ASDfR_3/install/xrf2_msgs/include/xrf2_msgs/xrf2_msgs/msg/rosidl_typesupport_fastrtps_c__visibility_control.h\n'}
[2.613933] (xrf2_msgs) StdoutLine: {'line': b'-- Up-to-date: /home/asdfr-30/ASDfR_3/install/xrf2_msgs/include/xrf2_msgs/xrf2_msgs/msg/detail\n'}
[2.615493] (xrf2_msgs) StdoutLine: {'line': b'-- Up-to-date: /home/asdfr-30/ASDfR_3/install/xrf2_msgs/include/xrf2_msgs/xrf2_msgs/msg/detail/ros2_xeno__rosidl_typesupport_fastrtps_c.h\n'}
[2.616768] (xrf2_msgs) StdoutLine: {'line': b'-- Up-to-date: /home/asdfr-30/ASDfR_3/install/xrf2_msgs/include/xrf2_msgs/xrf2_msgs/msg/detail/xeno2_ros__rosidl_typesupport_fastrtps_c.h\n'}
[2.626198] (xrf2_msgs) StdoutLine: {'line': b'-- Up-to-date: /home/asdfr-30/ASDfR_3/install/xrf2_msgs/lib/libxrf2_msgs__rosidl_typesupport_fastrtps_c.so\n'}
[2.627471] (xrf2_msgs) StdoutLine: {'line': b'-- Up-to-date: /home/asdfr-30/ASDfR_3/install/xrf2_msgs/include/xrf2_msgs/xrf2_msgs\n'}
[2.628687] (xrf2_msgs) StdoutLine: {'line': b'-- Up-to-date: /home/asdfr-30/ASDfR_3/install/xrf2_msgs/include/xrf2_msgs/xrf2_msgs/msg\n'}
[2.630351] (xrf2_msgs) StdoutLine: {'line': b'-- Up-to-date: /home/asdfr-30/ASDfR_3/install/xrf2_msgs/include/xrf2_msgs/xrf2_msgs/msg/rosidl_typesupport_introspection_c__visibility_control.h\n'}
[2.631519] (xrf2_msgs) StdoutLine: {'line': b'-- Up-to-date: /home/asdfr-30/ASDfR_3/install/xrf2_msgs/include/xrf2_msgs/xrf2_msgs/msg/detail\n'}
[2.632787] (xrf2_msgs) StdoutLine: {'line': b'-- Up-to-date: /home/asdfr-30/ASDfR_3/install/xrf2_msgs/include/xrf2_msgs/xrf2_msgs/msg/detail/xeno2_ros__type_support.c\n'}
[2.641825] (xrf2_msgs) StdoutLine: {'line': b'-- Up-to-date: /home/asdfr-30/ASDfR_3/install/xrf2_msgs/include/xrf2_msgs/xrf2_msgs/msg/detail/ros2_xeno__type_support.c\n'}
[2.643296] (xrf2_msgs) StdoutLine: {'line': b'-- Up-to-date: /home/asdfr-30/ASDfR_3/install/xrf2_msgs/include/xrf2_msgs/xrf2_msgs/msg/detail/ros2_xeno__rosidl_typesupport_introspection_c.h\n'}
[2.644567] (xrf2_msgs) StdoutLine: {'line': b'-- Up-to-date: /home/asdfr-30/ASDfR_3/install/xrf2_msgs/include/xrf2_msgs/xrf2_msgs/msg/detail/xeno2_ros__rosidl_typesupport_introspection_c.h\n'}
[2.646166] (xrf2_msgs) StdoutLine: {'line': b'-- Up-to-date: /home/asdfr-30/ASDfR_3/install/xrf2_msgs/lib/libxrf2_msgs__rosidl_typesupport_introspection_c.so\n'}
[2.647314] (xrf2_msgs) StdoutLine: {'line': b'-- Up-to-date: /home/asdfr-30/ASDfR_3/install/xrf2_msgs/lib/libxrf2_msgs__rosidl_typesupport_c.so\n'}
[2.648593] (xrf2_msgs) StdoutLine: {'line': b'-- Up-to-date: /home/asdfr-30/ASDfR_3/install/xrf2_msgs/include/xrf2_msgs/xrf2_msgs\n'}
[2.660243] (-) TimerEvent: {}
[2.661092] (xrf2_msgs) StdoutLine: {'line': b'-- Up-to-date: /home/asdfr-30/ASDfR_3/install/xrf2_msgs/include/xrf2_msgs/xrf2_msgs/msg\n'}
[2.663283] (xrf2_msgs) StdoutLine: {'line': b'-- Up-to-date: /home/asdfr-30/ASDfR_3/install/xrf2_msgs/include/xrf2_msgs/xrf2_msgs/msg/xeno2_ros.hpp\n'}
[2.664844] (xrf2_msgs) StdoutLine: {'line': b'-- Up-to-date: /home/asdfr-30/ASDfR_3/install/xrf2_msgs/include/xrf2_msgs/xrf2_msgs/msg/detail\n'}
[2.666732] (xrf2_msgs) StdoutLine: {'line': b'-- Up-to-date: /home/asdfr-30/ASDfR_3/install/xrf2_msgs/include/xrf2_msgs/xrf2_msgs/msg/detail/xeno2_ros__type_support.hpp\n'}
[2.668228] (xrf2_msgs) StdoutLine: {'line': b'-- Up-to-date: /home/asdfr-30/ASDfR_3/install/xrf2_msgs/include/xrf2_msgs/xrf2_msgs/msg/detail/ros2_xeno__struct.hpp\n'}
[2.669553] (xrf2_msgs) StdoutLine: {'line': b'-- Up-to-date: /home/asdfr-30/ASDfR_3/install/xrf2_msgs/include/xrf2_msgs/xrf2_msgs/msg/detail/ros2_xeno__builder.hpp\n'}
[2.670923] (xrf2_msgs) StdoutLine: {'line': b'-- Up-to-date: /home/asdfr-30/ASDfR_3/install/xrf2_msgs/include/xrf2_msgs/xrf2_msgs/msg/detail/ros2_xeno__type_support.hpp\n'}
[2.673010] (xrf2_msgs) StdoutLine: {'line': b'-- Up-to-date: /home/asdfr-30/ASDfR_3/install/xrf2_msgs/include/xrf2_msgs/xrf2_msgs/msg/detail/xeno2_ros__builder.hpp\n'}
[2.674890] (xrf2_msgs) StdoutLine: {'line': b'-- Up-to-date: /home/asdfr-30/ASDfR_3/install/xrf2_msgs/include/xrf2_msgs/xrf2_msgs/msg/detail/xeno2_ros__traits.hpp\n'}
[2.688360] (xrf2_msgs) StdoutLine: {'line': b'-- Up-to-date: /home/asdfr-30/ASDfR_3/install/xrf2_msgs/include/xrf2_msgs/xrf2_msgs/msg/detail/xeno2_ros__struct.hpp\n'}
[2.689987] (xrf2_msgs) StdoutLine: {'line': b'-- Up-to-date: /home/asdfr-30/ASDfR_3/install/xrf2_msgs/include/xrf2_msgs/xrf2_msgs/msg/detail/ros2_xeno__traits.hpp\n'}
[2.691440] (xrf2_msgs) StdoutLine: {'line': b'-- Up-to-date: /home/asdfr-30/ASDfR_3/install/xrf2_msgs/include/xrf2_msgs/xrf2_msgs/msg/ros2_xeno.hpp\n'}
[2.706837] (xrf2_msgs) StdoutLine: {'line': b'-- Up-to-date: /home/asdfr-30/ASDfR_3/install/xrf2_msgs/include/xrf2_msgs/xrf2_msgs/msg/rosidl_generator_cpp__visibility_control.hpp\n'}
[2.708096] (xrf2_msgs) StdoutLine: {'line': b'-- Up-to-date: /home/asdfr-30/ASDfR_3/install/xrf2_msgs/include/xrf2_msgs/xrf2_msgs\n'}
[2.709432] (xrf2_msgs) StdoutLine: {'line': b'-- Up-to-date: /home/asdfr-30/ASDfR_3/install/xrf2_msgs/include/xrf2_msgs/xrf2_msgs/msg\n'}
[2.710799] (xrf2_msgs) StdoutLine: {'line': b'-- Up-to-date: /home/asdfr-30/ASDfR_3/install/xrf2_msgs/include/xrf2_msgs/xrf2_msgs/msg/rosidl_typesupport_fastrtps_cpp__visibility_control.h\n'}
[2.712264] (xrf2_msgs) StdoutLine: {'line': b'-- Up-to-date: /home/asdfr-30/ASDfR_3/install/xrf2_msgs/include/xrf2_msgs/xrf2_msgs/msg/detail\n'}
[2.713684] (xrf2_msgs) StdoutLine: {'line': b'-- Up-to-date: /home/asdfr-30/ASDfR_3/install/xrf2_msgs/include/xrf2_msgs/xrf2_msgs/msg/detail/dds_fastrtps\n'}
[2.715037] (xrf2_msgs) StdoutLine: {'line': b'-- Up-to-date: /home/asdfr-30/ASDfR_3/install/xrf2_msgs/include/xrf2_msgs/xrf2_msgs/msg/detail/xeno2_ros__rosidl_typesupport_fastrtps_cpp.hpp\n'}
[2.716328] (xrf2_msgs) StdoutLine: {'line': b'-- Up-to-date: /home/asdfr-30/ASDfR_3/install/xrf2_msgs/include/xrf2_msgs/xrf2_msgs/msg/detail/ros2_xeno__rosidl_typesupport_fastrtps_cpp.hpp\n'}
[2.719636] (xrf2_msgs) StdoutLine: {'line': b'-- Up-to-date: /home/asdfr-30/ASDfR_3/install/xrf2_msgs/lib/libxrf2_msgs__rosidl_typesupport_fastrtps_cpp.so\n'}
[2.721140] (xrf2_msgs) StdoutLine: {'line': b'-- Up-to-date: /home/asdfr-30/ASDfR_3/install/xrf2_msgs/include/xrf2_msgs/xrf2_msgs\n'}
[2.722586] (xrf2_msgs) StdoutLine: {'line': b'-- Up-to-date: /home/asdfr-30/ASDfR_3/install/xrf2_msgs/include/xrf2_msgs/xrf2_msgs/msg\n'}
[2.723873] (xrf2_msgs) StdoutLine: {'line': b'-- Up-to-date: /home/asdfr-30/ASDfR_3/install/xrf2_msgs/include/xrf2_msgs/xrf2_msgs/msg/detail\n'}
[2.725120] (xrf2_msgs) StdoutLine: {'line': b'-- Up-to-date: /home/asdfr-30/ASDfR_3/install/xrf2_msgs/include/xrf2_msgs/xrf2_msgs/msg/detail/xeno2_ros__type_support.cpp\n'}
[2.726513] (xrf2_msgs) StdoutLine: {'line': b'-- Up-to-date: /home/asdfr-30/ASDfR_3/install/xrf2_msgs/include/xrf2_msgs/xrf2_msgs/msg/detail/xeno2_ros__rosidl_typesupport_introspection_cpp.hpp\n'}
[2.727720] (xrf2_msgs) StdoutLine: {'line': b'-- Up-to-date: /home/asdfr-30/ASDfR_3/install/xrf2_msgs/include/xrf2_msgs/xrf2_msgs/msg/detail/ros2_xeno__rosidl_typesupport_introspection_cpp.hpp\n'}
[2.729611] (xrf2_msgs) StdoutLine: {'line': b'-- Up-to-date: /home/asdfr-30/ASDfR_3/install/xrf2_msgs/include/xrf2_msgs/xrf2_msgs/msg/detail/ros2_xeno__type_support.cpp\n'}
[2.730906] (xrf2_msgs) StdoutLine: {'line': b'-- Up-to-date: /home/asdfr-30/ASDfR_3/install/xrf2_msgs/lib/libxrf2_msgs__rosidl_typesupport_introspection_cpp.so\n'}
[2.732133] (xrf2_msgs) StdoutLine: {'line': b'-- Up-to-date: /home/asdfr-30/ASDfR_3/install/xrf2_msgs/lib/libxrf2_msgs__rosidl_typesupport_cpp.so\n'}
[2.733496] (xrf2_msgs) StdoutLine: {'line': b'-- Up-to-date: /home/asdfr-30/ASDfR_3/install/xrf2_msgs/share/xrf2_msgs/environment/pythonpath.sh\n'}
[2.735294] (xrf2_msgs) StdoutLine: {'line': b'-- Up-to-date: /home/asdfr-30/ASDfR_3/install/xrf2_msgs/share/xrf2_msgs/environment/pythonpath.dsv\n'}
[2.736573] (xrf2_msgs) StdoutLine: {'line': b'-- Up-to-date: /home/asdfr-30/ASDfR_3/install/xrf2_msgs/local/lib/python3.10/dist-packages/xrf2_msgs-0.0.0-py3.10.egg-info\n'}
[2.737988] (xrf2_msgs) StdoutLine: {'line': b'-- Installing: /home/asdfr-30/ASDfR_3/install/xrf2_msgs/local/lib/python3.10/dist-packages/xrf2_msgs-0.0.0-py3.10.egg-info/top_level.txt\n'}
[2.739303] (xrf2_msgs) StdoutLine: {'line': b'-- Installing: /home/asdfr-30/ASDfR_3/install/xrf2_msgs/local/lib/python3.10/dist-packages/xrf2_msgs-0.0.0-py3.10.egg-info/SOURCES.txt\n'}
[2.740481] (xrf2_msgs) StdoutLine: {'line': b'-- Installing: /home/asdfr-30/ASDfR_3/install/xrf2_msgs/local/lib/python3.10/dist-packages/xrf2_msgs-0.0.0-py3.10.egg-info/PKG-INFO\n'}
[2.741894] (xrf2_msgs) StdoutLine: {'line': b'-- Installing: /home/asdfr-30/ASDfR_3/install/xrf2_msgs/local/lib/python3.10/dist-packages/xrf2_msgs-0.0.0-py3.10.egg-info/dependency_links.txt\n'}
[2.743109] (xrf2_msgs) StdoutLine: {'line': b'-- Up-to-date: /home/asdfr-30/ASDfR_3/install/xrf2_msgs/local/lib/python3.10/dist-packages/xrf2_msgs\n'}
[2.744414] (xrf2_msgs) StdoutLine: {'line': b'-- Up-to-date: /home/asdfr-30/ASDfR_3/install/xrf2_msgs/local/lib/python3.10/dist-packages/xrf2_msgs/xrf2_msgs_s__rosidl_typesupport_introspection_c.cpython-310-aarch64-linux-gnu.so\n'}
[2.745756] (xrf2_msgs) StdoutLine: {'line': b'-- Up-to-date: /home/asdfr-30/ASDfR_3/install/xrf2_msgs/local/lib/python3.10/dist-packages/xrf2_msgs/_xrf2_msgs_s.ep.rosidl_typesupport_c.c\n'}
[2.747130] (xrf2_msgs) StdoutLine: {'line': b'-- Up-to-date: /home/asdfr-30/ASDfR_3/install/xrf2_msgs/local/lib/python3.10/dist-packages/xrf2_msgs/_xrf2_msgs_s.ep.rosidl_typesupport_introspection_c.c\n'}
[2.748429] (xrf2_msgs) StdoutLine: {'line': b'-- Up-to-date: /home/asdfr-30/ASDfR_3/install/xrf2_msgs/local/lib/python3.10/dist-packages/xrf2_msgs/_xrf2_msgs_s.ep.rosidl_typesupport_fastrtps_c.c\n'}
[2.749855] (xrf2_msgs) StdoutLine: {'line': b'-- Up-to-date: /home/asdfr-30/ASDfR_3/install/xrf2_msgs/local/lib/python3.10/dist-packages/xrf2_msgs/xrf2_msgs_s__rosidl_typesupport_fastrtps_c.cpython-310-aarch64-linux-gnu.so\n'}
[2.751247] (xrf2_msgs) StdoutLine: {'line': b'-- Up-to-date: /home/asdfr-30/ASDfR_3/install/xrf2_msgs/local/lib/python3.10/dist-packages/xrf2_msgs/msg\n'}
[2.752740] (xrf2_msgs) StdoutLine: {'line': b'-- Up-to-date: /home/asdfr-30/ASDfR_3/install/xrf2_msgs/local/lib/python3.10/dist-packages/xrf2_msgs/msg/_xeno2_ros_s.c\n'}
[2.754197] (xrf2_msgs) StdoutLine: {'line': b'-- Up-to-date: /home/asdfr-30/ASDfR_3/install/xrf2_msgs/local/lib/python3.10/dist-packages/xrf2_msgs/msg/_ros2_xeno.py\n'}
[2.755417] (xrf2_msgs) StdoutLine: {'line': b'-- Up-to-date: /home/asdfr-30/ASDfR_3/install/xrf2_msgs/local/lib/python3.10/dist-packages/xrf2_msgs/msg/__init__.py\n'}
[2.756944] (xrf2_msgs) StdoutLine: {'line': b'-- Up-to-date: /home/asdfr-30/ASDfR_3/install/xrf2_msgs/local/lib/python3.10/dist-packages/xrf2_msgs/msg/_ros2_xeno_s.c\n'}
[2.758400] (xrf2_msgs) StdoutLine: {'line': b'-- Up-to-date: /home/asdfr-30/ASDfR_3/install/xrf2_msgs/local/lib/python3.10/dist-packages/xrf2_msgs/msg/_xeno2_ros.py\n'}
[2.759719] (xrf2_msgs) StdoutLine: {'line': b'-- Up-to-date: /home/asdfr-30/ASDfR_3/install/xrf2_msgs/local/lib/python3.10/dist-packages/xrf2_msgs/libxrf2_msgs__rosidl_generator_py.so\n'}
[2.761234] (-) TimerEvent: {}
[2.762017] (xrf2_msgs) StdoutLine: {'line': b'-- Up-to-date: /home/asdfr-30/ASDfR_3/install/xrf2_msgs/local/lib/python3.10/dist-packages/xrf2_msgs/xrf2_msgs_s__rosidl_typesupport_c.cpython-310-aarch64-linux-gnu.so\n'}
[2.763454] (xrf2_msgs) StdoutLine: {'line': b'-- Up-to-date: /home/asdfr-30/ASDfR_3/install/xrf2_msgs/local/lib/python3.10/dist-packages/xrf2_msgs/__init__.py\n'}
[2.777199] (cam2image_vm2ros) StdoutLine: {'line': b'[100%] Built target cam2image_vm2ros\n'}
[2.820815] (cam2image_vm2ros) CommandEnded: {'returncode': 0}
[2.823387] (cam2image_vm2ros) JobProgress: {'identifier': 'cam2image_vm2ros', 'progress': 'install'}
[2.824125] (cam2image_vm2ros) Command: {'cmd': ['/usr/bin/cmake', '--install', '/home/asdfr-30/ASDfR_3/build/cam2image_vm2ros'], 'cwd': '/home/asdfr-30/ASDfR_3/build/cam2image_vm2ros', 'env': OrderedDict([('LESSOPEN', '| /usr/bin/lesspipe %s'), ('USER', 'asdfr-30'), ('SSH_CLIENT', '10.0.100.50 62304 22'), ('XDG_SESSION_TYPE', 'tty'), ('GIT_ASKPASS', '/home/asdfr-30/.vscode-server/cli/servers/Stable-4949701c880d4bdb949e3c0e6b400288da7f474b/server/extensions/git/dist/askpass.sh'), ('SHLVL', '1'), ('LD_LIBRARY_PATH', '/home/asdfr-30/ASDfR_3/install/xrf2_msgs/lib:/home/asdfr-30/ASDfR_3/install/cam2image_vm2ros/lib:/opt/ros/humble/opt/rviz_ogre_vendor/lib:/opt/ros/humble/lib/aarch64-linux-gnu:/opt/ros/humble/lib'), ('BROWSER', '/home/asdfr-30/.vscode-server/cli/servers/Stable-4949701c880d4bdb949e3c0e6b400288da7f474b/server/bin/helpers/browser.sh'), ('MOTD_SHOWN', 'pam'), ('HOME', '/home/asdfr-30'), ('TERM_PROGRAM_VERSION', '1.99.2'), ('VSCODE_IPC_HOOK_CLI', '/run/user/1030/vscode-ipc-15d83552-a65e-4ba7-8c2a-88ddf5a16074.sock'), ('ROS_PYTHON_VERSION', '3'), ('VSCODE_GIT_ASKPASS_MAIN', '/home/asdfr-30/.vscode-server/cli/servers/Stable-4949701c880d4bdb949e3c0e6b400288da7f474b/server/extensions/git/dist/askpass-main.js'), ('VSCODE_GIT_ASKPASS_NODE', '/home/asdfr-30/.vscode-server/cli/servers/Stable-4949701c880d4bdb949e3c0e6b400288da7f474b/server/node'), ('SSL_CERT_FILE', '/usr/lib/ssl/certs/ca-certificates.crt'), ('DBUS_SESSION_BUS_ADDRESS', 'unix:path=/run/user/1030/bus'), ('COLORTERM', 'truecolor'), ('COLCON_PREFIX_PATH', '/home/asdfr-30/ASDfR_3/install'), ('ROS_DISTRO', 'humble'), ('LOGNAME', 'asdfr-30'), ('_', '/usr/bin/colcon'), ('ROS_VERSION', '2'), ('XDG_SESSION_CLASS', 'user'), ('TERM', 'xterm-256color'), ('XDG_SESSION_ID', '6'), ('ROS_LOCALHOST_ONLY', '1'), ('PATH', '/home/asdfr-30/.vscode-server/cli/servers/Stable-4949701c880d4bdb949e3c0e6b400288da7f474b/server/bin/remote-cli:/opt/ros/humble/bin:/usr/local/sbin:/usr/local/bin:/usr/sbin:/usr/bin:/sbin:/bin:/usr/games:/usr/local/games:/snap/bin:/usr/evl/bin:/opt/relbot-software/bin:/home/asdfr-30/.vscode-server/data/User/globalStorage/github.copilot-chat/debugCommand:/usr/evl/bin:/opt/relbot-software/bin'), ('XDG_RUNTIME_DIR', '/run/user/1030'), ('SSL_CERT_DIR', '/usr/lib/ssl/certs'), ('LANG', 'C.UTF-8'), ('LS_COLORS', 'rs=0:di=01;34:ln=01;36:mh=00:pi=40;33:so=01;35:do=01;35:bd=40;33;01:cd=40;33;01:or=40;31;01:mi=00:su=37;41:sg=30;43:ca=30;41:tw=30;42:ow=34;42:st=37;44:ex=01;32:*.tar=01;31:*.tgz=01;31:*.arc=01;31:*.arj=01;31:*.taz=01;31:*.lha=01;31:*.lz4=01;31:*.lzh=01;31:*.lzma=01;31:*.tlz=01;31:*.txz=01;31:*.tzo=01;31:*.t7z=01;31:*.zip=01;31:*.z=01;31:*.dz=01;31:*.gz=01;31:*.lrz=01;31:*.lz=01;31:*.lzo=01;31:*.xz=01;31:*.zst=01;31:*.tzst=01;31:*.bz2=01;31:*.bz=01;31:*.tbz=01;31:*.tbz2=01;31:*.tz=01;31:*.deb=01;31:*.rpm=01;31:*.jar=01;31:*.war=01;31:*.ear=01;31:*.sar=01;31:*.rar=01;31:*.alz=01;31:*.ace=01;31:*.zoo=01;31:*.cpio=01;31:*.7z=01;31:*.rz=01;31:*.cab=01;31:*.wim=01;31:*.swm=01;31:*.dwm=01;31:*.esd=01;31:*.jpg=01;35:*.jpeg=01;35:*.mjpg=01;35:*.mjpeg=01;35:*.gif=01;35:*.bmp=01;35:*.pbm=01;35:*.pgm=01;35:*.ppm=01;35:*.tga=01;35:*.xbm=01;35:*.xpm=01;35:*.tif=01;35:*.tiff=01;35:*.png=01;35:*.svg=01;35:*.svgz=01;35:*.mng=01;35:*.pcx=01;35:*.mov=01;35:*.mpg=01;35:*.mpeg=01;35:*.m2v=01;35:*.mkv=01;35:*.webm=01;35:*.webp=01;35:*.ogm=01;35:*.mp4=01;35:*.m4v=01;35:*.mp4v=01;35:*.vob=01;35:*.qt=01;35:*.nuv=01;35:*.wmv=01;35:*.asf=01;35:*.rm=01;35:*.rmvb=01;35:*.flc=01;35:*.avi=01;35:*.fli=01;35:*.flv=01;35:*.gl=01;35:*.dl=01;35:*.xcf=01;35:*.xwd=01;35:*.yuv=01;35:*.cgm=01;35:*.emf=01;35:*.ogv=01;35:*.ogx=01;35:*.aac=00;36:*.au=00;36:*.flac=00;36:*.m4a=00;36:*.mid=00;36:*.midi=00;36:*.mka=00;36:*.mp3=00;36:*.mpc=00;36:*.ogg=00;36:*.ra=00;36:*.wav=00;36:*.oga=00;36:*.opus=00;36:*.spx=00;36:*.xspf=00;36:'), ('VSCODE_GIT_IPC_HANDLE', '/run/user/1030/vscode-git-34f5e41956.sock'), ('TERM_PROGRAM', 'vscode'), ('AMENT_PREFIX_PATH', '/home/asdfr-30/ASDfR_3/install/sequence_controller:/home/asdfr-30/ASDfR_3/install/ros_xeno_bridge:/home/asdfr-30/ASDfR_3/install/xrf2_msgs:/home/asdfr-30/ASDfR_3/install/relbot_simulator:/home/asdfr-30/ASDfR_3/install/cam2image_vm2ros:/home/asdfr-30/ASDfR_3/install/ball_tracker:/opt/ros/humble'), ('SHELL', '/bin/bash'), ('LESSCLOSE', '/usr/bin/lesspipe %s %s'), ('VSCODE_GIT_ASKPASS_EXTRA_ARGS', ''), ('PWD', '/home/asdfr-30/ASDfR_3/build/cam2image_vm2ros'), ('SSH_CONNECTION', '10.0.100.50 62304 10.0.28.122 22'), ('PYTHONPATH', '/home/asdfr-30/ASDfR_3/install/xrf2_msgs/local/lib/python3.10/dist-packages:/opt/ros/humble/lib/python3.10/site-packages:/opt/ros/humble/local/lib/python3.10/dist-packages'), ('COLCON', '1'), ('CMAKE_PREFIX_PATH', '/home/asdfr-30/ASDfR_3/install/sequence_controller:/home/asdfr-30/ASDfR_3/install/ros_xeno_bridge:/home/asdfr-30/ASDfR_3/install/xrf2_msgs:/home/asdfr-30/ASDfR_3/install/relbot_simulator:/home/asdfr-30/ASDfR_3/install/cam2image_vm2ros:/home/asdfr-30/ASDfR_3/install/ball_tracker:/opt/ros/humble')]), 'shell': False}
[2.829698] (xrf2_msgs) StdoutLine: {'line': b"Listing '/home/asdfr-30/ASDfR_3/install/xrf2_msgs/local/lib/python3.10/dist-packages/xrf2_msgs'...\n"}
[2.832200] (xrf2_msgs) StdoutLine: {'line': b"Compiling '/home/asdfr-30/ASDfR_3/install/xrf2_msgs/local/lib/python3.10/dist-packages/xrf2_msgs/__init__.py'...\n"}
[2.834910] (xrf2_msgs) StdoutLine: {'line': b"Listing '/home/asdfr-30/ASDfR_3/install/xrf2_msgs/local/lib/python3.10/dist-packages/xrf2_msgs/msg'...\n"}
[2.867083] (-) TimerEvent: {}
[2.870067] (xrf2_msgs) StdoutLine: {'line': b"Compiling '/home/asdfr-30/ASDfR_3/install/xrf2_msgs/local/lib/python3.10/dist-packages/xrf2_msgs/msg/__init__.py'...\n"}
[2.871618] (xrf2_msgs) StdoutLine: {'line': b"Compiling '/home/asdfr-30/ASDfR_3/install/xrf2_msgs/local/lib/python3.10/dist-packages/xrf2_msgs/msg/_ros2_xeno.py'...\n"}
[2.873246] (xrf2_msgs) StdoutLine: {'line': b"Compiling '/home/asdfr-30/ASDfR_3/install/xrf2_msgs/local/lib/python3.10/dist-packages/xrf2_msgs/msg/_xeno2_ros.py'...\n"}
[2.885030] (xrf2_msgs) StdoutLine: {'line': b'-- Up-to-date: /home/asdfr-30/ASDfR_3/install/xrf2_msgs/local/lib/python3.10/dist-packages/xrf2_msgs/xrf2_msgs_s__rosidl_typesupport_fastrtps_c.cpython-310-aarch64-linux-gnu.so\n'}
[2.891792] (xrf2_msgs) StdoutLine: {'line': b'-- Up-to-date: /home/asdfr-30/ASDfR_3/install/xrf2_msgs/local/lib/python3.10/dist-packages/xrf2_msgs/xrf2_msgs_s__rosidl_typesupport_introspection_c.cpython-310-aarch64-linux-gnu.so\n'}
[2.896187] (xrf2_msgs) StdoutLine: {'line': b'-- Up-to-date: /home/asdfr-30/ASDfR_3/install/xrf2_msgs/local/lib/python3.10/dist-packages/xrf2_msgs/xrf2_msgs_s__rosidl_typesupport_c.cpython-310-aarch64-linux-gnu.so\n'}
[2.898964] (xrf2_msgs) StdoutLine: {'line': b'-- Up-to-date: /home/asdfr-30/ASDfR_3/install/xrf2_msgs/lib/libxrf2_msgs__rosidl_generator_py.so\n'}
[2.900429] (xrf2_msgs) StdoutLine: {'line': b'-- Up-to-date: /home/asdfr-30/ASDfR_3/install/xrf2_msgs/share/xrf2_msgs/msg/Ros2Xeno.idl\n'}
[2.903353] (xrf2_msgs) StdoutLine: {'line': b'-- Up-to-date: /home/asdfr-30/ASDfR_3/install/xrf2_msgs/share/xrf2_msgs/msg/Xeno2Ros.idl\n'}
[2.905385] (xrf2_msgs) StdoutLine: {'line': b'-- Up-to-date: /home/asdfr-30/ASDfR_3/install/xrf2_msgs/share/xrf2_msgs/msg/Ros2Xeno.msg\n'}
[2.906683] (xrf2_msgs) StdoutLine: {'line': b'-- Up-to-date: /home/asdfr-30/ASDfR_3/install/xrf2_msgs/share/xrf2_msgs/msg/Xeno2Ros.msg\n'}
[2.907780] (xrf2_msgs) StdoutLine: {'line': b'-- Up-to-date: /home/asdfr-30/ASDfR_3/install/xrf2_msgs/share/ament_index/resource_index/package_run_dependencies/xrf2_msgs\n'}
[2.910468] (xrf2_msgs) StdoutLine: {'line': b'-- Up-to-date: /home/asdfr-30/ASDfR_3/install/xrf2_msgs/share/ament_index/resource_index/parent_prefix_path/xrf2_msgs\n'}
[2.926134] (xrf2_msgs) StdoutLine: {'line': b'-- Up-to-date: /home/asdfr-30/ASDfR_3/install/xrf2_msgs/share/xrf2_msgs/environment/ament_prefix_path.sh\n'}
[2.927498] (xrf2_msgs) StdoutLine: {'line': b'-- Up-to-date: /home/asdfr-30/ASDfR_3/install/xrf2_msgs/share/xrf2_msgs/environment/ament_prefix_path.dsv\n'}
[2.928727] (xrf2_msgs) StdoutLine: {'line': b'-- Up-to-date: /home/asdfr-30/ASDfR_3/install/xrf2_msgs/share/xrf2_msgs/environment/path.sh\n'}
[2.938582] (xrf2_msgs) StdoutLine: {'line': b'-- Up-to-date: /home/asdfr-30/ASDfR_3/install/xrf2_msgs/share/xrf2_msgs/environment/path.dsv\n'}
[2.942522] (xrf2_msgs) StdoutLine: {'line': b'-- Up-to-date: /home/asdfr-30/ASDfR_3/install/xrf2_msgs/share/xrf2_msgs/local_setup.bash\n'}
[2.949754] (xrf2_msgs) StdoutLine: {'line': b'-- Up-to-date: /home/asdfr-30/ASDfR_3/install/xrf2_msgs/share/xrf2_msgs/local_setup.sh\n'}
[2.953701] (xrf2_msgs) StdoutLine: {'line': b'-- Up-to-date: /home/asdfr-30/ASDfR_3/install/xrf2_msgs/share/xrf2_msgs/local_setup.zsh\n'}
[2.960053] (xrf2_msgs) StdoutLine: {'line': b'-- Up-to-date: /home/asdfr-30/ASDfR_3/install/xrf2_msgs/share/xrf2_msgs/local_setup.dsv\n'}
[2.965447] (xrf2_msgs) StdoutLine: {'line': b'-- Installing: /home/asdfr-30/ASDfR_3/install/xrf2_msgs/share/xrf2_msgs/package.dsv\n'}
[2.973692] (-) TimerEvent: {}
[2.975668] (xrf2_msgs) StdoutLine: {'line': b'-- Up-to-date: /home/asdfr-30/ASDfR_3/install/xrf2_msgs/share/ament_index/resource_index/packages/xrf2_msgs\n'}
[2.980294] (xrf2_msgs) StdoutLine: {'line': b'-- Up-to-date: /home/asdfr-30/ASDfR_3/install/xrf2_msgs/share/xrf2_msgs/cmake/export_xrf2_msgs__rosidl_generator_cExport.cmake\n'}
[2.988858] (xrf2_msgs) StdoutLine: {'line': b'-- Up-to-date: /home/asdfr-30/ASDfR_3/install/xrf2_msgs/share/xrf2_msgs/cmake/export_xrf2_msgs__rosidl_generator_cExport-noconfig.cmake\n'}
[2.994238] (xrf2_msgs) StdoutLine: {'line': b'-- Up-to-date: /home/asdfr-30/ASDfR_3/install/xrf2_msgs/share/xrf2_msgs/cmake/export_xrf2_msgs__rosidl_typesupport_fastrtps_cExport.cmake\n'}
[3.002088] (xrf2_msgs) StdoutLine: {'line': b'-- Up-to-date: /home/asdfr-30/ASDfR_3/install/xrf2_msgs/share/xrf2_msgs/cmake/export_xrf2_msgs__rosidl_typesupport_fastrtps_cExport-noconfig.cmake\n'}
[3.006275] (xrf2_msgs) StdoutLine: {'line': b'-- Up-to-date: /home/asdfr-30/ASDfR_3/install/xrf2_msgs/share/xrf2_msgs/cmake/xrf2_msgs__rosidl_typesupport_introspection_cExport.cmake\n'}
[3.012978] (xrf2_msgs) StdoutLine: {'line': b'-- Up-to-date: /home/asdfr-30/ASDfR_3/install/xrf2_msgs/share/xrf2_msgs/cmake/xrf2_msgs__rosidl_typesupport_introspection_cExport-noconfig.cmake\n'}
[3.019124] (xrf2_msgs) StdoutLine: {'line': b'-- Up-to-date: /home/asdfr-30/ASDfR_3/install/xrf2_msgs/share/xrf2_msgs/cmake/xrf2_msgs__rosidl_typesupport_cExport.cmake\n'}
[3.028589] (xrf2_msgs) StdoutLine: {'line': b'-- Up-to-date: /home/asdfr-30/ASDfR_3/install/xrf2_msgs/share/xrf2_msgs/cmake/xrf2_msgs__rosidl_typesupport_cExport-noconfig.cmake\n'}
[3.032752] (xrf2_msgs) StdoutLine: {'line': b'-- Up-to-date: /home/asdfr-30/ASDfR_3/install/xrf2_msgs/share/xrf2_msgs/cmake/export_xrf2_msgs__rosidl_generator_cppExport.cmake\n'}
[3.039922] (xrf2_msgs) StdoutLine: {'line': b'-- Up-to-date: /home/asdfr-30/ASDfR_3/install/xrf2_msgs/share/xrf2_msgs/cmake/export_xrf2_msgs__rosidl_typesupport_fastrtps_cppExport.cmake\n'}
[3.049887] (xrf2_msgs) StdoutLine: {'line': b'-- Up-to-date: /home/asdfr-30/ASDfR_3/install/xrf2_msgs/share/xrf2_msgs/cmake/export_xrf2_msgs__rosidl_typesupport_fastrtps_cppExport-noconfig.cmake\n'}
[3.051539] (xrf2_msgs) StdoutLine: {'line': b'-- Up-to-date: /home/asdfr-30/ASDfR_3/install/xrf2_msgs/share/xrf2_msgs/cmake/xrf2_msgs__rosidl_typesupport_introspection_cppExport.cmake\n'}
[3.053140] (xrf2_msgs) StdoutLine: {'line': b'-- Up-to-date: /home/asdfr-30/ASDfR_3/install/xrf2_msgs/share/xrf2_msgs/cmake/xrf2_msgs__rosidl_typesupport_introspection_cppExport-noconfig.cmake\n'}
[3.054840] (xrf2_msgs) StdoutLine: {'line': b'-- Up-to-date: /home/asdfr-30/ASDfR_3/install/xrf2_msgs/share/xrf2_msgs/cmake/xrf2_msgs__rosidl_typesupport_cppExport.cmake\n'}
[3.056507] (xrf2_msgs) StdoutLine: {'line': b'-- Up-to-date: /home/asdfr-30/ASDfR_3/install/xrf2_msgs/share/xrf2_msgs/cmake/xrf2_msgs__rosidl_typesupport_cppExport-noconfig.cmake\n'}
[3.058127] (xrf2_msgs) StdoutLine: {'line': b'-- Up-to-date: /home/asdfr-30/ASDfR_3/install/xrf2_msgs/share/xrf2_msgs/cmake/export_xrf2_msgs__rosidl_generator_pyExport.cmake\n'}
[3.060409] (xrf2_msgs) StdoutLine: {'line': b'-- Up-to-date: /home/asdfr-30/ASDfR_3/install/xrf2_msgs/share/xrf2_msgs/cmake/export_xrf2_msgs__rosidl_generator_pyExport-noconfig.cmake\n'}
[3.081680] (-) TimerEvent: {}
[3.084249] (xrf2_msgs) StdoutLine: {'line': b'-- Up-to-date: /home/asdfr-30/ASDfR_3/install/xrf2_msgs/share/xrf2_msgs/cmake/rosidl_cmake-extras.cmake\n'}
[3.090574] (xrf2_msgs) StdoutLine: {'line': b'-- Up-to-date: /home/asdfr-30/ASDfR_3/install/xrf2_msgs/share/xrf2_msgs/cmake/ament_cmake_export_include_directories-extras.cmake\n'}
[3.101176] (xrf2_msgs) StdoutLine: {'line': b'-- Up-to-date: /home/asdfr-30/ASDfR_3/install/xrf2_msgs/share/xrf2_msgs/cmake/ament_cmake_export_libraries-extras.cmake\n'}
[3.114107] (xrf2_msgs) StdoutLine: {'line': b'-- Up-to-date: /home/asdfr-30/ASDfR_3/install/xrf2_msgs/share/xrf2_msgs/cmake/ament_cmake_export_targets-extras.cmake\n'}
[3.118380] (xrf2_msgs) StdoutLine: {'line': b'-- Up-to-date: /home/asdfr-30/ASDfR_3/install/xrf2_msgs/share/xrf2_msgs/cmake/rosidl_cmake_export_typesupport_targets-extras.cmake\n'}
[3.123554] (xrf2_msgs) StdoutLine: {'line': b'-- Up-to-date: /home/asdfr-30/ASDfR_3/install/xrf2_msgs/share/xrf2_msgs/cmake/ament_cmake_export_dependencies-extras.cmake\n'}
[3.126870] (xrf2_msgs) StdoutLine: {'line': b'-- Up-to-date: /home/asdfr-30/ASDfR_3/install/xrf2_msgs/share/xrf2_msgs/cmake/rosidl_cmake_export_typesupport_libraries-extras.cmake\n'}
[3.129714] (xrf2_msgs) StdoutLine: {'line': b'-- Up-to-date: /home/asdfr-30/ASDfR_3/install/xrf2_msgs/share/xrf2_msgs/cmake/xrf2_msgsConfig.cmake\n'}
[3.132427] (xrf2_msgs) StdoutLine: {'line': b'-- Up-to-date: /home/asdfr-30/ASDfR_3/install/xrf2_msgs/share/xrf2_msgs/cmake/xrf2_msgsConfig-version.cmake\n'}
[3.137027] (xrf2_msgs) StdoutLine: {'line': b'-- Up-to-date: /home/asdfr-30/ASDfR_3/install/xrf2_msgs/share/xrf2_msgs/package.xml\n'}
[3.140447] (cam2image_vm2ros) StdoutLine: {'line': b'-- Install configuration: ""\n'}
[3.144212] (cam2image_vm2ros) StdoutLine: {'line': b'-- Up-to-date: /home/asdfr-30/ASDfR_3/install/cam2image_vm2ros/lib/cam2image_vm2ros/cam2image\n'}
[3.148553] (cam2image_vm2ros) StdoutLine: {'line': b'-- Up-to-date: /home/asdfr-30/ASDfR_3/install/cam2image_vm2ros/lib/libcam2image_vm2ros.so\n'}
[3.152850] (cam2image_vm2ros) StdoutLine: {'line': b'-- Up-to-date: /home/asdfr-30/ASDfR_3/install/cam2image_vm2ros/include/cam2image_vm2ros\n'}
[3.157145] (cam2image_vm2ros) StdoutLine: {'line': b'-- Up-to-date: /home/asdfr-30/ASDfR_3/install/cam2image_vm2ros/include/cam2image_vm2ros/remote_capture.hpp\n'}
[3.162704] (cam2image_vm2ros) StdoutLine: {'line': b'-- Up-to-date: /home/asdfr-30/ASDfR_3/install/cam2image_vm2ros/include/cam2image_vm2ros/cam2image.hpp\n'}
[3.169998] (cam2image_vm2ros) StdoutLine: {'line': b'-- Up-to-date: /home/asdfr-30/ASDfR_3/install/cam2image_vm2ros/include/cam2image_vm2ros/visibility_control.h\n'}
[3.174922] (cam2image_vm2ros) StdoutLine: {'line': b'-- Up-to-date: /home/asdfr-30/ASDfR_3/install/cam2image_vm2ros/include/cam2image_vm2ros/base64.hpp\n'}
[3.178933] (cam2image_vm2ros) StdoutLine: {'line': b'-- Up-to-date: /home/asdfr-30/ASDfR_3/install/cam2image_vm2ros/share/cam2image_vm2ros/config\n'}
[3.182645] (-) TimerEvent: {}
[3.184979] (cam2image_vm2ros) StdoutLine: {'line': b'-- Up-to-date: /home/asdfr-30/ASDfR_3/install/cam2image_vm2ros/share/cam2image_vm2ros/config/cam2image.yaml\n'}
[3.191917] (cam2image_vm2ros) StdoutLine: {'line': b'-- Up-to-date: /home/asdfr-30/ASDfR_3/install/cam2image_vm2ros/share/cam2image_vm2ros/config/cam2image_relbot.yaml\n'}
[3.195288] (cam2image_vm2ros) StdoutLine: {'line': b'-- Up-to-date: /home/asdfr-30/ASDfR_3/install/cam2image_vm2ros/share/cam2image_vm2ros/environment/library_path.sh\n'}
[3.198492] (cam2image_vm2ros) StdoutLine: {'line': b'-- Up-to-date: /home/asdfr-30/ASDfR_3/install/cam2image_vm2ros/share/cam2image_vm2ros/environment/library_path.dsv\n'}
[3.201569] (cam2image_vm2ros) StdoutLine: {'line': b'-- Up-to-date: /home/asdfr-30/ASDfR_3/install/cam2image_vm2ros/share/ament_index/resource_index/package_run_dependencies/cam2image_vm2ros\n'}
[3.208264] (cam2image_vm2ros) StdoutLine: {'line': b'-- Installing: /home/asdfr-30/ASDfR_3/install/cam2image_vm2ros/share/ament_index/resource_index/parent_prefix_path/cam2image_vm2ros\n'}
[3.212584] (xrf2_msgs) CommandEnded: {'returncode': 0}
[3.215159] (cam2image_vm2ros) StdoutLine: {'line': b'-- Up-to-date: /home/asdfr-30/ASDfR_3/install/cam2image_vm2ros/share/cam2image_vm2ros/environment/ament_prefix_path.sh\n'}
[3.216682] (cam2image_vm2ros) StdoutLine: {'line': b'-- Up-to-date: /home/asdfr-30/ASDfR_3/install/cam2image_vm2ros/share/cam2image_vm2ros/environment/ament_prefix_path.dsv\n'}
[3.218437] (cam2image_vm2ros) StdoutLine: {'line': b'-- Up-to-date: /home/asdfr-30/ASDfR_3/install/cam2image_vm2ros/share/cam2image_vm2ros/environment/path.sh\n'}
[3.219924] (cam2image_vm2ros) StdoutLine: {'line': b'-- Up-to-date: /home/asdfr-30/ASDfR_3/install/cam2image_vm2ros/share/cam2image_vm2ros/environment/path.dsv\n'}
[3.221251] (cam2image_vm2ros) StdoutLine: {'line': b'-- Up-to-date: /home/asdfr-30/ASDfR_3/install/cam2image_vm2ros/share/cam2image_vm2ros/local_setup.bash\n'}
[3.222653] (cam2image_vm2ros) StdoutLine: {'line': b'-- Up-to-date: /home/asdfr-30/ASDfR_3/install/cam2image_vm2ros/share/cam2image_vm2ros/local_setup.sh\n'}
[3.224024] (cam2image_vm2ros) StdoutLine: {'line': b'-- Up-to-date: /home/asdfr-30/ASDfR_3/install/cam2image_vm2ros/share/cam2image_vm2ros/local_setup.zsh\n'}
[3.232182] (cam2image_vm2ros) StdoutLine: {'line': b'-- Up-to-date: /home/asdfr-30/ASDfR_3/install/cam2image_vm2ros/share/cam2image_vm2ros/local_setup.dsv\n'}
[3.235948] (cam2image_vm2ros) StdoutLine: {'line': b'-- Installing: /home/asdfr-30/ASDfR_3/install/cam2image_vm2ros/share/cam2image_vm2ros/package.dsv\n'}
[3.242139] (cam2image_vm2ros) StdoutLine: {'line': b'-- Up-to-date: /home/asdfr-30/ASDfR_3/install/cam2image_vm2ros/share/ament_index/resource_index/packages/cam2image_vm2ros\n'}
[3.245136] (cam2image_vm2ros) StdoutLine: {'line': b'-- Up-to-date: /home/asdfr-30/ASDfR_3/install/cam2image_vm2ros/share/ament_index/resource_index/rclcpp_components/cam2image_vm2ros\n'}
[3.248326] (cam2image_vm2ros) StdoutLine: {'line': b'-- Up-to-date: /home/asdfr-30/ASDfR_3/install/cam2image_vm2ros/share/cam2image_vm2ros/cmake/cam2image_vm2rosExport.cmake\n'}
[3.252842] (cam2image_vm2ros) StdoutLine: {'line': b'-- Up-to-date: /home/asdfr-30/ASDfR_3/install/cam2image_vm2ros/share/cam2image_vm2ros/cmake/cam2image_vm2rosExport-noconfig.cmake\n'}
[3.256242] (cam2image_vm2ros) StdoutLine: {'line': b'-- Up-to-date: /home/asdfr-30/ASDfR_3/install/cam2image_vm2ros/share/cam2image_vm2ros/cmake/ament_cmake_export_libraries-extras.cmake\n'}
[3.259566] (cam2image_vm2ros) StdoutLine: {'line': b'-- Up-to-date: /home/asdfr-30/ASDfR_3/install/cam2image_vm2ros/share/cam2image_vm2ros/cmake/ament_cmake_export_targets-extras.cmake\n'}
[3.262931] (cam2image_vm2ros) StdoutLine: {'line': b'-- Up-to-date: /home/asdfr-30/ASDfR_3/install/cam2image_vm2ros/share/cam2image_vm2ros/cmake/ament_cmake_export_dependencies-extras.cmake\n'}
[3.267027] (cam2image_vm2ros) StdoutLine: {'line': b'-- Up-to-date: /home/asdfr-30/ASDfR_3/install/cam2image_vm2ros/share/cam2image_vm2ros/cmake/cam2image_vm2rosConfig.cmake\n'}
[3.271457] (cam2image_vm2ros) StdoutLine: {'line': b'-- Up-to-date: /home/asdfr-30/ASDfR_3/install/cam2image_vm2ros/share/cam2image_vm2ros/cmake/cam2image_vm2rosConfig-version.cmake\n'}
[3.275841] (cam2image_vm2ros) StdoutLine: {'line': b'-- Up-to-date: /home/asdfr-30/ASDfR_3/install/cam2image_vm2ros/share/cam2image_vm2ros/package.xml\n'}
[3.279888] (xrf2_msgs) JobEnded: {'identifier': 'xrf2_msgs', 'rc': 0}
[3.285048] (-) TimerEvent: {}
[3.288805] (relbot_simulator) JobStarted: {'identifier': 'relbot_simulator'}
[3.289843] (relbot_simulator) JobProgress: {'identifier': 'relbot_simulator', 'progress': 'cmake'}
[3.290738] (relbot_simulator) JobProgress: {'identifier': 'relbot_simulator', 'progress': 'build'}
[3.291827] (relbot_simulator) Command: {'cmd': ['/usr/bin/cmake', '--build', '/home/asdfr-30/ASDfR_3/build/relbot_simulator', '--', '-j3', '-l3'], 'cwd': '/home/asdfr-30/ASDfR_3/build/relbot_simulator', 'env': OrderedDict([('LESSOPEN', '| /usr/bin/lesspipe %s'), ('USER', 'asdfr-30'), ('SSH_CLIENT', '10.0.100.50 62304 22'), ('XDG_SESSION_TYPE', 'tty'), ('GIT_ASKPASS', '/home/asdfr-30/.vscode-server/cli/servers/Stable-4949701c880d4bdb949e3c0e6b400288da7f474b/server/extensions/git/dist/askpass.sh'), ('SHLVL', '1'), ('LD_LIBRARY_PATH', '/home/asdfr-30/ASDfR_3/install/xrf2_msgs/lib:/home/asdfr-30/ASDfR_3/install/cam2image_vm2ros/lib:/opt/ros/humble/opt/rviz_ogre_vendor/lib:/opt/ros/humble/lib/aarch64-linux-gnu:/opt/ros/humble/lib'), ('BROWSER', '/home/asdfr-30/.vscode-server/cli/servers/Stable-4949701c880d4bdb949e3c0e6b400288da7f474b/server/bin/helpers/browser.sh'), ('MOTD_SHOWN', 'pam'), ('HOME', '/home/asdfr-30'), ('TERM_PROGRAM_VERSION', '1.99.2'), ('VSCODE_IPC_HOOK_CLI', '/run/user/1030/vscode-ipc-15d83552-a65e-4ba7-8c2a-88ddf5a16074.sock'), ('ROS_PYTHON_VERSION', '3'), ('VSCODE_GIT_ASKPASS_MAIN', '/home/asdfr-30/.vscode-server/cli/servers/Stable-4949701c880d4bdb949e3c0e6b400288da7f474b/server/extensions/git/dist/askpass-main.js'), ('VSCODE_GIT_ASKPASS_NODE', '/home/asdfr-30/.vscode-server/cli/servers/Stable-4949701c880d4bdb949e3c0e6b400288da7f474b/server/node'), ('SSL_CERT_FILE', '/usr/lib/ssl/certs/ca-certificates.crt'), ('DBUS_SESSION_BUS_ADDRESS', 'unix:path=/run/user/1030/bus'), ('COLORTERM', 'truecolor'), ('COLCON_PREFIX_PATH', '/home/asdfr-30/ASDfR_3/install'), ('ROS_DISTRO', 'humble'), ('LOGNAME', 'asdfr-30'), ('_', '/usr/bin/colcon'), ('ROS_VERSION', '2'), ('XDG_SESSION_CLASS', 'user'), ('TERM', 'xterm-256color'), ('XDG_SESSION_ID', '6'), ('ROS_LOCALHOST_ONLY', '1'), ('PATH', '/home/asdfr-30/.vscode-server/cli/servers/Stable-4949701c880d4bdb949e3c0e6b400288da7f474b/server/bin/remote-cli:/opt/ros/humble/bin:/usr/local/sbin:/usr/local/bin:/usr/sbin:/usr/bin:/sbin:/bin:/usr/games:/usr/local/games:/snap/bin:/usr/evl/bin:/opt/relbot-software/bin:/home/asdfr-30/.vscode-server/data/User/globalStorage/github.copilot-chat/debugCommand:/usr/evl/bin:/opt/relbot-software/bin'), ('XDG_RUNTIME_DIR', '/run/user/1030'), ('SSL_CERT_DIR', '/usr/lib/ssl/certs'), ('LANG', 'C.UTF-8'), ('LS_COLORS', 'rs=0:di=01;34:ln=01;36:mh=00:pi=40;33:so=01;35:do=01;35:bd=40;33;01:cd=40;33;01:or=40;31;01:mi=00:su=37;41:sg=30;43:ca=30;41:tw=30;42:ow=34;42:st=37;44:ex=01;32:*.tar=01;31:*.tgz=01;31:*.arc=01;31:*.arj=01;31:*.taz=01;31:*.lha=01;31:*.lz4=01;31:*.lzh=01;31:*.lzma=01;31:*.tlz=01;31:*.txz=01;31:*.tzo=01;31:*.t7z=01;31:*.zip=01;31:*.z=01;31:*.dz=01;31:*.gz=01;31:*.lrz=01;31:*.lz=01;31:*.lzo=01;31:*.xz=01;31:*.zst=01;31:*.tzst=01;31:*.bz2=01;31:*.bz=01;31:*.tbz=01;31:*.tbz2=01;31:*.tz=01;31:*.deb=01;31:*.rpm=01;31:*.jar=01;31:*.war=01;31:*.ear=01;31:*.sar=01;31:*.rar=01;31:*.alz=01;31:*.ace=01;31:*.zoo=01;31:*.cpio=01;31:*.7z=01;31:*.rz=01;31:*.cab=01;31:*.wim=01;31:*.swm=01;31:*.dwm=01;31:*.esd=01;31:*.jpg=01;35:*.jpeg=01;35:*.mjpg=01;35:*.mjpeg=01;35:*.gif=01;35:*.bmp=01;35:*.pbm=01;35:*.pgm=01;35:*.ppm=01;35:*.tga=01;35:*.xbm=01;35:*.xpm=01;35:*.tif=01;35:*.tiff=01;35:*.png=01;35:*.svg=01;35:*.svgz=01;35:*.mng=01;35:*.pcx=01;35:*.mov=01;35:*.mpg=01;35:*.mpeg=01;35:*.m2v=01;35:*.mkv=01;35:*.webm=01;35:*.webp=01;35:*.ogm=01;35:*.mp4=01;35:*.m4v=01;35:*.mp4v=01;35:*.vob=01;35:*.qt=01;35:*.nuv=01;35:*.wmv=01;35:*.asf=01;35:*.rm=01;35:*.rmvb=01;35:*.flc=01;35:*.avi=01;35:*.fli=01;35:*.flv=01;35:*.gl=01;35:*.dl=01;35:*.xcf=01;35:*.xwd=01;35:*.yuv=01;35:*.cgm=01;35:*.emf=01;35:*.ogv=01;35:*.ogx=01;35:*.aac=00;36:*.au=00;36:*.flac=00;36:*.m4a=00;36:*.mid=00;36:*.midi=00;36:*.mka=00;36:*.mp3=00;36:*.mpc=00;36:*.ogg=00;36:*.ra=00;36:*.wav=00;36:*.oga=00;36:*.opus=00;36:*.spx=00;36:*.xspf=00;36:'), ('VSCODE_GIT_IPC_HANDLE', '/run/user/1030/vscode-git-34f5e41956.sock'), ('TERM_PROGRAM', 'vscode'), ('AMENT_PREFIX_PATH', '/home/asdfr-30/ASDfR_3/install/sequence_controller:/home/asdfr-30/ASDfR_3/install/ros_xeno_bridge:/home/asdfr-30/ASDfR_3/install/xrf2_msgs:/home/asdfr-30/ASDfR_3/install/relbot_simulator:/home/asdfr-30/ASDfR_3/install/cam2image_vm2ros:/home/asdfr-30/ASDfR_3/install/ball_tracker:/opt/ros/humble'), ('SHELL', '/bin/bash'), ('LESSCLOSE', '/usr/bin/lesspipe %s %s'), ('VSCODE_GIT_ASKPASS_EXTRA_ARGS', ''), ('PWD', '/home/asdfr-30/ASDfR_3/build/relbot_simulator'), ('SSH_CONNECTION', '10.0.100.50 62304 10.0.28.122 22'), ('PYTHONPATH', '/home/asdfr-30/ASDfR_3/install/xrf2_msgs/local/lib/python3.10/dist-packages:/opt/ros/humble/lib/python3.10/site-packages:/opt/ros/humble/local/lib/python3.10/dist-packages'), ('COLCON', '1'), ('CMAKE_PREFIX_PATH', '/home/asdfr-30/ASDfR_3/install/sequence_controller:/home/asdfr-30/ASDfR_3/install/ros_xeno_bridge:/home/asdfr-30/ASDfR_3/install/xrf2_msgs:/home/asdfr-30/ASDfR_3/install/relbot_simulator:/home/asdfr-30/ASDfR_3/install/cam2image_vm2ros:/home/asdfr-30/ASDfR_3/install/ball_tracker:/opt/ros/humble')]), 'shell': False}
[3.329626] (cam2image_vm2ros) CommandEnded: {'returncode': 0}
[3.385263] (-) TimerEvent: {}
[3.453515] (cam2image_vm2ros) JobEnded: {'identifier': 'cam2image_vm2ros', 'rc': 0}
[3.457952] (ros_xeno_bridge) JobStarted: {'identifier': 'ros_xeno_bridge'}
[3.496311] (-) TimerEvent: {}
[3.506365] (ros_xeno_bridge) JobProgress: {'identifier': 'ros_xeno_bridge', 'progress': 'cmake'}
[3.513634] (ros_xeno_bridge) JobProgress: {'identifier': 'ros_xeno_bridge', 'progress': 'build'}
[3.518217] (ros_xeno_bridge) Command: {'cmd': ['/usr/bin/cmake', '--build', '/home/asdfr-30/ASDfR_3/build/ros_xeno_bridge', '--', '-j3', '-l3'], 'cwd': '/home/asdfr-30/ASDfR_3/build/ros_xeno_bridge', 'env': OrderedDict([('LESSOPEN', '| /usr/bin/lesspipe %s'), ('USER', 'asdfr-30'), ('SSH_CLIENT', '10.0.100.50 62304 22'), ('XDG_SESSION_TYPE', 'tty'), ('GIT_ASKPASS', '/home/asdfr-30/.vscode-server/cli/servers/Stable-4949701c880d4bdb949e3c0e6b400288da7f474b/server/extensions/git/dist/askpass.sh'), ('SHLVL', '1'), ('LD_LIBRARY_PATH', '/home/asdfr-30/ASDfR_3/install/xrf2_msgs/lib:/home/asdfr-30/ASDfR_3/install/cam2image_vm2ros/lib:/opt/ros/humble/opt/rviz_ogre_vendor/lib:/opt/ros/humble/lib/aarch64-linux-gnu:/opt/ros/humble/lib'), ('BROWSER', '/home/asdfr-30/.vscode-server/cli/servers/Stable-4949701c880d4bdb949e3c0e6b400288da7f474b/server/bin/helpers/browser.sh'), ('MOTD_SHOWN', 'pam'), ('HOME', '/home/asdfr-30'), ('TERM_PROGRAM_VERSION', '1.99.2'), ('VSCODE_IPC_HOOK_CLI', '/run/user/1030/vscode-ipc-15d83552-a65e-4ba7-8c2a-88ddf5a16074.sock'), ('ROS_PYTHON_VERSION', '3'), ('VSCODE_GIT_ASKPASS_MAIN', '/home/asdfr-30/.vscode-server/cli/servers/Stable-4949701c880d4bdb949e3c0e6b400288da7f474b/server/extensions/git/dist/askpass-main.js'), ('VSCODE_GIT_ASKPASS_NODE', '/home/asdfr-30/.vscode-server/cli/servers/Stable-4949701c880d4bdb949e3c0e6b400288da7f474b/server/node'), ('SSL_CERT_FILE', '/usr/lib/ssl/certs/ca-certificates.crt'), ('DBUS_SESSION_BUS_ADDRESS', 'unix:path=/run/user/1030/bus'), ('COLORTERM', 'truecolor'), ('COLCON_PREFIX_PATH', '/home/asdfr-30/ASDfR_3/install'), ('ROS_DISTRO', 'humble'), ('LOGNAME', 'asdfr-30'), ('_', '/usr/bin/colcon'), ('ROS_VERSION', '2'), ('XDG_SESSION_CLASS', 'user'), ('TERM', 'xterm-256color'), ('XDG_SESSION_ID', '6'), ('ROS_LOCALHOST_ONLY', '1'), ('PATH', '/home/asdfr-30/.vscode-server/cli/servers/Stable-4949701c880d4bdb949e3c0e6b400288da7f474b/server/bin/remote-cli:/opt/ros/humble/bin:/usr/local/sbin:/usr/local/bin:/usr/sbin:/usr/bin:/sbin:/bin:/usr/games:/usr/local/games:/snap/bin:/usr/evl/bin:/opt/relbot-software/bin:/home/asdfr-30/.vscode-server/data/User/globalStorage/github.copilot-chat/debugCommand:/usr/evl/bin:/opt/relbot-software/bin'), ('XDG_RUNTIME_DIR', '/run/user/1030'), ('SSL_CERT_DIR', '/usr/lib/ssl/certs'), ('LANG', 'C.UTF-8'), ('LS_COLORS', 'rs=0:di=01;34:ln=01;36:mh=00:pi=40;33:so=01;35:do=01;35:bd=40;33;01:cd=40;33;01:or=40;31;01:mi=00:su=37;41:sg=30;43:ca=30;41:tw=30;42:ow=34;42:st=37;44:ex=01;32:*.tar=01;31:*.tgz=01;31:*.arc=01;31:*.arj=01;31:*.taz=01;31:*.lha=01;31:*.lz4=01;31:*.lzh=01;31:*.lzma=01;31:*.tlz=01;31:*.txz=01;31:*.tzo=01;31:*.t7z=01;31:*.zip=01;31:*.z=01;31:*.dz=01;31:*.gz=01;31:*.lrz=01;31:*.lz=01;31:*.lzo=01;31:*.xz=01;31:*.zst=01;31:*.tzst=01;31:*.bz2=01;31:*.bz=01;31:*.tbz=01;31:*.tbz2=01;31:*.tz=01;31:*.deb=01;31:*.rpm=01;31:*.jar=01;31:*.war=01;31:*.ear=01;31:*.sar=01;31:*.rar=01;31:*.alz=01;31:*.ace=01;31:*.zoo=01;31:*.cpio=01;31:*.7z=01;31:*.rz=01;31:*.cab=01;31:*.wim=01;31:*.swm=01;31:*.dwm=01;31:*.esd=01;31:*.jpg=01;35:*.jpeg=01;35:*.mjpg=01;35:*.mjpeg=01;35:*.gif=01;35:*.bmp=01;35:*.pbm=01;35:*.pgm=01;35:*.ppm=01;35:*.tga=01;35:*.xbm=01;35:*.xpm=01;35:*.tif=01;35:*.tiff=01;35:*.png=01;35:*.svg=01;35:*.svgz=01;35:*.mng=01;35:*.pcx=01;35:*.mov=01;35:*.mpg=01;35:*.mpeg=01;35:*.m2v=01;35:*.mkv=01;35:*.webm=01;35:*.webp=01;35:*.ogm=01;35:*.mp4=01;35:*.m4v=01;35:*.mp4v=01;35:*.vob=01;35:*.qt=01;35:*.nuv=01;35:*.wmv=01;35:*.asf=01;35:*.rm=01;35:*.rmvb=01;35:*.flc=01;35:*.avi=01;35:*.fli=01;35:*.flv=01;35:*.gl=01;35:*.dl=01;35:*.xcf=01;35:*.xwd=01;35:*.yuv=01;35:*.cgm=01;35:*.emf=01;35:*.ogv=01;35:*.ogx=01;35:*.aac=00;36:*.au=00;36:*.flac=00;36:*.m4a=00;36:*.mid=00;36:*.midi=00;36:*.mka=00;36:*.mp3=00;36:*.mpc=00;36:*.ogg=00;36:*.ra=00;36:*.wav=00;36:*.oga=00;36:*.opus=00;36:*.spx=00;36:*.xspf=00;36:'), ('VSCODE_GIT_IPC_HANDLE', '/run/user/1030/vscode-git-34f5e41956.sock'), ('TERM_PROGRAM', 'vscode'), ('AMENT_PREFIX_PATH', '/home/asdfr-30/ASDfR_3/install/sequence_controller:/home/asdfr-30/ASDfR_3/install/ros_xeno_bridge:/home/asdfr-30/ASDfR_3/install/xrf2_msgs:/home/asdfr-30/ASDfR_3/install/relbot_simulator:/home/asdfr-30/ASDfR_3/install/cam2image_vm2ros:/home/asdfr-30/ASDfR_3/install/ball_tracker:/opt/ros/humble'), ('SHELL', '/bin/bash'), ('LESSCLOSE', '/usr/bin/lesspipe %s %s'), ('VSCODE_GIT_ASKPASS_EXTRA_ARGS', ''), ('PWD', '/home/asdfr-30/ASDfR_3/build/ros_xeno_bridge'), ('SSH_CONNECTION', '10.0.100.50 62304 10.0.28.122 22'), ('PYTHONPATH', '/home/asdfr-30/ASDfR_3/install/xrf2_msgs/local/lib/python3.10/dist-packages:/opt/ros/humble/lib/python3.10/site-packages:/opt/ros/humble/local/lib/python3.10/dist-packages'), ('COLCON', '1'), ('CMAKE_PREFIX_PATH', '/home/asdfr-30/ASDfR_3/install/xrf2_msgs:/home/asdfr-30/ASDfR_3/install/sequence_controller:/home/asdfr-30/ASDfR_3/install/ros_xeno_bridge:/home/asdfr-30/ASDfR_3/install/relbot_simulator:/home/asdfr-30/ASDfR_3/install/cam2image_vm2ros:/home/asdfr-30/ASDfR_3/install/ball_tracker:/opt/ros/humble')]), 'shell': False}
[3.572580] (relbot_simulator) StdoutLine: {'line': b'\x1b[35m\x1b[1mConsolidate compiler generated dependencies of target relbot_simulator\x1b[0m\n'}
[3.597002] (-) TimerEvent: {}
[3.698272] (-) TimerEvent: {}
[3.791476] (ros_xeno_bridge) StdoutLine: {'line': b'\x1b[35m\x1b[1mConsolidate compiler generated dependencies of target RosXenoBridge\x1b[0m\n'}
[3.801711] (-) TimerEvent: {}
[3.905476] (-) TimerEvent: {}
[4.006459] (-) TimerEvent: {}
[4.107414] (-) TimerEvent: {}
[4.200051] (ros_xeno_bridge) StdoutLine: {'line': b'[100%] Built target RosXenoBridge\n'}
[4.207636] (-) TimerEvent: {}
[4.232529] (ros_xeno_bridge) CommandEnded: {'returncode': 0}
[4.253660] (ros_xeno_bridge) JobProgress: {'identifier': 'ros_xeno_bridge', 'progress': 'install'}
[4.254108] (ros_xeno_bridge) Command: {'cmd': ['/usr/bin/cmake', '--install', '/home/asdfr-30/ASDfR_3/build/ros_xeno_bridge'], 'cwd': '/home/asdfr-30/ASDfR_3/build/ros_xeno_bridge', 'env': OrderedDict([('LESSOPEN', '| /usr/bin/lesspipe %s'), ('USER', 'asdfr-30'), ('SSH_CLIENT', '10.0.100.50 62304 22'), ('XDG_SESSION_TYPE', 'tty'), ('GIT_ASKPASS', '/home/asdfr-30/.vscode-server/cli/servers/Stable-4949701c880d4bdb949e3c0e6b400288da7f474b/server/extensions/git/dist/askpass.sh'), ('SHLVL', '1'), ('LD_LIBRARY_PATH', '/home/asdfr-30/ASDfR_3/install/xrf2_msgs/lib:/home/asdfr-30/ASDfR_3/install/cam2image_vm2ros/lib:/opt/ros/humble/opt/rviz_ogre_vendor/lib:/opt/ros/humble/lib/aarch64-linux-gnu:/opt/ros/humble/lib'), ('BROWSER', '/home/asdfr-30/.vscode-server/cli/servers/Stable-4949701c880d4bdb949e3c0e6b400288da7f474b/server/bin/helpers/browser.sh'), ('MOTD_SHOWN', 'pam'), ('HOME', '/home/asdfr-30'), ('TERM_PROGRAM_VERSION', '1.99.2'), ('VSCODE_IPC_HOOK_CLI', '/run/user/1030/vscode-ipc-15d83552-a65e-4ba7-8c2a-88ddf5a16074.sock'), ('ROS_PYTHON_VERSION', '3'), ('VSCODE_GIT_ASKPASS_MAIN', '/home/asdfr-30/.vscode-server/cli/servers/Stable-4949701c880d4bdb949e3c0e6b400288da7f474b/server/extensions/git/dist/askpass-main.js'), ('VSCODE_GIT_ASKPASS_NODE', '/home/asdfr-30/.vscode-server/cli/servers/Stable-4949701c880d4bdb949e3c0e6b400288da7f474b/server/node'), ('SSL_CERT_FILE', '/usr/lib/ssl/certs/ca-certificates.crt'), ('DBUS_SESSION_BUS_ADDRESS', 'unix:path=/run/user/1030/bus'), ('COLORTERM', 'truecolor'), ('COLCON_PREFIX_PATH', '/home/asdfr-30/ASDfR_3/install'), ('ROS_DISTRO', 'humble'), ('LOGNAME', 'asdfr-30'), ('_', '/usr/bin/colcon'), ('ROS_VERSION', '2'), ('XDG_SESSION_CLASS', 'user'), ('TERM', 'xterm-256color'), ('XDG_SESSION_ID', '6'), ('ROS_LOCALHOST_ONLY', '1'), ('PATH', '/home/asdfr-30/.vscode-server/cli/servers/Stable-4949701c880d4bdb949e3c0e6b400288da7f474b/server/bin/remote-cli:/opt/ros/humble/bin:/usr/local/sbin:/usr/local/bin:/usr/sbin:/usr/bin:/sbin:/bin:/usr/games:/usr/local/games:/snap/bin:/usr/evl/bin:/opt/relbot-software/bin:/home/asdfr-30/.vscode-server/data/User/globalStorage/github.copilot-chat/debugCommand:/usr/evl/bin:/opt/relbot-software/bin'), ('XDG_RUNTIME_DIR', '/run/user/1030'), ('SSL_CERT_DIR', '/usr/lib/ssl/certs'), ('LANG', 'C.UTF-8'), ('LS_COLORS', 'rs=0:di=01;34:ln=01;36:mh=00:pi=40;33:so=01;35:do=01;35:bd=40;33;01:cd=40;33;01:or=40;31;01:mi=00:su=37;41:sg=30;43:ca=30;41:tw=30;42:ow=34;42:st=37;44:ex=01;32:*.tar=01;31:*.tgz=01;31:*.arc=01;31:*.arj=01;31:*.taz=01;31:*.lha=01;31:*.lz4=01;31:*.lzh=01;31:*.lzma=01;31:*.tlz=01;31:*.txz=01;31:*.tzo=01;31:*.t7z=01;31:*.zip=01;31:*.z=01;31:*.dz=01;31:*.gz=01;31:*.lrz=01;31:*.lz=01;31:*.lzo=01;31:*.xz=01;31:*.zst=01;31:*.tzst=01;31:*.bz2=01;31:*.bz=01;31:*.tbz=01;31:*.tbz2=01;31:*.tz=01;31:*.deb=01;31:*.rpm=01;31:*.jar=01;31:*.war=01;31:*.ear=01;31:*.sar=01;31:*.rar=01;31:*.alz=01;31:*.ace=01;31:*.zoo=01;31:*.cpio=01;31:*.7z=01;31:*.rz=01;31:*.cab=01;31:*.wim=01;31:*.swm=01;31:*.dwm=01;31:*.esd=01;31:*.jpg=01;35:*.jpeg=01;35:*.mjpg=01;35:*.mjpeg=01;35:*.gif=01;35:*.bmp=01;35:*.pbm=01;35:*.pgm=01;35:*.ppm=01;35:*.tga=01;35:*.xbm=01;35:*.xpm=01;35:*.tif=01;35:*.tiff=01;35:*.png=01;35:*.svg=01;35:*.svgz=01;35:*.mng=01;35:*.pcx=01;35:*.mov=01;35:*.mpg=01;35:*.mpeg=01;35:*.m2v=01;35:*.mkv=01;35:*.webm=01;35:*.webp=01;35:*.ogm=01;35:*.mp4=01;35:*.m4v=01;35:*.mp4v=01;35:*.vob=01;35:*.qt=01;35:*.nuv=01;35:*.wmv=01;35:*.asf=01;35:*.rm=01;35:*.rmvb=01;35:*.flc=01;35:*.avi=01;35:*.fli=01;35:*.flv=01;35:*.gl=01;35:*.dl=01;35:*.xcf=01;35:*.xwd=01;35:*.yuv=01;35:*.cgm=01;35:*.emf=01;35:*.ogv=01;35:*.ogx=01;35:*.aac=00;36:*.au=00;36:*.flac=00;36:*.m4a=00;36:*.mid=00;36:*.midi=00;36:*.mka=00;36:*.mp3=00;36:*.mpc=00;36:*.ogg=00;36:*.ra=00;36:*.wav=00;36:*.oga=00;36:*.opus=00;36:*.spx=00;36:*.xspf=00;36:'), ('VSCODE_GIT_IPC_HANDLE', '/run/user/1030/vscode-git-34f5e41956.sock'), ('TERM_PROGRAM', 'vscode'), ('AMENT_PREFIX_PATH', '/home/asdfr-30/ASDfR_3/install/sequence_controller:/home/asdfr-30/ASDfR_3/install/ros_xeno_bridge:/home/asdfr-30/ASDfR_3/install/xrf2_msgs:/home/asdfr-30/ASDfR_3/install/relbot_simulator:/home/asdfr-30/ASDfR_3/install/cam2image_vm2ros:/home/asdfr-30/ASDfR_3/install/ball_tracker:/opt/ros/humble'), ('SHELL', '/bin/bash'), ('LESSCLOSE', '/usr/bin/lesspipe %s %s'), ('VSCODE_GIT_ASKPASS_EXTRA_ARGS', ''), ('PWD', '/home/asdfr-30/ASDfR_3/build/ros_xeno_bridge'), ('SSH_CONNECTION', '10.0.100.50 62304 10.0.28.122 22'), ('PYTHONPATH', '/home/asdfr-30/ASDfR_3/install/xrf2_msgs/local/lib/python3.10/dist-packages:/opt/ros/humble/lib/python3.10/site-packages:/opt/ros/humble/local/lib/python3.10/dist-packages'), ('COLCON', '1'), ('CMAKE_PREFIX_PATH', '/home/asdfr-30/ASDfR_3/install/xrf2_msgs:/home/asdfr-30/ASDfR_3/install/sequence_controller:/home/asdfr-30/ASDfR_3/install/ros_xeno_bridge:/home/asdfr-30/ASDfR_3/install/relbot_simulator:/home/asdfr-30/ASDfR_3/install/cam2image_vm2ros:/home/asdfr-30/ASDfR_3/install/ball_tracker:/opt/ros/humble')]), 'shell': False}
[4.293826] (ros_xeno_bridge) StdoutLine: {'line': b'-- Install configuration: ""\n'}
[4.295217] (ros_xeno_bridge) StdoutLine: {'line': b'-- Up-to-date: /home/asdfr-30/ASDfR_3/install/ros_xeno_bridge/lib/ros_xeno_bridge/RosXenoBridge\n'}
[4.296499] (ros_xeno_bridge) StdoutLine: {'line': b'-- Up-to-date: /home/asdfr-30/ASDfR_3/install/ros_xeno_bridge/share/ament_index/resource_index/package_run_dependencies/ros_xeno_bridge\n'}
[4.297739] (ros_xeno_bridge) StdoutLine: {'line': b'-- Up-to-date: /home/asdfr-30/ASDfR_3/install/ros_xeno_bridge/share/ament_index/resource_index/parent_prefix_path/ros_xeno_bridge\n'}
[4.298894] (ros_xeno_bridge) StdoutLine: {'line': b'-- Up-to-date: /home/asdfr-30/ASDfR_3/install/ros_xeno_bridge/share/ros_xeno_bridge/environment/ament_prefix_path.sh\n'}
[4.300272] (ros_xeno_bridge) StdoutLine: {'line': b'-- Up-to-date: /home/asdfr-30/ASDfR_3/install/ros_xeno_bridge/share/ros_xeno_bridge/environment/ament_prefix_path.dsv\n'}
[4.301670] (ros_xeno_bridge) StdoutLine: {'line': b'-- Up-to-date: /home/asdfr-30/ASDfR_3/install/ros_xeno_bridge/share/ros_xeno_bridge/environment/path.sh\n'}
[4.302682] (ros_xeno_bridge) StdoutLine: {'line': b'-- Up-to-date: /home/asdfr-30/ASDfR_3/install/ros_xeno_bridge/share/ros_xeno_bridge/environment/path.dsv\n'}
[4.303546] (ros_xeno_bridge) StdoutLine: {'line': b'-- Up-to-date: /home/asdfr-30/ASDfR_3/install/ros_xeno_bridge/share/ros_xeno_bridge/local_setup.bash\n'}
[4.304384] (ros_xeno_bridge) StdoutLine: {'line': b'-- Up-to-date: /home/asdfr-30/ASDfR_3/install/ros_xeno_bridge/share/ros_xeno_bridge/local_setup.sh\n'}
[4.305214] (ros_xeno_bridge) StdoutLine: {'line': b'-- Up-to-date: /home/asdfr-30/ASDfR_3/install/ros_xeno_bridge/share/ros_xeno_bridge/local_setup.zsh\n'}
[4.310798] (-) TimerEvent: {}
[4.311326] (ros_xeno_bridge) StdoutLine: {'line': b'-- Up-to-date: /home/asdfr-30/ASDfR_3/install/ros_xeno_bridge/share/ros_xeno_bridge/local_setup.dsv\n'}
[4.312351] (ros_xeno_bridge) StdoutLine: {'line': b'-- Installing: /home/asdfr-30/ASDfR_3/install/ros_xeno_bridge/share/ros_xeno_bridge/package.dsv\n'}
[4.313217] (ros_xeno_bridge) StdoutLine: {'line': b'-- Up-to-date: /home/asdfr-30/ASDfR_3/install/ros_xeno_bridge/share/ament_index/resource_index/packages/ros_xeno_bridge\n'}
[4.314156] (ros_xeno_bridge) StdoutLine: {'line': b'-- Up-to-date: /home/asdfr-30/ASDfR_3/install/ros_xeno_bridge/share/ros_xeno_bridge/cmake/ros_xeno_bridgeConfig.cmake\n'}
[4.315006] (ros_xeno_bridge) StdoutLine: {'line': b'-- Up-to-date: /home/asdfr-30/ASDfR_3/install/ros_xeno_bridge/share/ros_xeno_bridge/cmake/ros_xeno_bridgeConfig-version.cmake\n'}
[4.315851] (ros_xeno_bridge) StdoutLine: {'line': b'-- Up-to-date: /home/asdfr-30/ASDfR_3/install/ros_xeno_bridge/share/ros_xeno_bridge/package.xml\n'}
[4.341653] (ros_xeno_bridge) CommandEnded: {'returncode': 0}
[4.411172] (-) TimerEvent: {}
[4.447713] (ros_xeno_bridge) JobEnded: {'identifier': 'ros_xeno_bridge', 'rc': 0}
[4.450248] (sequence_controller) JobStarted: {'identifier': 'sequence_controller'}
[4.485264] (relbot_simulator) StdoutLine: {'line': b'[100%] Built target relbot_simulator\n'}
[4.493465] (sequence_controller) JobProgress: {'identifier': 'sequence_controller', 'progress': 'cmake'}
[4.498103] (sequence_controller) JobProgress: {'identifier': 'sequence_controller', 'progress': 'build'}
[4.499897] (sequence_controller) Command: {'cmd': ['/usr/bin/cmake', '--build', '/home/asdfr-30/ASDfR_3/build/sequence_controller', '--', '-j3', '-l3'], 'cwd': '/home/asdfr-30/ASDfR_3/build/sequence_controller', 'env': OrderedDict([('LESSOPEN', '| /usr/bin/lesspipe %s'), ('USER', 'asdfr-30'), ('SSH_CLIENT', '10.0.100.50 62304 22'), ('XDG_SESSION_TYPE', 'tty'), ('GIT_ASKPASS', '/home/asdfr-30/.vscode-server/cli/servers/Stable-4949701c880d4bdb949e3c0e6b400288da7f474b/server/extensions/git/dist/askpass.sh'), ('SHLVL', '1'), ('LD_LIBRARY_PATH', '/home/asdfr-30/ASDfR_3/install/xrf2_msgs/lib:/home/asdfr-30/ASDfR_3/install/cam2image_vm2ros/lib:/opt/ros/humble/opt/rviz_ogre_vendor/lib:/opt/ros/humble/lib/aarch64-linux-gnu:/opt/ros/humble/lib'), ('BROWSER', '/home/asdfr-30/.vscode-server/cli/servers/Stable-4949701c880d4bdb949e3c0e6b400288da7f474b/server/bin/helpers/browser.sh'), ('MOTD_SHOWN', 'pam'), ('HOME', '/home/asdfr-30'), ('TERM_PROGRAM_VERSION', '1.99.2'), ('VSCODE_IPC_HOOK_CLI', '/run/user/1030/vscode-ipc-15d83552-a65e-4ba7-8c2a-88ddf5a16074.sock'), ('ROS_PYTHON_VERSION', '3'), ('VSCODE_GIT_ASKPASS_MAIN', '/home/asdfr-30/.vscode-server/cli/servers/Stable-4949701c880d4bdb949e3c0e6b400288da7f474b/server/extensions/git/dist/askpass-main.js'), ('VSCODE_GIT_ASKPASS_NODE', '/home/asdfr-30/.vscode-server/cli/servers/Stable-4949701c880d4bdb949e3c0e6b400288da7f474b/server/node'), ('SSL_CERT_FILE', '/usr/lib/ssl/certs/ca-certificates.crt'), ('DBUS_SESSION_BUS_ADDRESS', 'unix:path=/run/user/1030/bus'), ('COLORTERM', 'truecolor'), ('COLCON_PREFIX_PATH', '/home/asdfr-30/ASDfR_3/install'), ('ROS_DISTRO', 'humble'), ('LOGNAME', 'asdfr-30'), ('_', '/usr/bin/colcon'), ('ROS_VERSION', '2'), ('XDG_SESSION_CLASS', 'user'), ('TERM', 'xterm-256color'), ('XDG_SESSION_ID', '6'), ('ROS_LOCALHOST_ONLY', '1'), ('PATH', '/home/asdfr-30/.vscode-server/cli/servers/Stable-4949701c880d4bdb949e3c0e6b400288da7f474b/server/bin/remote-cli:/opt/ros/humble/bin:/usr/local/sbin:/usr/local/bin:/usr/sbin:/usr/bin:/sbin:/bin:/usr/games:/usr/local/games:/snap/bin:/usr/evl/bin:/opt/relbot-software/bin:/home/asdfr-30/.vscode-server/data/User/globalStorage/github.copilot-chat/debugCommand:/usr/evl/bin:/opt/relbot-software/bin'), ('XDG_RUNTIME_DIR', '/run/user/1030'), ('SSL_CERT_DIR', '/usr/lib/ssl/certs'), ('LANG', 'C.UTF-8'), ('LS_COLORS', 'rs=0:di=01;34:ln=01;36:mh=00:pi=40;33:so=01;35:do=01;35:bd=40;33;01:cd=40;33;01:or=40;31;01:mi=00:su=37;41:sg=30;43:ca=30;41:tw=30;42:ow=34;42:st=37;44:ex=01;32:*.tar=01;31:*.tgz=01;31:*.arc=01;31:*.arj=01;31:*.taz=01;31:*.lha=01;31:*.lz4=01;31:*.lzh=01;31:*.lzma=01;31:*.tlz=01;31:*.txz=01;31:*.tzo=01;31:*.t7z=01;31:*.zip=01;31:*.z=01;31:*.dz=01;31:*.gz=01;31:*.lrz=01;31:*.lz=01;31:*.lzo=01;31:*.xz=01;31:*.zst=01;31:*.tzst=01;31:*.bz2=01;31:*.bz=01;31:*.tbz=01;31:*.tbz2=01;31:*.tz=01;31:*.deb=01;31:*.rpm=01;31:*.jar=01;31:*.war=01;31:*.ear=01;31:*.sar=01;31:*.rar=01;31:*.alz=01;31:*.ace=01;31:*.zoo=01;31:*.cpio=01;31:*.7z=01;31:*.rz=01;31:*.cab=01;31:*.wim=01;31:*.swm=01;31:*.dwm=01;31:*.esd=01;31:*.jpg=01;35:*.jpeg=01;35:*.mjpg=01;35:*.mjpeg=01;35:*.gif=01;35:*.bmp=01;35:*.pbm=01;35:*.pgm=01;35:*.ppm=01;35:*.tga=01;35:*.xbm=01;35:*.xpm=01;35:*.tif=01;35:*.tiff=01;35:*.png=01;35:*.svg=01;35:*.svgz=01;35:*.mng=01;35:*.pcx=01;35:*.mov=01;35:*.mpg=01;35:*.mpeg=01;35:*.m2v=01;35:*.mkv=01;35:*.webm=01;35:*.webp=01;35:*.ogm=01;35:*.mp4=01;35:*.m4v=01;35:*.mp4v=01;35:*.vob=01;35:*.qt=01;35:*.nuv=01;35:*.wmv=01;35:*.asf=01;35:*.rm=01;35:*.rmvb=01;35:*.flc=01;35:*.avi=01;35:*.fli=01;35:*.flv=01;35:*.gl=01;35:*.dl=01;35:*.xcf=01;35:*.xwd=01;35:*.yuv=01;35:*.cgm=01;35:*.emf=01;35:*.ogv=01;35:*.ogx=01;35:*.aac=00;36:*.au=00;36:*.flac=00;36:*.m4a=00;36:*.mid=00;36:*.midi=00;36:*.mka=00;36:*.mp3=00;36:*.mpc=00;36:*.ogg=00;36:*.ra=00;36:*.wav=00;36:*.oga=00;36:*.opus=00;36:*.spx=00;36:*.xspf=00;36:'), ('VSCODE_GIT_IPC_HANDLE', '/run/user/1030/vscode-git-34f5e41956.sock'), ('TERM_PROGRAM', 'vscode'), ('AMENT_PREFIX_PATH', '/home/asdfr-30/ASDfR_3/install/sequence_controller:/home/asdfr-30/ASDfR_3/install/ros_xeno_bridge:/home/asdfr-30/ASDfR_3/install/xrf2_msgs:/home/asdfr-30/ASDfR_3/install/relbot_simulator:/home/asdfr-30/ASDfR_3/install/cam2image_vm2ros:/home/asdfr-30/ASDfR_3/install/ball_tracker:/opt/ros/humble'), ('SHELL', '/bin/bash'), ('LESSCLOSE', '/usr/bin/lesspipe %s %s'), ('VSCODE_GIT_ASKPASS_EXTRA_ARGS', ''), ('PWD', '/home/asdfr-30/ASDfR_3/build/sequence_controller'), ('SSH_CONNECTION', '10.0.100.50 62304 10.0.28.122 22'), ('PYTHONPATH', '/home/asdfr-30/ASDfR_3/install/xrf2_msgs/local/lib/python3.10/dist-packages:/opt/ros/humble/lib/python3.10/site-packages:/opt/ros/humble/local/lib/python3.10/dist-packages'), ('COLCON', '1'), ('CMAKE_PREFIX_PATH', '/home/asdfr-30/ASDfR_3/install/xrf2_msgs:/home/asdfr-30/ASDfR_3/install/sequence_controller:/home/asdfr-30/ASDfR_3/install/ros_xeno_bridge:/home/asdfr-30/ASDfR_3/install/relbot_simulator:/home/asdfr-30/ASDfR_3/install/cam2image_vm2ros:/home/asdfr-30/ASDfR_3/install/ball_tracker:/opt/ros/humble')]), 'shell': False}
[4.511429] (-) TimerEvent: {}
[4.529684] (relbot_simulator) CommandEnded: {'returncode': 0}
[4.532366] (relbot_simulator) JobProgress: {'identifier': 'relbot_simulator', 'progress': 'install'}
[4.532993] (relbot_simulator) Command: {'cmd': ['/usr/bin/cmake', '--install', '/home/asdfr-30/ASDfR_3/build/relbot_simulator'], 'cwd': '/home/asdfr-30/ASDfR_3/build/relbot_simulator', 'env': OrderedDict([('LESSOPEN', '| /usr/bin/lesspipe %s'), ('USER', 'asdfr-30'), ('SSH_CLIENT', '10.0.100.50 62304 22'), ('XDG_SESSION_TYPE', 'tty'), ('GIT_ASKPASS', '/home/asdfr-30/.vscode-server/cli/servers/Stable-4949701c880d4bdb949e3c0e6b400288da7f474b/server/extensions/git/dist/askpass.sh'), ('SHLVL', '1'), ('LD_LIBRARY_PATH', '/home/asdfr-30/ASDfR_3/install/xrf2_msgs/lib:/home/asdfr-30/ASDfR_3/install/cam2image_vm2ros/lib:/opt/ros/humble/opt/rviz_ogre_vendor/lib:/opt/ros/humble/lib/aarch64-linux-gnu:/opt/ros/humble/lib'), ('BROWSER', '/home/asdfr-30/.vscode-server/cli/servers/Stable-4949701c880d4bdb949e3c0e6b400288da7f474b/server/bin/helpers/browser.sh'), ('MOTD_SHOWN', 'pam'), ('HOME', '/home/asdfr-30'), ('TERM_PROGRAM_VERSION', '1.99.2'), ('VSCODE_IPC_HOOK_CLI', '/run/user/1030/vscode-ipc-15d83552-a65e-4ba7-8c2a-88ddf5a16074.sock'), ('ROS_PYTHON_VERSION', '3'), ('VSCODE_GIT_ASKPASS_MAIN', '/home/asdfr-30/.vscode-server/cli/servers/Stable-4949701c880d4bdb949e3c0e6b400288da7f474b/server/extensions/git/dist/askpass-main.js'), ('VSCODE_GIT_ASKPASS_NODE', '/home/asdfr-30/.vscode-server/cli/servers/Stable-4949701c880d4bdb949e3c0e6b400288da7f474b/server/node'), ('SSL_CERT_FILE', '/usr/lib/ssl/certs/ca-certificates.crt'), ('DBUS_SESSION_BUS_ADDRESS', 'unix:path=/run/user/1030/bus'), ('COLORTERM', 'truecolor'), ('COLCON_PREFIX_PATH', '/home/asdfr-30/ASDfR_3/install'), ('ROS_DISTRO', 'humble'), ('LOGNAME', 'asdfr-30'), ('_', '/usr/bin/colcon'), ('ROS_VERSION', '2'), ('XDG_SESSION_CLASS', 'user'), ('TERM', 'xterm-256color'), ('XDG_SESSION_ID', '6'), ('ROS_LOCALHOST_ONLY', '1'), ('PATH', '/home/asdfr-30/.vscode-server/cli/servers/Stable-4949701c880d4bdb949e3c0e6b400288da7f474b/server/bin/remote-cli:/opt/ros/humble/bin:/usr/local/sbin:/usr/local/bin:/usr/sbin:/usr/bin:/sbin:/bin:/usr/games:/usr/local/games:/snap/bin:/usr/evl/bin:/opt/relbot-software/bin:/home/asdfr-30/.vscode-server/data/User/globalStorage/github.copilot-chat/debugCommand:/usr/evl/bin:/opt/relbot-software/bin'), ('XDG_RUNTIME_DIR', '/run/user/1030'), ('SSL_CERT_DIR', '/usr/lib/ssl/certs'), ('LANG', 'C.UTF-8'), ('LS_COLORS', 'rs=0:di=01;34:ln=01;36:mh=00:pi=40;33:so=01;35:do=01;35:bd=40;33;01:cd=40;33;01:or=40;31;01:mi=00:su=37;41:sg=30;43:ca=30;41:tw=30;42:ow=34;42:st=37;44:ex=01;32:*.tar=01;31:*.tgz=01;31:*.arc=01;31:*.arj=01;31:*.taz=01;31:*.lha=01;31:*.lz4=01;31:*.lzh=01;31:*.lzma=01;31:*.tlz=01;31:*.txz=01;31:*.tzo=01;31:*.t7z=01;31:*.zip=01;31:*.z=01;31:*.dz=01;31:*.gz=01;31:*.lrz=01;31:*.lz=01;31:*.lzo=01;31:*.xz=01;31:*.zst=01;31:*.tzst=01;31:*.bz2=01;31:*.bz=01;31:*.tbz=01;31:*.tbz2=01;31:*.tz=01;31:*.deb=01;31:*.rpm=01;31:*.jar=01;31:*.war=01;31:*.ear=01;31:*.sar=01;31:*.rar=01;31:*.alz=01;31:*.ace=01;31:*.zoo=01;31:*.cpio=01;31:*.7z=01;31:*.rz=01;31:*.cab=01;31:*.wim=01;31:*.swm=01;31:*.dwm=01;31:*.esd=01;31:*.jpg=01;35:*.jpeg=01;35:*.mjpg=01;35:*.mjpeg=01;35:*.gif=01;35:*.bmp=01;35:*.pbm=01;35:*.pgm=01;35:*.ppm=01;35:*.tga=01;35:*.xbm=01;35:*.xpm=01;35:*.tif=01;35:*.tiff=01;35:*.png=01;35:*.svg=01;35:*.svgz=01;35:*.mng=01;35:*.pcx=01;35:*.mov=01;35:*.mpg=01;35:*.mpeg=01;35:*.m2v=01;35:*.mkv=01;35:*.webm=01;35:*.webp=01;35:*.ogm=01;35:*.mp4=01;35:*.m4v=01;35:*.mp4v=01;35:*.vob=01;35:*.qt=01;35:*.nuv=01;35:*.wmv=01;35:*.asf=01;35:*.rm=01;35:*.rmvb=01;35:*.flc=01;35:*.avi=01;35:*.fli=01;35:*.flv=01;35:*.gl=01;35:*.dl=01;35:*.xcf=01;35:*.xwd=01;35:*.yuv=01;35:*.cgm=01;35:*.emf=01;35:*.ogv=01;35:*.ogx=01;35:*.aac=00;36:*.au=00;36:*.flac=00;36:*.m4a=00;36:*.mid=00;36:*.midi=00;36:*.mka=00;36:*.mp3=00;36:*.mpc=00;36:*.ogg=00;36:*.ra=00;36:*.wav=00;36:*.oga=00;36:*.opus=00;36:*.spx=00;36:*.xspf=00;36:'), ('VSCODE_GIT_IPC_HANDLE', '/run/user/1030/vscode-git-34f5e41956.sock'), ('TERM_PROGRAM', 'vscode'), ('AMENT_PREFIX_PATH', '/home/asdfr-30/ASDfR_3/install/sequence_controller:/home/asdfr-30/ASDfR_3/install/ros_xeno_bridge:/home/asdfr-30/ASDfR_3/install/xrf2_msgs:/home/asdfr-30/ASDfR_3/install/relbot_simulator:/home/asdfr-30/ASDfR_3/install/cam2image_vm2ros:/home/asdfr-30/ASDfR_3/install/ball_tracker:/opt/ros/humble'), ('SHELL', '/bin/bash'), ('LESSCLOSE', '/usr/bin/lesspipe %s %s'), ('VSCODE_GIT_ASKPASS_EXTRA_ARGS', ''), ('PWD', '/home/asdfr-30/ASDfR_3/build/relbot_simulator'), ('SSH_CONNECTION', '10.0.100.50 62304 10.0.28.122 22'), ('PYTHONPATH', '/home/asdfr-30/ASDfR_3/install/xrf2_msgs/local/lib/python3.10/dist-packages:/opt/ros/humble/lib/python3.10/site-packages:/opt/ros/humble/local/lib/python3.10/dist-packages'), ('COLCON', '1'), ('CMAKE_PREFIX_PATH', '/home/asdfr-30/ASDfR_3/install/sequence_controller:/home/asdfr-30/ASDfR_3/install/ros_xeno_bridge:/home/asdfr-30/ASDfR_3/install/xrf2_msgs:/home/asdfr-30/ASDfR_3/install/relbot_simulator:/home/asdfr-30/ASDfR_3/install/cam2image_vm2ros:/home/asdfr-30/ASDfR_3/install/ball_tracker:/opt/ros/humble')]), 'shell': False}
[4.556542] (relbot_simulator) StdoutLine: {'line': b'-- Install configuration: ""\n'}
[4.558769] (relbot_simulator) StdoutLine: {'line': b'-- Up-to-date: /home/asdfr-30/ASDfR_3/install/relbot_simulator/lib/relbot_simulator/relbot_simulator\n'}
[4.561328] (relbot_simulator) StdoutLine: {'line': b'-- Up-to-date: /home/asdfr-30/ASDfR_3/install/relbot_simulator/include\n'}
[4.563428] (relbot_simulator) StdoutLine: {'line': b'-- Up-to-date: /home/asdfr-30/ASDfR_3/install/relbot_simulator/include/xxmatrix.cpp\n'}
[4.565620] (relbot_simulator) StdoutLine: {'line': b'-- Up-to-date: /home/asdfr-30/ASDfR_3/install/relbot_simulator/include/xxinteg.cpp\n'}
[4.567644] (relbot_simulator) StdoutLine: {'line': b'-- Up-to-date: /home/asdfr-30/ASDfR_3/install/relbot_simulator/include/EulerAngles.cpp\n'}
[4.579021] (relbot_simulator) StdoutLine: {'line': b'-- Up-to-date: /home/asdfr-30/ASDfR_3/install/relbot_simulator/include/EulerAngles.h\n'}
[4.580745] (relbot_simulator) StdoutLine: {'line': b'-- Up-to-date: /home/asdfr-30/ASDfR_3/install/relbot_simulator/include/xxtypes.h\n'}
[4.591036] (relbot_simulator) StdoutLine: {'line': b'-- Up-to-date: /home/asdfr-30/ASDfR_3/install/relbot_simulator/include/xxmodel.h\n'}
[4.592406] (relbot_simulator) StdoutLine: {'line': b'-- Up-to-date: /home/asdfr-30/ASDfR_3/install/relbot_simulator/include/MotionProfiles.cpp\n'}
[4.602149] (relbot_simulator) StdoutLine: {'line': b'-- Up-to-date: /home/asdfr-30/ASDfR_3/install/relbot_simulator/include/xxfuncs.h\n'}
[4.606653] (relbot_simulator) StdoutLine: {'line': b'-- Up-to-date: /home/asdfr-30/ASDfR_3/install/relbot_simulator/include/xxfuncs.cpp\n'}
[4.608192] (relbot_simulator) StdoutLine: {'line': b'-- Up-to-date: /home/asdfr-30/ASDfR_3/install/relbot_simulator/include/MotionProfiles.h\n'}
[4.621591] (-) TimerEvent: {}
[4.622433] (relbot_simulator) StdoutLine: {'line': b'-- Up-to-date: /home/asdfr-30/ASDfR_3/install/relbot_simulator/include/xxmatrix.h\n'}
[4.623772] (relbot_simulator) StdoutLine: {'line': b'-- Up-to-date: /home/asdfr-30/ASDfR_3/install/relbot_simulator/include/xxinteg.h\n'}
[4.625559] (relbot_simulator) StdoutLine: {'line': b'-- Up-to-date: /home/asdfr-30/ASDfR_3/install/relbot_simulator/include/xxinverse.cpp\n'}
[4.626817] (relbot_simulator) StdoutLine: {'line': b'-- Up-to-date: /home/asdfr-30/ASDfR_3/install/relbot_simulator/include/xxinverse.h\n'}
[4.627993] (relbot_simulator) StdoutLine: {'line': b'-- Up-to-date: /home/asdfr-30/ASDfR_3/install/relbot_simulator/share/ament_index/resource_index/package_run_dependencies/relbot_simulator\n'}
[4.639590] (relbot_simulator) StdoutLine: {'line': b'-- Installing: /home/asdfr-30/ASDfR_3/install/relbot_simulator/share/ament_index/resource_index/parent_prefix_path/relbot_simulator\n'}
[4.659179] (relbot_simulator) StdoutLine: {'line': b'-- Up-to-date: /home/asdfr-30/ASDfR_3/install/relbot_simulator/share/relbot_simulator/environment/ament_prefix_path.sh\n'}
[4.660899] (relbot_simulator) StdoutLine: {'line': b'-- Up-to-date: /home/asdfr-30/ASDfR_3/install/relbot_simulator/share/relbot_simulator/environment/ament_prefix_path.dsv\n'}
[4.662690] (relbot_simulator) StdoutLine: {'line': b'-- Up-to-date: /home/asdfr-30/ASDfR_3/install/relbot_simulator/share/relbot_simulator/environment/path.sh\n'}
[4.667651] (relbot_simulator) StdoutLine: {'line': b'-- Up-to-date: /home/asdfr-30/ASDfR_3/install/relbot_simulator/share/relbot_simulator/environment/path.dsv\n'}
[4.672702] (relbot_simulator) StdoutLine: {'line': b'-- Up-to-date: /home/asdfr-30/ASDfR_3/install/relbot_simulator/share/relbot_simulator/local_setup.bash\n'}
[4.681437] (relbot_simulator) StdoutLine: {'line': b'-- Up-to-date: /home/asdfr-30/ASDfR_3/install/relbot_simulator/share/relbot_simulator/local_setup.sh\n'}
[4.684867] (relbot_simulator) StdoutLine: {'line': b'-- Up-to-date: /home/asdfr-30/ASDfR_3/install/relbot_simulator/share/relbot_simulator/local_setup.zsh\n'}
[4.692986] (relbot_simulator) StdoutLine: {'line': b'-- Up-to-date: /home/asdfr-30/ASDfR_3/install/relbot_simulator/share/relbot_simulator/local_setup.dsv\n'}
[4.696990] (relbot_simulator) StdoutLine: {'line': b'-- Installing: /home/asdfr-30/ASDfR_3/install/relbot_simulator/share/relbot_simulator/package.dsv\n'}
[4.706323] (relbot_simulator) StdoutLine: {'line': b'-- Up-to-date: /home/asdfr-30/ASDfR_3/install/relbot_simulator/share/ament_index/resource_index/packages/relbot_simulator\n'}
[4.709440] (relbot_simulator) StdoutLine: {'line': b'-- Up-to-date: /home/asdfr-30/ASDfR_3/install/relbot_simulator/share/relbot_simulator/cmake/relbot_simulatorConfig.cmake\n'}
[4.721870] (-) TimerEvent: {}
[4.722769] (relbot_simulator) StdoutLine: {'line': b'-- Up-to-date: /home/asdfr-30/ASDfR_3/install/relbot_simulator/share/relbot_simulator/cmake/relbot_simulatorConfig-version.cmake\n'}
[4.737312] (relbot_simulator) StdoutLine: {'line': b'-- Up-to-date: /home/asdfr-30/ASDfR_3/install/relbot_simulator/share/relbot_simulator/package.xml\n'}
[4.743341] (relbot_simulator) StdoutLine: {'line': b'-- Up-to-date: /home/asdfr-30/ASDfR_3/install/relbot_simulator/share/relbot_simulator//launch\n'}
[4.748780] (relbot_simulator) StdoutLine: {'line': b'-- Up-to-date: /home/asdfr-30/ASDfR_3/install/relbot_simulator/share/relbot_simulator//launch/relbot_simulator.launch.py\n'}
[4.756230] (relbot_simulator) CommandEnded: {'returncode': 0}
[4.772247] (sequence_controller) StdoutLine: {'line': b'\x1b[35m\x1b[1mConsolidate compiler generated dependencies of target sequence_controller\x1b[0m\n'}
[4.826046] (-) TimerEvent: {}
[4.885904] (relbot_simulator) JobEnded: {'identifier': 'relbot_simulator', 'rc': 0}
[4.894555] (xeno_loop) JobStarted: {'identifier': 'xeno_loop'}
[4.926190] (-) TimerEvent: {}
[4.976018] (xeno_loop) JobProgress: {'identifier': 'xeno_loop', 'progress': 'cmake'}
[4.979492] (xeno_loop) JobProgress: {'identifier': 'xeno_loop', 'progress': 'build'}
[4.980979] (xeno_loop) Command: {'cmd': ['/usr/bin/cmake', '--build', '/home/asdfr-30/ASDfR_3/build/xeno_loop', '--', '-j3', '-l3'], 'cwd': '/home/asdfr-30/ASDfR_3/build/xeno_loop', 'env': OrderedDict([('LESSOPEN', '| /usr/bin/lesspipe %s'), ('USER', 'asdfr-30'), ('SSH_CLIENT', '10.0.100.50 62304 22'), ('XDG_SESSION_TYPE', 'tty'), ('GIT_ASKPASS', '/home/asdfr-30/.vscode-server/cli/servers/Stable-4949701c880d4bdb949e3c0e6b400288da7f474b/server/extensions/git/dist/askpass.sh'), ('SHLVL', '1'), ('LD_LIBRARY_PATH', '/home/asdfr-30/ASDfR_3/install/xrf2_msgs/lib:/home/asdfr-30/ASDfR_3/install/cam2image_vm2ros/lib:/opt/ros/humble/opt/rviz_ogre_vendor/lib:/opt/ros/humble/lib/aarch64-linux-gnu:/opt/ros/humble/lib'), ('BROWSER', '/home/asdfr-30/.vscode-server/cli/servers/Stable-4949701c880d4bdb949e3c0e6b400288da7f474b/server/bin/helpers/browser.sh'), ('MOTD_SHOWN', 'pam'), ('HOME', '/home/asdfr-30'), ('TERM_PROGRAM_VERSION', '1.99.2'), ('VSCODE_IPC_HOOK_CLI', '/run/user/1030/vscode-ipc-15d83552-a65e-4ba7-8c2a-88ddf5a16074.sock'), ('ROS_PYTHON_VERSION', '3'), ('VSCODE_GIT_ASKPASS_MAIN', '/home/asdfr-30/.vscode-server/cli/servers/Stable-4949701c880d4bdb949e3c0e6b400288da7f474b/server/extensions/git/dist/askpass-main.js'), ('VSCODE_GIT_ASKPASS_NODE', '/home/asdfr-30/.vscode-server/cli/servers/Stable-4949701c880d4bdb949e3c0e6b400288da7f474b/server/node'), ('SSL_CERT_FILE', '/usr/lib/ssl/certs/ca-certificates.crt'), ('DBUS_SESSION_BUS_ADDRESS', 'unix:path=/run/user/1030/bus'), ('COLORTERM', 'truecolor'), ('COLCON_PREFIX_PATH', '/home/asdfr-30/ASDfR_3/install'), ('ROS_DISTRO', 'humble'), ('LOGNAME', 'asdfr-30'), ('_', '/usr/bin/colcon'), ('ROS_VERSION', '2'), ('XDG_SESSION_CLASS', 'user'), ('TERM', 'xterm-256color'), ('XDG_SESSION_ID', '6'), ('ROS_LOCALHOST_ONLY', '1'), ('PATH', '/home/asdfr-30/.vscode-server/cli/servers/Stable-4949701c880d4bdb949e3c0e6b400288da7f474b/server/bin/remote-cli:/opt/ros/humble/bin:/usr/local/sbin:/usr/local/bin:/usr/sbin:/usr/bin:/sbin:/bin:/usr/games:/usr/local/games:/snap/bin:/usr/evl/bin:/opt/relbot-software/bin:/home/asdfr-30/.vscode-server/data/User/globalStorage/github.copilot-chat/debugCommand:/usr/evl/bin:/opt/relbot-software/bin'), ('XDG_RUNTIME_DIR', '/run/user/1030'), ('SSL_CERT_DIR', '/usr/lib/ssl/certs'), ('LANG', 'C.UTF-8'), ('LS_COLORS', 'rs=0:di=01;34:ln=01;36:mh=00:pi=40;33:so=01;35:do=01;35:bd=40;33;01:cd=40;33;01:or=40;31;01:mi=00:su=37;41:sg=30;43:ca=30;41:tw=30;42:ow=34;42:st=37;44:ex=01;32:*.tar=01;31:*.tgz=01;31:*.arc=01;31:*.arj=01;31:*.taz=01;31:*.lha=01;31:*.lz4=01;31:*.lzh=01;31:*.lzma=01;31:*.tlz=01;31:*.txz=01;31:*.tzo=01;31:*.t7z=01;31:*.zip=01;31:*.z=01;31:*.dz=01;31:*.gz=01;31:*.lrz=01;31:*.lz=01;31:*.lzo=01;31:*.xz=01;31:*.zst=01;31:*.tzst=01;31:*.bz2=01;31:*.bz=01;31:*.tbz=01;31:*.tbz2=01;31:*.tz=01;31:*.deb=01;31:*.rpm=01;31:*.jar=01;31:*.war=01;31:*.ear=01;31:*.sar=01;31:*.rar=01;31:*.alz=01;31:*.ace=01;31:*.zoo=01;31:*.cpio=01;31:*.7z=01;31:*.rz=01;31:*.cab=01;31:*.wim=01;31:*.swm=01;31:*.dwm=01;31:*.esd=01;31:*.jpg=01;35:*.jpeg=01;35:*.mjpg=01;35:*.mjpeg=01;35:*.gif=01;35:*.bmp=01;35:*.pbm=01;35:*.pgm=01;35:*.ppm=01;35:*.tga=01;35:*.xbm=01;35:*.xpm=01;35:*.tif=01;35:*.tiff=01;35:*.png=01;35:*.svg=01;35:*.svgz=01;35:*.mng=01;35:*.pcx=01;35:*.mov=01;35:*.mpg=01;35:*.mpeg=01;35:*.m2v=01;35:*.mkv=01;35:*.webm=01;35:*.webp=01;35:*.ogm=01;35:*.mp4=01;35:*.m4v=01;35:*.mp4v=01;35:*.vob=01;35:*.qt=01;35:*.nuv=01;35:*.wmv=01;35:*.asf=01;35:*.rm=01;35:*.rmvb=01;35:*.flc=01;35:*.avi=01;35:*.fli=01;35:*.flv=01;35:*.gl=01;35:*.dl=01;35:*.xcf=01;35:*.xwd=01;35:*.yuv=01;35:*.cgm=01;35:*.emf=01;35:*.ogv=01;35:*.ogx=01;35:*.aac=00;36:*.au=00;36:*.flac=00;36:*.m4a=00;36:*.mid=00;36:*.midi=00;36:*.mka=00;36:*.mp3=00;36:*.mpc=00;36:*.ogg=00;36:*.ra=00;36:*.wav=00;36:*.oga=00;36:*.opus=00;36:*.spx=00;36:*.xspf=00;36:'), ('VSCODE_GIT_IPC_HANDLE', '/run/user/1030/vscode-git-34f5e41956.sock'), ('TERM_PROGRAM', 'vscode'), ('AMENT_PREFIX_PATH', '/home/asdfr-30/ASDfR_3/install/sequence_controller:/home/asdfr-30/ASDfR_3/install/ros_xeno_bridge:/home/asdfr-30/ASDfR_3/install/xrf2_msgs:/home/asdfr-30/ASDfR_3/install/relbot_simulator:/home/asdfr-30/ASDfR_3/install/cam2image_vm2ros:/home/asdfr-30/ASDfR_3/install/ball_tracker:/opt/ros/humble'), ('SHELL', '/bin/bash'), ('LESSCLOSE', '/usr/bin/lesspipe %s %s'), ('VSCODE_GIT_ASKPASS_EXTRA_ARGS', ''), ('PWD', '/home/asdfr-30/ASDfR_3/build/xeno_loop'), ('SSH_CONNECTION', '10.0.100.50 62304 10.0.28.122 22'), ('PYTHONPATH', '/home/asdfr-30/ASDfR_3/install/xrf2_msgs/local/lib/python3.10/dist-packages:/opt/ros/humble/lib/python3.10/site-packages:/opt/ros/humble/local/lib/python3.10/dist-packages'), ('COLCON', '1'), ('CMAKE_PREFIX_PATH', '/home/asdfr-30/ASDfR_3/install/xrf2_msgs:/home/asdfr-30/ASDfR_3/install/sequence_controller:/home/asdfr-30/ASDfR_3/install/ros_xeno_bridge:/home/asdfr-30/ASDfR_3/install/relbot_simulator:/home/asdfr-30/ASDfR_3/install/cam2image_vm2ros:/home/asdfr-30/ASDfR_3/install/ball_tracker')]), 'shell': False}
[5.027422] (-) TimerEvent: {}
[5.128511] (-) TimerEvent: {}
[5.181956] (xeno_loop) StdoutLine: {'line': b'\x1b[35m\x1b[1mConsolidate compiler generated dependencies of target xeno_loop\x1b[0m\n'}
[5.228727] (-) TimerEvent: {}
[5.345442] (-) TimerEvent: {}
[5.442162] (sequence_controller) StdoutLine: {'line': b'[ 50%] \x1b[32mBuilding CXX object CMakeFiles/sequence_controller.dir/src/sequence_controller.cpp.o\x1b[0m\n'}
[5.445664] (-) TimerEvent: {}
[5.559335] (-) TimerEvent: {}
[5.661828] (-) TimerEvent: {}
[5.763114] (-) TimerEvent: {}
[5.864657] (-) TimerEvent: {}
[5.966268] (-) TimerEvent: {}
[6.067729] (-) TimerEvent: {}
[6.169350] (-) TimerEvent: {}
[6.272251] (-) TimerEvent: {}
[6.373752] (-) TimerEvent: {}
[6.475446] (-) TimerEvent: {}
[6.577359] (-) TimerEvent: {}
[6.678902] (-) TimerEvent: {}
[6.780451] (-) TimerEvent: {}
[6.882169] (-) TimerEvent: {}
[6.983690] (-) TimerEvent: {}
[7.085699] (-) TimerEvent: {}
[7.187485] (-) TimerEvent: {}
[7.288859] (-) TimerEvent: {}
[7.390426] (-) TimerEvent: {}
[7.491796] (-) TimerEvent: {}
[7.574690] (xeno_loop) StdoutLine: {'line': b'[  4%] \x1b[32mBuilding CXX object CMakeFiles/xeno_loop.dir/main.cpp.o\x1b[0m\n'}
[7.576275] (xeno_loop) StdoutLine: {'line': b'[  9%] \x1b[32mBuilding CXX object CMakeFiles/xeno_loop.dir/src/XenoLoopRunner.cpp.o\x1b[0m\n'}
[7.592034] (-) TimerEvent: {}
[7.693850] (-) TimerEvent: {}
[7.795665] (-) TimerEvent: {}
[7.896997] (-) TimerEvent: {}
[7.998819] (-) TimerEvent: {}
[8.100177] (-) TimerEvent: {}
[8.201768] (-) TimerEvent: {}
[8.303775] (-) TimerEvent: {}
[8.406051] (-) TimerEvent: {}
[8.508157] (-) TimerEvent: {}
[8.610444] (-) TimerEvent: {}
[8.712701] (-) TimerEvent: {}
[8.814778] (-) TimerEvent: {}
[8.917006] (-) TimerEvent: {}
[9.018456] (-) TimerEvent: {}
[9.119913] (-) TimerEvent: {}
[9.221973] (-) TimerEvent: {}
[9.324153] (-) TimerEvent: {}
[9.426318] (-) TimerEvent: {}
[9.528368] (-) TimerEvent: {}
[9.630635] (-) TimerEvent: {}
[9.732657] (-) TimerEvent: {}
[9.834813] (-) TimerEvent: {}
[9.936306] (-) TimerEvent: {}
[10.037933] (-) TimerEvent: {}
[10.139571] (-) TimerEvent: {}
[10.241221] (-) TimerEvent: {}
[10.343618] (-) TimerEvent: {}
[10.445753] (-) TimerEvent: {}
[10.548128] (-) TimerEvent: {}
[10.650666] (-) TimerEvent: {}
[10.752796] (-) TimerEvent: {}
[10.854806] (-) TimerEvent: {}
[10.956827] (-) TimerEvent: {}
[11.058434] (-) TimerEvent: {}
[11.160014] (-) TimerEvent: {}
[11.261471] (-) TimerEvent: {}
[11.362933] (-) TimerEvent: {}
[11.464512] (-) TimerEvent: {}
[11.566030] (-) TimerEvent: {}
[11.667649] (-) TimerEvent: {}
[11.769297] (-) TimerEvent: {}
[11.870769] (-) TimerEvent: {}
[11.972308] (-) TimerEvent: {}
[12.073816] (-) TimerEvent: {}
[12.175307] (-) TimerEvent: {}
[12.276906] (-) TimerEvent: {}
[12.378386] (-) TimerEvent: {}
[12.479958] (-) TimerEvent: {}
[12.581446] (-) TimerEvent: {}
[12.683211] (-) TimerEvent: {}
[12.784659] (-) TimerEvent: {}
[12.886314] (-) TimerEvent: {}
[12.988380] (-) TimerEvent: {}
[13.011406] (xeno_loop) StdoutLine: {'line': b'[ 13%] \x1b[32m\x1b[1mLinking CXX executable xeno_loop\x1b[0m\n'}
[13.088673] (-) TimerEvent: {}
[13.191264] (-) TimerEvent: {}
[13.293693] (-) TimerEvent: {}
[13.396674] (-) TimerEvent: {}
[13.467585] (xeno_loop) StdoutLine: {'line': b'[100%] Built target xeno_loop\n'}
[13.498102] (-) TimerEvent: {}
[13.508054] (xeno_loop) CommandEnded: {'returncode': 0}
[13.569779] (xeno_loop) JobEnded: {'identifier': 'xeno_loop', 'rc': 0}
[13.598322] (-) TimerEvent: {}
[13.699386] (-) TimerEvent: {}
[13.801104] (-) TimerEvent: {}
[13.902304] (-) TimerEvent: {}
[14.003404] (-) TimerEvent: {}
[14.104508] (-) TimerEvent: {}
[14.205620] (-) TimerEvent: {}
[14.306945] (-) TimerEvent: {}
[14.408109] (-) TimerEvent: {}
[14.509231] (-) TimerEvent: {}
[14.610423] (-) TimerEvent: {}
[14.711829] (-) TimerEvent: {}
[14.813118] (-) TimerEvent: {}
[14.914240] (-) TimerEvent: {}
[15.015278] (-) TimerEvent: {}
[15.116303] (-) TimerEvent: {}
[15.217368] (-) TimerEvent: {}
[15.318450] (-) TimerEvent: {}
[15.419679] (-) TimerEvent: {}
[15.520785] (-) TimerEvent: {}
[15.622085] (-) TimerEvent: {}
[15.723182] (-) TimerEvent: {}
[15.824251] (-) TimerEvent: {}
[15.925365] (-) TimerEvent: {}
[16.026466] (-) TimerEvent: {}
[16.127529] (-) TimerEvent: {}
[16.228639] (-) TimerEvent: {}
[16.329695] (-) TimerEvent: {}
[16.430744] (-) TimerEvent: {}
[16.531791] (-) TimerEvent: {}
[16.632866] (-) TimerEvent: {}
[16.733983] (-) TimerEvent: {}
[16.835057] (-) TimerEvent: {}
[16.936150] (-) TimerEvent: {}
[17.037376] (-) TimerEvent: {}
[17.138648] (-) TimerEvent: {}
[17.239747] (-) TimerEvent: {}
[17.340930] (-) TimerEvent: {}
[17.442132] (-) TimerEvent: {}
[17.543312] (-) TimerEvent: {}
[17.644548] (-) TimerEvent: {}
[17.746333] (-) TimerEvent: {}
[17.847411] (-) TimerEvent: {}
[17.949195] (-) TimerEvent: {}
[18.051310] (-) TimerEvent: {}
[18.152470] (-) TimerEvent: {}
[18.253632] (-) TimerEvent: {}
[18.354812] (-) TimerEvent: {}
[18.455976] (-) TimerEvent: {}
[18.557222] (-) TimerEvent: {}
[18.659072] (-) TimerEvent: {}
[18.760480] (-) TimerEvent: {}
[18.862398] (-) TimerEvent: {}
[18.966067] (-) TimerEvent: {}
[19.068082] (-) TimerEvent: {}
[19.169463] (-) TimerEvent: {}
[19.270521] (-) TimerEvent: {}
[19.372643] (-) TimerEvent: {}
[19.474827] (-) TimerEvent: {}
[19.576793] (-) TimerEvent: {}
[19.681505] (-) TimerEvent: {}
[19.782839] (-) TimerEvent: {}
[19.884229] (-) TimerEvent: {}
[19.985426] (-) TimerEvent: {}
[20.086568] (-) TimerEvent: {}
[20.187645] (-) TimerEvent: {}
[20.288700] (-) TimerEvent: {}
[20.389801] (-) TimerEvent: {}
[20.490876] (-) TimerEvent: {}
[20.592136] (-) TimerEvent: {}
[20.693247] (-) TimerEvent: {}
[20.794376] (-) TimerEvent: {}
[20.895419] (-) TimerEvent: {}
[20.997446] (-) TimerEvent: {}
[21.098987] (-) TimerEvent: {}
[21.200101] (-) TimerEvent: {}
[21.301175] (-) TimerEvent: {}
[21.402822] (-) TimerEvent: {}
[21.503902] (-) TimerEvent: {}
[21.604979] (-) TimerEvent: {}
[21.706108] (-) TimerEvent: {}
[21.807263] (-) TimerEvent: {}
[21.908348] (-) TimerEvent: {}
[22.009462] (-) TimerEvent: {}
[22.110544] (-) TimerEvent: {}
[22.211636] (-) TimerEvent: {}
[22.312751] (-) TimerEvent: {}
[22.413982] (-) TimerEvent: {}
[22.515123] (-) TimerEvent: {}
[22.616164] (-) TimerEvent: {}
[22.717327] (-) TimerEvent: {}
[22.818403] (-) TimerEvent: {}
[22.919489] (-) TimerEvent: {}
[23.020573] (-) TimerEvent: {}
[23.122456] (-) TimerEvent: {}
[23.223587] (-) TimerEvent: {}
[23.324654] (-) TimerEvent: {}
[23.425770] (-) TimerEvent: {}
[23.526868] (-) TimerEvent: {}
[23.629432] (-) TimerEvent: {}
[23.730579] (-) TimerEvent: {}
[23.832317] (-) TimerEvent: {}
[23.933440] (-) TimerEvent: {}
[24.034563] (-) TimerEvent: {}
[24.135603] (-) TimerEvent: {}
[24.237217] (-) TimerEvent: {}
[24.338307] (-) TimerEvent: {}
[24.439603] (-) TimerEvent: {}
[24.541070] (-) TimerEvent: {}
[24.643186] (-) TimerEvent: {}
[24.744541] (-) TimerEvent: {}
[24.845694] (-) TimerEvent: {}
[24.947057] (-) TimerEvent: {}
[25.048361] (-) TimerEvent: {}
[25.149694] (-) TimerEvent: {}
[25.251001] (-) TimerEvent: {}
[25.352378] (-) TimerEvent: {}
[25.454466] (-) TimerEvent: {}
[25.556342] (-) TimerEvent: {}
[25.658256] (-) TimerEvent: {}
[25.761197] (-) TimerEvent: {}
[25.863119] (-) TimerEvent: {}
[25.965012] (-) TimerEvent: {}
[26.067023] (-) TimerEvent: {}
[26.169570] (-) TimerEvent: {}
[26.271064] (-) TimerEvent: {}
[26.372452] (-) TimerEvent: {}
[26.473793] (-) TimerEvent: {}
[26.575102] (-) TimerEvent: {}
[26.676431] (-) TimerEvent: {}
[26.777771] (-) TimerEvent: {}
[26.879117] (-) TimerEvent: {}
[26.980462] (-) TimerEvent: {}
[27.081841] (-) TimerEvent: {}
[27.183174] (-) TimerEvent: {}
[27.284562] (-) TimerEvent: {}
[27.385890] (-) TimerEvent: {}
[27.487181] (-) TimerEvent: {}
[27.588520] (-) TimerEvent: {}
[27.689878] (-) TimerEvent: {}
[27.791254] (-) TimerEvent: {}
[27.892629] (-) TimerEvent: {}
[27.993996] (-) TimerEvent: {}
[28.095453] (-) TimerEvent: {}
[28.196486] (-) TimerEvent: {}
[28.297830] (-) TimerEvent: {}
[28.399203] (-) TimerEvent: {}
[28.500474] (-) TimerEvent: {}
[28.601990] (-) TimerEvent: {}
[28.705026] (-) TimerEvent: {}
[28.806845] (-) TimerEvent: {}
[28.908686] (-) TimerEvent: {}
[29.010540] (-) TimerEvent: {}
[29.112366] (-) TimerEvent: {}
[29.213960] (-) TimerEvent: {}
[29.315606] (-) TimerEvent: {}
[29.417112] (-) TimerEvent: {}
[29.518242] (-) TimerEvent: {}
[29.619284] (-) TimerEvent: {}
[29.721344] (-) TimerEvent: {}
[29.823185] (-) TimerEvent: {}
[29.925440] (-) TimerEvent: {}
[30.027412] (-) TimerEvent: {}
[30.130453] (-) TimerEvent: {}
[30.232905] (-) TimerEvent: {}
[30.337028] (-) TimerEvent: {}
[30.438445] (-) TimerEvent: {}
[30.539941] (-) TimerEvent: {}
[30.641121] (-) TimerEvent: {}
[30.743406] (-) TimerEvent: {}
[30.844500] (-) TimerEvent: {}
[30.945647] (-) TimerEvent: {}
[31.046734] (-) TimerEvent: {}
[31.147819] (-) TimerEvent: {}
[31.249122] (-) TimerEvent: {}
[31.350573] (-) TimerEvent: {}
[31.451644] (-) TimerEvent: {}
[31.552780] (-) TimerEvent: {}
[31.653905] (-) TimerEvent: {}
[31.754978] (-) TimerEvent: {}
[31.856115] (-) TimerEvent: {}
[31.957317] (-) TimerEvent: {}
[32.058431] (-) TimerEvent: {}
[32.159583] (-) TimerEvent: {}
[32.260706] (-) TimerEvent: {}
[32.361923] (-) TimerEvent: {}
[32.463107] (-) TimerEvent: {}
[32.564295] (-) TimerEvent: {}
[32.665606] (-) TimerEvent: {}
[32.769081] (-) TimerEvent: {}
[32.870256] (-) TimerEvent: {}
[32.971614] (-) TimerEvent: {}
[33.072690] (-) TimerEvent: {}
[33.173895] (-) TimerEvent: {}
[33.275002] (-) TimerEvent: {}
[33.376062] (-) TimerEvent: {}
[33.477052] (-) TimerEvent: {}
[33.578740] (-) TimerEvent: {}
[33.679756] (-) TimerEvent: {}
[33.780770] (-) TimerEvent: {}
[33.881766] (-) TimerEvent: {}
[33.983504] (-) TimerEvent: {}
[34.085569] (-) TimerEvent: {}
[34.187648] (-) TimerEvent: {}
[34.288827] (-) TimerEvent: {}
[34.390055] (-) TimerEvent: {}
[34.491145] (-) TimerEvent: {}
[34.592341] (-) TimerEvent: {}
[34.694175] (-) TimerEvent: {}
[34.795905] (-) TimerEvent: {}
[34.897004] (-) TimerEvent: {}
[34.998236] (-) TimerEvent: {}
[35.099358] (-) TimerEvent: {}
[35.200437] (-) TimerEvent: {}
[35.301605] (-) TimerEvent: {}
[35.403532] (-) TimerEvent: {}
[35.505595] (-) TimerEvent: {}
[35.607278] (-) TimerEvent: {}
[35.708828] (-) TimerEvent: {}
[35.809967] (-) TimerEvent: {}
[35.911096] (-) TimerEvent: {}
[36.012227] (-) TimerEvent: {}
[36.113430] (-) TimerEvent: {}
[36.214540] (-) TimerEvent: {}
[36.315810] (-) TimerEvent: {}
[36.417048] (-) TimerEvent: {}
[36.518154] (-) TimerEvent: {}
[36.619396] (-) TimerEvent: {}
[36.720519] (-) TimerEvent: {}
[36.821669] (-) TimerEvent: {}
[36.922889] (-) TimerEvent: {}
[37.023973] (-) TimerEvent: {}
[37.126655] (-) TimerEvent: {}
[37.228693] (-) TimerEvent: {}
[37.329842] (-) TimerEvent: {}
[37.431103] (-) TimerEvent: {}
[37.532437] (-) TimerEvent: {}
[37.633587] (-) TimerEvent: {}
[37.734688] (-) TimerEvent: {}
[37.835958] (-) TimerEvent: {}
[37.937232] (-) TimerEvent: {}
[38.038588] (-) TimerEvent: {}
[38.139909] (-) TimerEvent: {}
[38.241356] (-) TimerEvent: {}
[38.342649] (-) TimerEvent: {}
[38.443937] (-) TimerEvent: {}
[38.545215] (-) TimerEvent: {}
[38.647163] (-) TimerEvent: {}
[38.749171] (-) TimerEvent: {}
[38.850950] (-) TimerEvent: {}
[38.952901] (-) TimerEvent: {}
[39.054642] (-) TimerEvent: {}
[39.156365] (-) TimerEvent: {}
[39.258325] (-) TimerEvent: {}
[39.360358] (-) TimerEvent: {}
[39.461486] (-) TimerEvent: {}
[39.562555] (-) TimerEvent: {}
[39.663650] (-) TimerEvent: {}
[39.764790] (-) TimerEvent: {}
[39.866173] (-) TimerEvent: {}
[39.967249] (-) TimerEvent: {}
[40.068358] (-) TimerEvent: {}
[40.169495] (-) TimerEvent: {}
[40.270637] (-) TimerEvent: {}
[40.371743] (-) TimerEvent: {}
[40.472852] (-) TimerEvent: {}
[40.573999] (-) TimerEvent: {}
[40.675086] (-) TimerEvent: {}
[40.776197] (-) TimerEvent: {}
[40.877235] (-) TimerEvent: {}
[40.978563] (-) TimerEvent: {}
[41.079896] (-) TimerEvent: {}
[41.181244] (-) TimerEvent: {}
[41.282927] (-) TimerEvent: {}
[41.384649] (-) TimerEvent: {}
[41.485791] (-) TimerEvent: {}
[41.586889] (-) TimerEvent: {}
[41.687969] (-) TimerEvent: {}
[41.789769] (-) TimerEvent: {}
[41.891877] (-) TimerEvent: {}
[41.992986] (-) TimerEvent: {}
[42.094985] (-) TimerEvent: {}
[42.197019] (-) TimerEvent: {}
[42.298199] (-) TimerEvent: {}
[42.399292] (-) TimerEvent: {}
[42.500345] (-) TimerEvent: {}
[42.601428] (-) TimerEvent: {}
[42.702514] (-) TimerEvent: {}
[42.803622] (-) TimerEvent: {}
[42.904705] (-) TimerEvent: {}
[43.005840] (-) TimerEvent: {}
[43.106966] (-) TimerEvent: {}
[43.208075] (-) TimerEvent: {}
[43.309153] (-) TimerEvent: {}
[43.410298] (-) TimerEvent: {}
[43.511450] (-) TimerEvent: {}
[43.612751] (-) TimerEvent: {}
[43.714930] (-) TimerEvent: {}
[43.816834] (-) TimerEvent: {}
[43.920945] (-) TimerEvent: {}
[44.022095] (-) TimerEvent: {}
[44.123677] (-) TimerEvent: {}
[44.224730] (-) TimerEvent: {}
[44.325790] (-) TimerEvent: {}
[44.426828] (-) TimerEvent: {}
[44.527876] (-) TimerEvent: {}
[44.628898] (-) TimerEvent: {}
[44.730518] (-) TimerEvent: {}
[44.831555] (-) TimerEvent: {}
[44.932602] (-) TimerEvent: {}
[45.033653] (-) TimerEvent: {}
[45.135110] (-) TimerEvent: {}
[45.236181] (-) TimerEvent: {}
[45.337297] (-) TimerEvent: {}
[45.438313] (-) TimerEvent: {}
[45.540048] (-) TimerEvent: {}
[45.643110] (-) TimerEvent: {}
[45.744586] (-) TimerEvent: {}
[45.845827] (-) TimerEvent: {}
[45.947362] (-) TimerEvent: {}
[46.048541] (-) TimerEvent: {}
[46.149624] (-) TimerEvent: {}
[46.250544] (-) TimerEvent: {}
[46.351499] (-) TimerEvent: {}
[46.455488] (-) TimerEvent: {}
[46.556379] (-) TimerEvent: {}
[46.657329] (-) TimerEvent: {}
[46.758358] (-) TimerEvent: {}
[46.823328] (sequence_controller) StdoutLine: {'line': b'[100%] \x1b[32m\x1b[1mLinking CXX executable sequence_controller\x1b[0m\n'}
[46.858595] (-) TimerEvent: {}
[46.960328] (-) TimerEvent: {}
[47.066921] (-) TimerEvent: {}
[47.168753] (-) TimerEvent: {}
[47.270530] (-) TimerEvent: {}
[47.371981] (-) TimerEvent: {}
[47.473454] (-) TimerEvent: {}
[47.574947] (-) TimerEvent: {}
[47.676435] (-) TimerEvent: {}
[47.778153] (-) TimerEvent: {}
[47.880514] (-) TimerEvent: {}
[47.981624] (-) TimerEvent: {}
[48.082785] (-) TimerEvent: {}
[48.184524] (-) TimerEvent: {}
[48.285670] (-) TimerEvent: {}
[48.386601] (-) TimerEvent: {}
[48.487707] (-) TimerEvent: {}
[48.589530] (-) TimerEvent: {}
[48.690387] (-) TimerEvent: {}
[48.791338] (-) TimerEvent: {}
[48.892723] (-) TimerEvent: {}
[48.994112] (-) TimerEvent: {}
[49.095525] (-) TimerEvent: {}
[49.196822] (-) TimerEvent: {}
[49.213151] (sequence_controller) StdoutLine: {'line': b'[100%] Built target sequence_controller\n'}
[49.246242] (sequence_controller) CommandEnded: {'returncode': 0}
[49.252832] (sequence_controller) JobProgress: {'identifier': 'sequence_controller', 'progress': 'install'}
[49.253875] (sequence_controller) Command: {'cmd': ['/usr/bin/cmake', '--install', '/home/asdfr-30/ASDfR_3/build/sequence_controller'], 'cwd': '/home/asdfr-30/ASDfR_3/build/sequence_controller', 'env': OrderedDict([('LESSOPEN', '| /usr/bin/lesspipe %s'), ('USER', 'asdfr-30'), ('SSH_CLIENT', '10.0.100.50 62304 22'), ('XDG_SESSION_TYPE', 'tty'), ('GIT_ASKPASS', '/home/asdfr-30/.vscode-server/cli/servers/Stable-4949701c880d4bdb949e3c0e6b400288da7f474b/server/extensions/git/dist/askpass.sh'), ('SHLVL', '1'), ('LD_LIBRARY_PATH', '/home/asdfr-30/ASDfR_3/install/xrf2_msgs/lib:/home/asdfr-30/ASDfR_3/install/cam2image_vm2ros/lib:/opt/ros/humble/opt/rviz_ogre_vendor/lib:/opt/ros/humble/lib/aarch64-linux-gnu:/opt/ros/humble/lib'), ('BROWSER', '/home/asdfr-30/.vscode-server/cli/servers/Stable-4949701c880d4bdb949e3c0e6b400288da7f474b/server/bin/helpers/browser.sh'), ('MOTD_SHOWN', 'pam'), ('HOME', '/home/asdfr-30'), ('TERM_PROGRAM_VERSION', '1.99.2'), ('VSCODE_IPC_HOOK_CLI', '/run/user/1030/vscode-ipc-15d83552-a65e-4ba7-8c2a-88ddf5a16074.sock'), ('ROS_PYTHON_VERSION', '3'), ('VSCODE_GIT_ASKPASS_MAIN', '/home/asdfr-30/.vscode-server/cli/servers/Stable-4949701c880d4bdb949e3c0e6b400288da7f474b/server/extensions/git/dist/askpass-main.js'), ('VSCODE_GIT_ASKPASS_NODE', '/home/asdfr-30/.vscode-server/cli/servers/Stable-4949701c880d4bdb949e3c0e6b400288da7f474b/server/node'), ('SSL_CERT_FILE', '/usr/lib/ssl/certs/ca-certificates.crt'), ('DBUS_SESSION_BUS_ADDRESS', 'unix:path=/run/user/1030/bus'), ('COLORTERM', 'truecolor'), ('COLCON_PREFIX_PATH', '/home/asdfr-30/ASDfR_3/install'), ('ROS_DISTRO', 'humble'), ('LOGNAME', 'asdfr-30'), ('_', '/usr/bin/colcon'), ('ROS_VERSION', '2'), ('XDG_SESSION_CLASS', 'user'), ('TERM', 'xterm-256color'), ('XDG_SESSION_ID', '6'), ('ROS_LOCALHOST_ONLY', '1'), ('PATH', '/home/asdfr-30/.vscode-server/cli/servers/Stable-4949701c880d4bdb949e3c0e6b400288da7f474b/server/bin/remote-cli:/opt/ros/humble/bin:/usr/local/sbin:/usr/local/bin:/usr/sbin:/usr/bin:/sbin:/bin:/usr/games:/usr/local/games:/snap/bin:/usr/evl/bin:/opt/relbot-software/bin:/home/asdfr-30/.vscode-server/data/User/globalStorage/github.copilot-chat/debugCommand:/usr/evl/bin:/opt/relbot-software/bin'), ('XDG_RUNTIME_DIR', '/run/user/1030'), ('SSL_CERT_DIR', '/usr/lib/ssl/certs'), ('LANG', 'C.UTF-8'), ('LS_COLORS', 'rs=0:di=01;34:ln=01;36:mh=00:pi=40;33:so=01;35:do=01;35:bd=40;33;01:cd=40;33;01:or=40;31;01:mi=00:su=37;41:sg=30;43:ca=30;41:tw=30;42:ow=34;42:st=37;44:ex=01;32:*.tar=01;31:*.tgz=01;31:*.arc=01;31:*.arj=01;31:*.taz=01;31:*.lha=01;31:*.lz4=01;31:*.lzh=01;31:*.lzma=01;31:*.tlz=01;31:*.txz=01;31:*.tzo=01;31:*.t7z=01;31:*.zip=01;31:*.z=01;31:*.dz=01;31:*.gz=01;31:*.lrz=01;31:*.lz=01;31:*.lzo=01;31:*.xz=01;31:*.zst=01;31:*.tzst=01;31:*.bz2=01;31:*.bz=01;31:*.tbz=01;31:*.tbz2=01;31:*.tz=01;31:*.deb=01;31:*.rpm=01;31:*.jar=01;31:*.war=01;31:*.ear=01;31:*.sar=01;31:*.rar=01;31:*.alz=01;31:*.ace=01;31:*.zoo=01;31:*.cpio=01;31:*.7z=01;31:*.rz=01;31:*.cab=01;31:*.wim=01;31:*.swm=01;31:*.dwm=01;31:*.esd=01;31:*.jpg=01;35:*.jpeg=01;35:*.mjpg=01;35:*.mjpeg=01;35:*.gif=01;35:*.bmp=01;35:*.pbm=01;35:*.pgm=01;35:*.ppm=01;35:*.tga=01;35:*.xbm=01;35:*.xpm=01;35:*.tif=01;35:*.tiff=01;35:*.png=01;35:*.svg=01;35:*.svgz=01;35:*.mng=01;35:*.pcx=01;35:*.mov=01;35:*.mpg=01;35:*.mpeg=01;35:*.m2v=01;35:*.mkv=01;35:*.webm=01;35:*.webp=01;35:*.ogm=01;35:*.mp4=01;35:*.m4v=01;35:*.mp4v=01;35:*.vob=01;35:*.qt=01;35:*.nuv=01;35:*.wmv=01;35:*.asf=01;35:*.rm=01;35:*.rmvb=01;35:*.flc=01;35:*.avi=01;35:*.fli=01;35:*.flv=01;35:*.gl=01;35:*.dl=01;35:*.xcf=01;35:*.xwd=01;35:*.yuv=01;35:*.cgm=01;35:*.emf=01;35:*.ogv=01;35:*.ogx=01;35:*.aac=00;36:*.au=00;36:*.flac=00;36:*.m4a=00;36:*.mid=00;36:*.midi=00;36:*.mka=00;36:*.mp3=00;36:*.mpc=00;36:*.ogg=00;36:*.ra=00;36:*.wav=00;36:*.oga=00;36:*.opus=00;36:*.spx=00;36:*.xspf=00;36:'), ('VSCODE_GIT_IPC_HANDLE', '/run/user/1030/vscode-git-34f5e41956.sock'), ('TERM_PROGRAM', 'vscode'), ('AMENT_PREFIX_PATH', '/home/asdfr-30/ASDfR_3/install/sequence_controller:/home/asdfr-30/ASDfR_3/install/ros_xeno_bridge:/home/asdfr-30/ASDfR_3/install/xrf2_msgs:/home/asdfr-30/ASDfR_3/install/relbot_simulator:/home/asdfr-30/ASDfR_3/install/cam2image_vm2ros:/home/asdfr-30/ASDfR_3/install/ball_tracker:/opt/ros/humble'), ('SHELL', '/bin/bash'), ('LESSCLOSE', '/usr/bin/lesspipe %s %s'), ('VSCODE_GIT_ASKPASS_EXTRA_ARGS', ''), ('PWD', '/home/asdfr-30/ASDfR_3/build/sequence_controller'), ('SSH_CONNECTION', '10.0.100.50 62304 10.0.28.122 22'), ('PYTHONPATH', '/home/asdfr-30/ASDfR_3/install/xrf2_msgs/local/lib/python3.10/dist-packages:/opt/ros/humble/lib/python3.10/site-packages:/opt/ros/humble/local/lib/python3.10/dist-packages'), ('COLCON', '1'), ('CMAKE_PREFIX_PATH', '/home/asdfr-30/ASDfR_3/install/xrf2_msgs:/home/asdfr-30/ASDfR_3/install/sequence_controller:/home/asdfr-30/ASDfR_3/install/ros_xeno_bridge:/home/asdfr-30/ASDfR_3/install/relbot_simulator:/home/asdfr-30/ASDfR_3/install/cam2image_vm2ros:/home/asdfr-30/ASDfR_3/install/ball_tracker:/opt/ros/humble')]), 'shell': False}
[49.270124] (sequence_controller) StdoutLine: {'line': b'-- Install configuration: ""\n'}
[49.280695] (sequence_controller) StdoutLine: {'line': b'-- Up-to-date: /home/asdfr-30/ASDfR_3/install/sequence_controller/include\n'}
[49.282006] (sequence_controller) StdoutLine: {'line': b'-- Installing: /home/asdfr-30/ASDfR_3/install/sequence_controller/include/sequence_controller.hpp\n'}
[49.293015] (sequence_controller) StdoutLine: {'line': b'-- Installing: /home/asdfr-30/ASDfR_3/install/sequence_controller/lib/sequence_controller/sequence_controller\n'}
[49.299407] (-) TimerEvent: {}
[49.403291] (-) TimerEvent: {}
[49.431849] (sequence_controller) StdoutLine: {'line': b'-- Set runtime path of "/home/asdfr-30/ASDfR_3/install/sequence_controller/lib/sequence_controller/sequence_controller" to ""\n'}
[49.433212] (sequence_controller) StdoutLine: {'line': b'-- Up-to-date: /home/asdfr-30/ASDfR_3/install/sequence_controller/share/sequence_controller//launch\n'}
[49.434564] (sequence_controller) StdoutLine: {'line': b'-- Up-to-date: /home/asdfr-30/ASDfR_3/install/sequence_controller/share/sequence_controller//launch/sequence_controller.launch.py\n'}
[49.437395] (sequence_controller) StdoutLine: {'line': b'-- Up-to-date: /home/asdfr-30/ASDfR_3/install/sequence_controller/share/sequence_controller//launch\n'}
[49.438804] (sequence_controller) StdoutLine: {'line': b'-- Up-to-date: /home/asdfr-30/ASDfR_3/install/sequence_controller/share/sequence_controller//launch/sequence_controller.launch.py\n'}
[49.440154] (sequence_controller) StdoutLine: {'line': b'-- Up-to-date: /home/asdfr-30/ASDfR_3/install/sequence_controller/share/ament_index/resource_index/package_run_dependencies/sequence_controller\n'}
[49.455899] (sequence_controller) StdoutLine: {'line': b'-- Up-to-date: /home/asdfr-30/ASDfR_3/install/sequence_controller/share/ament_index/resource_index/parent_prefix_path/sequence_controller\n'}
[49.459627] (sequence_controller) StdoutLine: {'line': b'-- Up-to-date: /home/asdfr-30/ASDfR_3/install/sequence_controller/share/sequence_controller/environment/ament_prefix_path.sh\n'}
[49.463172] (sequence_controller) StdoutLine: {'line': b'-- Up-to-date: /home/asdfr-30/ASDfR_3/install/sequence_controller/share/sequence_controller/environment/ament_prefix_path.dsv\n'}
[49.471252] (sequence_controller) StdoutLine: {'line': b'-- Up-to-date: /home/asdfr-30/ASDfR_3/install/sequence_controller/share/sequence_controller/environment/path.sh\n'}
[49.475049] (sequence_controller) StdoutLine: {'line': b'-- Up-to-date: /home/asdfr-30/ASDfR_3/install/sequence_controller/share/sequence_controller/environment/path.dsv\n'}
[49.479213] (sequence_controller) StdoutLine: {'line': b'-- Up-to-date: /home/asdfr-30/ASDfR_3/install/sequence_controller/share/sequence_controller/local_setup.bash\n'}
[49.484310] (sequence_controller) StdoutLine: {'line': b'-- Up-to-date: /home/asdfr-30/ASDfR_3/install/sequence_controller/share/sequence_controller/local_setup.sh\n'}
[49.486489] (sequence_controller) StdoutLine: {'line': b'-- Up-to-date: /home/asdfr-30/ASDfR_3/install/sequence_controller/share/sequence_controller/local_setup.zsh\n'}
[49.487733] (sequence_controller) StdoutLine: {'line': b'-- Up-to-date: /home/asdfr-30/ASDfR_3/install/sequence_controller/share/sequence_controller/local_setup.dsv\n'}
[49.489195] (sequence_controller) StdoutLine: {'line': b'-- Installing: /home/asdfr-30/ASDfR_3/install/sequence_controller/share/sequence_controller/package.dsv\n'}
[49.493193] (sequence_controller) StdoutLine: {'line': b'-- Up-to-date: /home/asdfr-30/ASDfR_3/install/sequence_controller/share/ament_index/resource_index/packages/sequence_controller\n'}
[49.495743] (sequence_controller) StdoutLine: {'line': b'-- Up-to-date: /home/asdfr-30/ASDfR_3/install/sequence_controller/share/sequence_controller/cmake/sequence_controllerConfig.cmake\n'}
[49.498754] (sequence_controller) StdoutLine: {'line': b'-- Up-to-date: /home/asdfr-30/ASDfR_3/install/sequence_controller/share/sequence_controller/cmake/sequence_controllerConfig-version.cmake\n'}
[49.500598] (sequence_controller) StdoutLine: {'line': b'-- Up-to-date: /home/asdfr-30/ASDfR_3/install/sequence_controller/share/sequence_controller/package.xml\n'}
[49.503008] (sequence_controller) CommandEnded: {'returncode': 0}
[49.506243] (-) TimerEvent: {}
[49.550625] (sequence_controller) JobEnded: {'identifier': 'sequence_controller', 'rc': 0}
[49.606443] (-) TimerEvent: {}
[49.707424] (-) TimerEvent: {}
[49.808368] (-) TimerEvent: {}
[49.909367] (-) TimerEvent: {}
[50.010303] (-) TimerEvent: {}
[50.111521] (-) TimerEvent: {}
[50.213387] (-) TimerEvent: {}
[50.230587] (ball_tracker) StderrLine: {'line': b'gmake[2]: *** [CMakeFiles/ball_tracker.dir/build.make:76: CMakeFiles/ball_tracker.dir/src/ball_tracker.cpp.o] Interrupt\n'}
[50.232629] (ball_tracker) StderrLine: {'line': b'gmake[1]: *** [CMakeFiles/Makefile2:137: CMakeFiles/ball_tracker.dir/all] Interrupt\n'}
[50.236440] (ball_tracker) StderrLine: {'line': b'gmake: *** [Makefile:146: all] Interrupt\n'}
[50.247596] (ball_tracker) CommandEnded: {'returncode': -2}
[50.313722] (-) TimerEvent: {}
[50.319383] (ball_tracker) JobEnded: {'identifier': 'ball_tracker', 'rc': 'SIGINT'}
[50.332832] (-) EventReactorShutdown: {}
