[0.395s] DEBUG:colcon:Command line arguments: ['/usr/bin/colcon', 'build']
[0.396s] DEBUG:colcon:Parsed command line arguments: Namespace(log_base=None, log_level=None, verb_name='build', build_base='build', install_base='install', merge_install=False, symlink_install=False, test_result_base=None, continue_on_error=False, executor='parallel', parallel_workers=3, event_handlers=None, ignore_user_meta=False, metas=['./colcon.meta'], base_paths=['.'], packages_ignore=None, packages_ignore_regex=None, paths=None, packages_up_to=None, packages_up_to_regex=None, packages_above=None, packages_above_and_dependencies=None, packages_above_depth=None, packages_select_by_dep=None, packages_skip_by_dep=None, packages_skip_up_to=None, packages_select_build_failed=False, packages_skip_build_finished=False, packages_select_test_failures=False, packages_skip_test_passed=False, packages_select=None, packages_skip=None, packages_select_regex=None, packages_skip_regex=None, packages_start=None, packages_end=None, allow_overriding=[], cmake_args=None, cmake_target=None, cmake_target_skip_unavailable=False, cmake_clean_cache=False, cmake_clean_first=False, cmake_force_configure=False, ament_cmake_args=None, catkin_cmake_args=None, catkin_skip_building_tests=False, mixin_files=None, mixin=None, verb_parser=<colcon_mixin.mixin.mixin_argument.MixinArgumentDecorator object at 0xffff7e641150>, verb_extension=<colcon_core.verb.build.BuildVerb object at 0xffff7e640be0>, main=<bound method BuildVerb.main of <colcon_core.verb.build.BuildVerb object at 0xffff7e640be0>>, mixin_verb=('build',))
[1.044s] Level 1:colcon.colcon_core.package_discovery:discover_packages(colcon_meta) check parameters
[1.045s] Level 1:colcon.colcon_core.package_discovery:discover_packages(recursive) check parameters
[1.045s] Level 1:colcon.colcon_core.package_discovery:discover_packages(ignore) check parameters
[1.046s] Level 1:colcon.colcon_core.package_discovery:discover_packages(path) check parameters
[1.046s] Level 1:colcon.colcon_core.package_discovery:discover_packages(colcon_meta) discover
[1.046s] Level 1:colcon.colcon_core.package_discovery:discover_packages(recursive) discover
[1.047s] INFO:colcon.colcon_core.package_discovery:Crawling recursively for packages in '/home/asdfr-30/ASDfR_3'
[1.047s] Level 1:colcon.colcon_core.package_identification:_identify(.) by extensions ['ignore', 'ignore_ament_install']
[1.048s] Level 1:colcon.colcon_core.package_identification:_identify(.) by extension 'ignore'
[1.048s] Level 1:colcon.colcon_core.package_identification:_identify(.) by extension 'ignore_ament_install'
[1.048s] Level 1:colcon.colcon_core.package_identification:_identify(.) by extensions ['colcon_pkg']
[1.049s] Level 1:colcon.colcon_core.package_identification:_identify(.) by extension 'colcon_pkg'
[1.049s] Level 1:colcon.colcon_core.package_identification:_identify(.) by extensions ['colcon_meta']
[1.049s] Level 1:colcon.colcon_core.package_identification:_identify(.) by extension 'colcon_meta'
[1.050s] Level 1:colcon.colcon_core.package_identification:_identify(.) by extensions ['ros']
[1.050s] Level 1:colcon.colcon_core.package_identification:_identify(.) by extension 'ros'
[1.102s] Level 1:colcon.colcon_core.package_identification:_identify(.) by extensions ['cmake', 'python']
[1.103s] Level 1:colcon.colcon_core.package_identification:_identify(.) by extension 'cmake'
[1.103s] Level 1:colcon.colcon_core.package_identification:_identify(.) by extension 'python'
[1.103s] Level 1:colcon.colcon_core.package_identification:_identify(.) by extensions ['python_setup_py']
[1.104s] Level 1:colcon.colcon_core.package_identification:_identify(.) by extension 'python_setup_py'
[1.104s] Level 1:colcon.colcon_core.package_identification:_identify(build) by extensions ['ignore', 'ignore_ament_install']
[1.105s] Level 1:colcon.colcon_core.package_identification:_identify(build) by extension 'ignore'
[1.105s] Level 1:colcon.colcon_core.package_identification:_identify(build) ignored
[1.106s] Level 1:colcon.colcon_core.package_identification:_identify(install) by extensions ['ignore', 'ignore_ament_install']
[1.107s] Level 1:colcon.colcon_core.package_identification:_identify(install) by extension 'ignore'
[1.107s] Level 1:colcon.colcon_core.package_identification:_identify(install) ignored
[1.108s] Level 1:colcon.colcon_core.package_identification:_identify(log) by extensions ['ignore', 'ignore_ament_install']
[1.108s] Level 1:colcon.colcon_core.package_identification:_identify(log) by extension 'ignore'
[1.109s] Level 1:colcon.colcon_core.package_identification:_identify(log) ignored
[1.109s] Level 1:colcon.colcon_core.package_identification:_identify(src) by extensions ['ignore', 'ignore_ament_install']
[1.109s] Level 1:colcon.colcon_core.package_identification:_identify(src) by extension 'ignore'
[1.110s] Level 1:colcon.colcon_core.package_identification:_identify(src) by extension 'ignore_ament_install'
[1.110s] Level 1:colcon.colcon_core.package_identification:_identify(src) by extensions ['colcon_pkg']
[1.111s] Level 1:colcon.colcon_core.package_identification:_identify(src) by extension 'colcon_pkg'
[1.111s] Level 1:colcon.colcon_core.package_identification:_identify(src) by extensions ['colcon_meta']
[1.111s] Level 1:colcon.colcon_core.package_identification:_identify(src) by extension 'colcon_meta'
[1.112s] Level 1:colcon.colcon_core.package_identification:_identify(src) by extensions ['ros']
[1.112s] Level 1:colcon.colcon_core.package_identification:_identify(src) by extension 'ros'
[1.112s] Level 1:colcon.colcon_core.package_identification:_identify(src) by extensions ['cmake', 'python']
[1.113s] Level 1:colcon.colcon_core.package_identification:_identify(src) by extension 'cmake'
[1.113s] Level 1:colcon.colcon_core.package_identification:_identify(src) by extension 'python'
[1.113s] Level 1:colcon.colcon_core.package_identification:_identify(src) by extensions ['python_setup_py']
[1.113s] Level 1:colcon.colcon_core.package_identification:_identify(src) by extension 'python_setup_py'
[1.114s] Level 1:colcon.colcon_core.package_identification:_identify(src/XRF2) by extensions ['ignore', 'ignore_ament_install']
[1.115s] Level 1:colcon.colcon_core.package_identification:_identify(src/XRF2) by extension 'ignore'
[1.115s] Level 1:colcon.colcon_core.package_identification:_identify(src/XRF2) by extension 'ignore_ament_install'
[1.115s] Level 1:colcon.colcon_core.package_identification:_identify(src/XRF2) by extensions ['colcon_pkg']
[1.116s] Level 1:colcon.colcon_core.package_identification:_identify(src/XRF2) by extension 'colcon_pkg'
[1.116s] Level 1:colcon.colcon_core.package_identification:_identify(src/XRF2) by extensions ['colcon_meta']
[1.116s] Level 1:colcon.colcon_core.package_identification:_identify(src/XRF2) by extension 'colcon_meta'
[1.116s] Level 1:colcon.colcon_core.package_identification:_identify(src/XRF2) by extensions ['ros']
[1.117s] Level 1:colcon.colcon_core.package_identification:_identify(src/XRF2) by extension 'ros'
[1.117s] Level 1:colcon.colcon_core.package_identification:_identify(src/XRF2) by extensions ['cmake', 'python']
[1.117s] Level 1:colcon.colcon_core.package_identification:_identify(src/XRF2) by extension 'cmake'
[1.118s] Level 1:colcon.colcon_core.package_identification:_identify(src/XRF2) by extension 'python'
[1.118s] Level 1:colcon.colcon_core.package_identification:_identify(src/XRF2) by extensions ['python_setup_py']
[1.118s] Level 1:colcon.colcon_core.package_identification:_identify(src/XRF2) by extension 'python_setup_py'
[1.119s] Level 1:colcon.colcon_core.package_identification:_identify(src/XRF2/Template) by extensions ['ignore', 'ignore_ament_install']
[1.119s] Level 1:colcon.colcon_core.package_identification:_identify(src/XRF2/Template) by extension 'ignore'
[1.120s] Level 1:colcon.colcon_core.package_identification:_identify(src/XRF2/Template) ignored
[1.120s] Level 1:colcon.colcon_core.package_identification:_identify(src/XRF2/XenoRosFramework) by extensions ['ignore', 'ignore_ament_install']
[1.121s] Level 1:colcon.colcon_core.package_identification:_identify(src/XRF2/XenoRosFramework) by extension 'ignore'
[1.121s] Level 1:colcon.colcon_core.package_identification:_identify(src/XRF2/XenoRosFramework) by extension 'ignore_ament_install'
[1.122s] Level 1:colcon.colcon_core.package_identification:_identify(src/XRF2/XenoRosFramework) by extensions ['colcon_pkg']
[1.122s] Level 1:colcon.colcon_core.package_identification:_identify(src/XRF2/XenoRosFramework) by extension 'colcon_pkg'
[1.122s] Level 1:colcon.colcon_core.package_identification:_identify(src/XRF2/XenoRosFramework) by extensions ['colcon_meta']
[1.123s] Level 1:colcon.colcon_core.package_identification:_identify(src/XRF2/XenoRosFramework) by extension 'colcon_meta'
[1.123s] Level 1:colcon.colcon_core.package_identification:_identify(src/XRF2/XenoRosFramework) by extensions ['ros']
[1.123s] Level 1:colcon.colcon_core.package_identification:_identify(src/XRF2/XenoRosFramework) by extension 'ros'
[1.124s] Level 1:colcon.colcon_core.package_identification:_identify(src/XRF2/XenoRosFramework) by extensions ['cmake', 'python']
[1.124s] Level 1:colcon.colcon_core.package_identification:_identify(src/XRF2/XenoRosFramework) by extension 'cmake'
[1.124s] Level 1:colcon.colcon_core.package_identification:_identify(src/XRF2/XenoRosFramework) by extension 'python'
[1.125s] Level 1:colcon.colcon_core.package_identification:_identify(src/XRF2/XenoRosFramework) by extensions ['python_setup_py']
[1.125s] Level 1:colcon.colcon_core.package_identification:_identify(src/XRF2/XenoRosFramework) by extension 'python_setup_py'
[1.126s] Level 1:colcon.colcon_core.package_identification:_identify(src/XRF2/XenoRosFramework/Common) by extensions ['ignore', 'ignore_ament_install']
[1.126s] Level 1:colcon.colcon_core.package_identification:_identify(src/XRF2/XenoRosFramework/Common) by extension 'ignore'
[1.126s] Level 1:colcon.colcon_core.package_identification:_identify(src/XRF2/XenoRosFramework/Common) by extension 'ignore_ament_install'
[1.127s] Level 1:colcon.colcon_core.package_identification:_identify(src/XRF2/XenoRosFramework/Common) by extensions ['colcon_pkg']
[1.127s] Level 1:colcon.colcon_core.package_identification:_identify(src/XRF2/XenoRosFramework/Common) by extension 'colcon_pkg'
[1.127s] Level 1:colcon.colcon_core.package_identification:_identify(src/XRF2/XenoRosFramework/Common) by extensions ['colcon_meta']
[1.128s] Level 1:colcon.colcon_core.package_identification:_identify(src/XRF2/XenoRosFramework/Common) by extension 'colcon_meta'
[1.128s] Level 1:colcon.colcon_core.package_identification:_identify(src/XRF2/XenoRosFramework/Common) by extensions ['ros']
[1.128s] Level 1:colcon.colcon_core.package_identification:_identify(src/XRF2/XenoRosFramework/Common) by extension 'ros'
[1.129s] Level 1:colcon.colcon_core.package_identification:_identify(src/XRF2/XenoRosFramework/Common) by extensions ['cmake', 'python']
[1.129s] Level 1:colcon.colcon_core.package_identification:_identify(src/XRF2/XenoRosFramework/Common) by extension 'cmake'
[1.129s] Level 1:colcon.colcon_core.package_identification:_identify(src/XRF2/XenoRosFramework/Common) by extension 'python'
[1.130s] Level 1:colcon.colcon_core.package_identification:_identify(src/XRF2/XenoRosFramework/Common) by extensions ['python_setup_py']
[1.130s] Level 1:colcon.colcon_core.package_identification:_identify(src/XRF2/XenoRosFramework/Common) by extension 'python_setup_py'
[1.131s] Level 1:colcon.colcon_core.package_identification:_identify(src/XRF2/XenoRosFramework/Common/XRF2_msgs) by extensions ['ignore', 'ignore_ament_install']
[1.131s] Level 1:colcon.colcon_core.package_identification:_identify(src/XRF2/XenoRosFramework/Common/XRF2_msgs) by extension 'ignore'
[1.131s] Level 1:colcon.colcon_core.package_identification:_identify(src/XRF2/XenoRosFramework/Common/XRF2_msgs) by extension 'ignore_ament_install'
[1.132s] Level 1:colcon.colcon_core.package_identification:_identify(src/XRF2/XenoRosFramework/Common/XRF2_msgs) by extensions ['colcon_pkg']
[1.132s] Level 1:colcon.colcon_core.package_identification:_identify(src/XRF2/XenoRosFramework/Common/XRF2_msgs) by extension 'colcon_pkg'
[1.132s] Level 1:colcon.colcon_core.package_identification:_identify(src/XRF2/XenoRosFramework/Common/XRF2_msgs) by extensions ['colcon_meta']
[1.133s] Level 1:colcon.colcon_core.package_identification:_identify(src/XRF2/XenoRosFramework/Common/XRF2_msgs) by extension 'colcon_meta'
[1.133s] Level 1:colcon.colcon_core.package_identification:_identify(src/XRF2/XenoRosFramework/Common/XRF2_msgs) by extensions ['ros']
[1.134s] Level 1:colcon.colcon_core.package_identification:_identify(src/XRF2/XenoRosFramework/Common/XRF2_msgs) by extension 'ros'
[1.141s] DEBUG:colcon.colcon_core.package_identification:Package 'src/XRF2/XenoRosFramework/Common/XRF2_msgs' with type 'ros.ament_cmake' and name 'xrf2_msgs'
[1.142s] Level 1:colcon.colcon_core.package_identification:_identify(src/XRF2/XenoRosFramework/Common/XenoFrtLogger_decoder) by extensions ['ignore', 'ignore_ament_install']
[1.143s] Level 1:colcon.colcon_core.package_identification:_identify(src/XRF2/XenoRosFramework/Common/XenoFrtLogger_decoder) by extension 'ignore'
[1.144s] Level 1:colcon.colcon_core.package_identification:_identify(src/XRF2/XenoRosFramework/Common/XenoFrtLogger_decoder) by extension 'ignore_ament_install'
[1.144s] Level 1:colcon.colcon_core.package_identification:_identify(src/XRF2/XenoRosFramework/Common/XenoFrtLogger_decoder) by extensions ['colcon_pkg']
[1.144s] Level 1:colcon.colcon_core.package_identification:_identify(src/XRF2/XenoRosFramework/Common/XenoFrtLogger_decoder) by extension 'colcon_pkg'
[1.145s] Level 1:colcon.colcon_core.package_identification:_identify(src/XRF2/XenoRosFramework/Common/XenoFrtLogger_decoder) by extensions ['colcon_meta']
[1.145s] Level 1:colcon.colcon_core.package_identification:_identify(src/XRF2/XenoRosFramework/Common/XenoFrtLogger_decoder) by extension 'colcon_meta'
[1.145s] Level 1:colcon.colcon_core.package_identification:_identify(src/XRF2/XenoRosFramework/Common/XenoFrtLogger_decoder) by extensions ['ros']
[1.146s] Level 1:colcon.colcon_core.package_identification:_identify(src/XRF2/XenoRosFramework/Common/XenoFrtLogger_decoder) by extension 'ros'
[1.146s] Level 1:colcon.colcon_core.package_identification:_identify(src/XRF2/XenoRosFramework/Common/XenoFrtLogger_decoder) by extensions ['cmake', 'python']
[1.146s] Level 1:colcon.colcon_core.package_identification:_identify(src/XRF2/XenoRosFramework/Common/XenoFrtLogger_decoder) by extension 'cmake'
[1.147s] Level 1:colcon.colcon_core.package_identification:_identify(src/XRF2/XenoRosFramework/Common/XenoFrtLogger_decoder) by extension 'python'
[1.147s] Level 1:colcon.colcon_core.package_identification:_identify(src/XRF2/XenoRosFramework/Common/XenoFrtLogger_decoder) by extensions ['python_setup_py']
[1.147s] Level 1:colcon.colcon_core.package_identification:_identify(src/XRF2/XenoRosFramework/Common/XenoFrtLogger_decoder) by extension 'python_setup_py'
[1.148s] Level 1:colcon.colcon_core.package_identification:_identify(src/XRF2/XenoRosFramework/Common/include) by extensions ['ignore', 'ignore_ament_install']
[1.149s] Level 1:colcon.colcon_core.package_identification:_identify(src/XRF2/XenoRosFramework/Common/include) by extension 'ignore'
[1.149s] Level 1:colcon.colcon_core.package_identification:_identify(src/XRF2/XenoRosFramework/Common/include) by extension 'ignore_ament_install'
[1.149s] Level 1:colcon.colcon_core.package_identification:_identify(src/XRF2/XenoRosFramework/Common/include) by extensions ['colcon_pkg']
[1.150s] Level 1:colcon.colcon_core.package_identification:_identify(src/XRF2/XenoRosFramework/Common/include) by extension 'colcon_pkg'
[1.150s] Level 1:colcon.colcon_core.package_identification:_identify(src/XRF2/XenoRosFramework/Common/include) by extensions ['colcon_meta']
[1.150s] Level 1:colcon.colcon_core.package_identification:_identify(src/XRF2/XenoRosFramework/Common/include) by extension 'colcon_meta'
[1.151s] Level 1:colcon.colcon_core.package_identification:_identify(src/XRF2/XenoRosFramework/Common/include) by extensions ['ros']
[1.151s] Level 1:colcon.colcon_core.package_identification:_identify(src/XRF2/XenoRosFramework/Common/include) by extension 'ros'
[1.151s] Level 1:colcon.colcon_core.package_identification:_identify(src/XRF2/XenoRosFramework/Common/include) by extensions ['cmake', 'python']
[1.152s] Level 1:colcon.colcon_core.package_identification:_identify(src/XRF2/XenoRosFramework/Common/include) by extension 'cmake'
[1.152s] Level 1:colcon.colcon_core.package_identification:_identify(src/XRF2/XenoRosFramework/Common/include) by extension 'python'
[1.153s] Level 1:colcon.colcon_core.package_identification:_identify(src/XRF2/XenoRosFramework/Common/include) by extensions ['python_setup_py']
[1.153s] Level 1:colcon.colcon_core.package_identification:_identify(src/XRF2/XenoRosFramework/Common/include) by extension 'python_setup_py'
[1.154s] Level 1:colcon.colcon_core.package_identification:_identify(src/XRF2/XenoRosFramework/Common/python_script) by extensions ['ignore', 'ignore_ament_install']
[1.154s] Level 1:colcon.colcon_core.package_identification:_identify(src/XRF2/XenoRosFramework/Common/python_script) by extension 'ignore'
[1.154s] Level 1:colcon.colcon_core.package_identification:_identify(src/XRF2/XenoRosFramework/Common/python_script) by extension 'ignore_ament_install'
[1.155s] Level 1:colcon.colcon_core.package_identification:_identify(src/XRF2/XenoRosFramework/Common/python_script) by extensions ['colcon_pkg']
[1.155s] Level 1:colcon.colcon_core.package_identification:_identify(src/XRF2/XenoRosFramework/Common/python_script) by extension 'colcon_pkg'
[1.155s] Level 1:colcon.colcon_core.package_identification:_identify(src/XRF2/XenoRosFramework/Common/python_script) by extensions ['colcon_meta']
[1.156s] Level 1:colcon.colcon_core.package_identification:_identify(src/XRF2/XenoRosFramework/Common/python_script) by extension 'colcon_meta'
[1.156s] Level 1:colcon.colcon_core.package_identification:_identify(src/XRF2/XenoRosFramework/Common/python_script) by extensions ['ros']
[1.156s] Level 1:colcon.colcon_core.package_identification:_identify(src/XRF2/XenoRosFramework/Common/python_script) by extension 'ros'
[1.157s] Level 1:colcon.colcon_core.package_identification:_identify(src/XRF2/XenoRosFramework/Common/python_script) by extensions ['cmake', 'python']
[1.157s] Level 1:colcon.colcon_core.package_identification:_identify(src/XRF2/XenoRosFramework/Common/python_script) by extension 'cmake'
[1.157s] Level 1:colcon.colcon_core.package_identification:_identify(src/XRF2/XenoRosFramework/Common/python_script) by extension 'python'
[1.158s] Level 1:colcon.colcon_core.package_identification:_identify(src/XRF2/XenoRosFramework/Common/python_script) by extensions ['python_setup_py']
[1.158s] Level 1:colcon.colcon_core.package_identification:_identify(src/XRF2/XenoRosFramework/Common/python_script) by extension 'python_setup_py'
[1.159s] Level 1:colcon.colcon_core.package_identification:_identify(src/XRF2/XenoRosFramework/Common/xbuf_dev_rule) by extensions ['ignore', 'ignore_ament_install']
[1.159s] Level 1:colcon.colcon_core.package_identification:_identify(src/XRF2/XenoRosFramework/Common/xbuf_dev_rule) by extension 'ignore'
[1.159s] Level 1:colcon.colcon_core.package_identification:_identify(src/XRF2/XenoRosFramework/Common/xbuf_dev_rule) by extension 'ignore_ament_install'
[1.160s] Level 1:colcon.colcon_core.package_identification:_identify(src/XRF2/XenoRosFramework/Common/xbuf_dev_rule) by extensions ['colcon_pkg']
[1.160s] Level 1:colcon.colcon_core.package_identification:_identify(src/XRF2/XenoRosFramework/Common/xbuf_dev_rule) by extension 'colcon_pkg'
[1.160s] Level 1:colcon.colcon_core.package_identification:_identify(src/XRF2/XenoRosFramework/Common/xbuf_dev_rule) by extensions ['colcon_meta']
[1.161s] Level 1:colcon.colcon_core.package_identification:_identify(src/XRF2/XenoRosFramework/Common/xbuf_dev_rule) by extension 'colcon_meta'
[1.161s] Level 1:colcon.colcon_core.package_identification:_identify(src/XRF2/XenoRosFramework/Common/xbuf_dev_rule) by extensions ['ros']
[1.161s] Level 1:colcon.colcon_core.package_identification:_identify(src/XRF2/XenoRosFramework/Common/xbuf_dev_rule) by extension 'ros'
[1.162s] Level 1:colcon.colcon_core.package_identification:_identify(src/XRF2/XenoRosFramework/Common/xbuf_dev_rule) by extensions ['cmake', 'python']
[1.162s] Level 1:colcon.colcon_core.package_identification:_identify(src/XRF2/XenoRosFramework/Common/xbuf_dev_rule) by extension 'cmake'
[1.163s] Level 1:colcon.colcon_core.package_identification:_identify(src/XRF2/XenoRosFramework/Common/xbuf_dev_rule) by extension 'python'
[1.163s] Level 1:colcon.colcon_core.package_identification:_identify(src/XRF2/XenoRosFramework/Common/xbuf_dev_rule) by extensions ['python_setup_py']
[1.163s] Level 1:colcon.colcon_core.package_identification:_identify(src/XRF2/XenoRosFramework/Common/xbuf_dev_rule) by extension 'python_setup_py'
[1.164s] Level 1:colcon.colcon_core.package_identification:_identify(src/XRF2/XenoRosFramework/Ros) by extensions ['ignore', 'ignore_ament_install']
[1.164s] Level 1:colcon.colcon_core.package_identification:_identify(src/XRF2/XenoRosFramework/Ros) by extension 'ignore'
[1.165s] Level 1:colcon.colcon_core.package_identification:_identify(src/XRF2/XenoRosFramework/Ros) by extension 'ignore_ament_install'
[1.165s] Level 1:colcon.colcon_core.package_identification:_identify(src/XRF2/XenoRosFramework/Ros) by extensions ['colcon_pkg']
[1.165s] Level 1:colcon.colcon_core.package_identification:_identify(src/XRF2/XenoRosFramework/Ros) by extension 'colcon_pkg'
[1.166s] Level 1:colcon.colcon_core.package_identification:_identify(src/XRF2/XenoRosFramework/Ros) by extensions ['colcon_meta']
[1.166s] Level 1:colcon.colcon_core.package_identification:_identify(src/XRF2/XenoRosFramework/Ros) by extension 'colcon_meta'
[1.166s] Level 1:colcon.colcon_core.package_identification:_identify(src/XRF2/XenoRosFramework/Ros) by extensions ['ros']
[1.167s] Level 1:colcon.colcon_core.package_identification:_identify(src/XRF2/XenoRosFramework/Ros) by extension 'ros'
[1.167s] Level 1:colcon.colcon_core.package_identification:_identify(src/XRF2/XenoRosFramework/Ros) by extensions ['cmake', 'python']
[1.167s] Level 1:colcon.colcon_core.package_identification:_identify(src/XRF2/XenoRosFramework/Ros) by extension 'cmake'
[1.168s] Level 1:colcon.colcon_core.package_identification:_identify(src/XRF2/XenoRosFramework/Ros) by extension 'python'
[1.168s] Level 1:colcon.colcon_core.package_identification:_identify(src/XRF2/XenoRosFramework/Ros) by extensions ['python_setup_py']
[1.168s] Level 1:colcon.colcon_core.package_identification:_identify(src/XRF2/XenoRosFramework/Ros) by extension 'python_setup_py'
[1.169s] Level 1:colcon.colcon_core.package_identification:_identify(src/XRF2/XenoRosFramework/Ros/ros_xeno_bridge) by extensions ['ignore', 'ignore_ament_install']
[1.169s] Level 1:colcon.colcon_core.package_identification:_identify(src/XRF2/XenoRosFramework/Ros/ros_xeno_bridge) by extension 'ignore'
[1.170s] Level 1:colcon.colcon_core.package_identification:_identify(src/XRF2/XenoRosFramework/Ros/ros_xeno_bridge) by extension 'ignore_ament_install'
[1.170s] Level 1:colcon.colcon_core.package_identification:_identify(src/XRF2/XenoRosFramework/Ros/ros_xeno_bridge) by extensions ['colcon_pkg']
[1.171s] Level 1:colcon.colcon_core.package_identification:_identify(src/XRF2/XenoRosFramework/Ros/ros_xeno_bridge) by extension 'colcon_pkg'
[1.171s] Level 1:colcon.colcon_core.package_identification:_identify(src/XRF2/XenoRosFramework/Ros/ros_xeno_bridge) by extensions ['colcon_meta']
[1.171s] Level 1:colcon.colcon_core.package_identification:_identify(src/XRF2/XenoRosFramework/Ros/ros_xeno_bridge) by extension 'colcon_meta'
[1.171s] Level 1:colcon.colcon_core.package_identification:_identify(src/XRF2/XenoRosFramework/Ros/ros_xeno_bridge) by extensions ['ros']
[1.172s] Level 1:colcon.colcon_core.package_identification:_identify(src/XRF2/XenoRosFramework/Ros/ros_xeno_bridge) by extension 'ros'
[1.175s] DEBUG:colcon.colcon_core.package_identification:Package 'src/XRF2/XenoRosFramework/Ros/ros_xeno_bridge' with type 'ros.ament_cmake' and name 'ros_xeno_bridge'
[1.176s] Level 1:colcon.colcon_core.package_identification:_identify(src/XRF2/XenoRosFramework/Unit-Tests) by extensions ['ignore', 'ignore_ament_install']
[1.177s] Level 1:colcon.colcon_core.package_identification:_identify(src/XRF2/XenoRosFramework/Unit-Tests) by extension 'ignore'
[1.178s] Level 1:colcon.colcon_core.package_identification:_identify(src/XRF2/XenoRosFramework/Unit-Tests) by extension 'ignore_ament_install'
[1.178s] Level 1:colcon.colcon_core.package_identification:_identify(src/XRF2/XenoRosFramework/Unit-Tests) by extensions ['colcon_pkg']
[1.179s] Level 1:colcon.colcon_core.package_identification:_identify(src/XRF2/XenoRosFramework/Unit-Tests) by extension 'colcon_pkg'
[1.179s] Level 1:colcon.colcon_core.package_identification:_identify(src/XRF2/XenoRosFramework/Unit-Tests) by extensions ['colcon_meta']
[1.179s] Level 1:colcon.colcon_core.package_identification:_identify(src/XRF2/XenoRosFramework/Unit-Tests) by extension 'colcon_meta'
[1.180s] Level 1:colcon.colcon_core.package_identification:_identify(src/XRF2/XenoRosFramework/Unit-Tests) by extensions ['ros']
[1.180s] Level 1:colcon.colcon_core.package_identification:_identify(src/XRF2/XenoRosFramework/Unit-Tests) by extension 'ros'
[1.180s] Level 1:colcon.colcon_core.package_identification:_identify(src/XRF2/XenoRosFramework/Unit-Tests) by extensions ['cmake', 'python']
[1.181s] Level 1:colcon.colcon_core.package_identification:_identify(src/XRF2/XenoRosFramework/Unit-Tests) by extension 'cmake'
[1.181s] Level 1:colcon.colcon_core.package_identification:_identify(src/XRF2/XenoRosFramework/Unit-Tests) by extension 'python'
[1.181s] Level 1:colcon.colcon_core.package_identification:_identify(src/XRF2/XenoRosFramework/Unit-Tests) by extensions ['python_setup_py']
[1.181s] Level 1:colcon.colcon_core.package_identification:_identify(src/XRF2/XenoRosFramework/Unit-Tests) by extension 'python_setup_py'
[1.182s] Level 1:colcon.colcon_core.package_identification:_identify(src/XRF2/XenoRosFramework/Unit-Tests/IcoIo) by extensions ['ignore', 'ignore_ament_install']
[1.183s] Level 1:colcon.colcon_core.package_identification:_identify(src/XRF2/XenoRosFramework/Unit-Tests/IcoIo) by extension 'ignore'
[1.183s] Level 1:colcon.colcon_core.package_identification:_identify(src/XRF2/XenoRosFramework/Unit-Tests/IcoIo) ignored
[1.184s] Level 1:colcon.colcon_core.package_identification:_identify(src/XRF2/XenoRosFramework/Unit-Tests/Logger) by extensions ['ignore', 'ignore_ament_install']
[1.184s] Level 1:colcon.colcon_core.package_identification:_identify(src/XRF2/XenoRosFramework/Unit-Tests/Logger) by extension 'ignore'
[1.184s] Level 1:colcon.colcon_core.package_identification:_identify(src/XRF2/XenoRosFramework/Unit-Tests/Logger) ignored
[1.185s] Level 1:colcon.colcon_core.package_identification:_identify(src/XRF2/XenoRosFramework/Unit-Tests/Monitor) by extensions ['ignore', 'ignore_ament_install']
[1.185s] Level 1:colcon.colcon_core.package_identification:_identify(src/XRF2/XenoRosFramework/Unit-Tests/Monitor) by extension 'ignore'
[1.186s] Level 1:colcon.colcon_core.package_identification:_identify(src/XRF2/XenoRosFramework/Unit-Tests/Monitor) ignored
[1.186s] Level 1:colcon.colcon_core.package_identification:_identify(src/XRF2/XenoRosFramework/Xenomai) by extensions ['ignore', 'ignore_ament_install']
[1.187s] Level 1:colcon.colcon_core.package_identification:_identify(src/XRF2/XenoRosFramework/Xenomai) by extension 'ignore'
[1.187s] Level 1:colcon.colcon_core.package_identification:_identify(src/XRF2/XenoRosFramework/Xenomai) by extension 'ignore_ament_install'
[1.188s] Level 1:colcon.colcon_core.package_identification:_identify(src/XRF2/XenoRosFramework/Xenomai) by extensions ['colcon_pkg']
[1.188s] Level 1:colcon.colcon_core.package_identification:_identify(src/XRF2/XenoRosFramework/Xenomai) by extension 'colcon_pkg'
[1.188s] Level 1:colcon.colcon_core.package_identification:_identify(src/XRF2/XenoRosFramework/Xenomai) by extensions ['colcon_meta']
[1.188s] Level 1:colcon.colcon_core.package_identification:_identify(src/XRF2/XenoRosFramework/Xenomai) by extension 'colcon_meta'
[1.189s] Level 1:colcon.colcon_core.package_identification:_identify(src/XRF2/XenoRosFramework/Xenomai) by extensions ['ros']
[1.189s] Level 1:colcon.colcon_core.package_identification:_identify(src/XRF2/XenoRosFramework/Xenomai) by extension 'ros'
[1.190s] Level 1:colcon.colcon_core.package_identification:_identify(src/XRF2/XenoRosFramework/Xenomai) by extensions ['cmake', 'python']
[1.190s] Level 1:colcon.colcon_core.package_identification:_identify(src/XRF2/XenoRosFramework/Xenomai) by extension 'cmake'
[1.190s] Level 1:colcon.colcon_core.package_identification:_identify(src/XRF2/XenoRosFramework/Xenomai) by extension 'python'
[1.191s] Level 1:colcon.colcon_core.package_identification:_identify(src/XRF2/XenoRosFramework/Xenomai) by extensions ['python_setup_py']
[1.191s] Level 1:colcon.colcon_core.package_identification:_identify(src/XRF2/XenoRosFramework/Xenomai) by extension 'python_setup_py'
[1.192s] Level 1:colcon.colcon_core.package_identification:_identify(src/XRF2/XenoRosFramework/Xenomai/include) by extensions ['ignore', 'ignore_ament_install']
[1.192s] Level 1:colcon.colcon_core.package_identification:_identify(src/XRF2/XenoRosFramework/Xenomai/include) by extension 'ignore'
[1.193s] Level 1:colcon.colcon_core.package_identification:_identify(src/XRF2/XenoRosFramework/Xenomai/include) by extension 'ignore_ament_install'
[1.193s] Level 1:colcon.colcon_core.package_identification:_identify(src/XRF2/XenoRosFramework/Xenomai/include) by extensions ['colcon_pkg']
[1.193s] Level 1:colcon.colcon_core.package_identification:_identify(src/XRF2/XenoRosFramework/Xenomai/include) by extension 'colcon_pkg'
[1.194s] Level 1:colcon.colcon_core.package_identification:_identify(src/XRF2/XenoRosFramework/Xenomai/include) by extensions ['colcon_meta']
[1.194s] Level 1:colcon.colcon_core.package_identification:_identify(src/XRF2/XenoRosFramework/Xenomai/include) by extension 'colcon_meta'
[1.194s] Level 1:colcon.colcon_core.package_identification:_identify(src/XRF2/XenoRosFramework/Xenomai/include) by extensions ['ros']
[1.195s] Level 1:colcon.colcon_core.package_identification:_identify(src/XRF2/XenoRosFramework/Xenomai/include) by extension 'ros'
[1.195s] Level 1:colcon.colcon_core.package_identification:_identify(src/XRF2/XenoRosFramework/Xenomai/include) by extensions ['cmake', 'python']
[1.195s] Level 1:colcon.colcon_core.package_identification:_identify(src/XRF2/XenoRosFramework/Xenomai/include) by extension 'cmake'
[1.196s] Level 1:colcon.colcon_core.package_identification:_identify(src/XRF2/XenoRosFramework/Xenomai/include) by extension 'python'
[1.196s] Level 1:colcon.colcon_core.package_identification:_identify(src/XRF2/XenoRosFramework/Xenomai/include) by extensions ['python_setup_py']
[1.196s] Level 1:colcon.colcon_core.package_identification:_identify(src/XRF2/XenoRosFramework/Xenomai/include) by extension 'python_setup_py'
[1.197s] Level 1:colcon.colcon_core.package_identification:_identify(src/XRF2/XenoRosFramework/Xenomai/src) by extensions ['ignore', 'ignore_ament_install']
[1.197s] Level 1:colcon.colcon_core.package_identification:_identify(src/XRF2/XenoRosFramework/Xenomai/src) by extension 'ignore'
[1.198s] Level 1:colcon.colcon_core.package_identification:_identify(src/XRF2/XenoRosFramework/Xenomai/src) by extension 'ignore_ament_install'
[1.198s] Level 1:colcon.colcon_core.package_identification:_identify(src/XRF2/XenoRosFramework/Xenomai/src) by extensions ['colcon_pkg']
[1.198s] Level 1:colcon.colcon_core.package_identification:_identify(src/XRF2/XenoRosFramework/Xenomai/src) by extension 'colcon_pkg'
[1.199s] Level 1:colcon.colcon_core.package_identification:_identify(src/XRF2/XenoRosFramework/Xenomai/src) by extensions ['colcon_meta']
[1.199s] Level 1:colcon.colcon_core.package_identification:_identify(src/XRF2/XenoRosFramework/Xenomai/src) by extension 'colcon_meta'
[1.199s] Level 1:colcon.colcon_core.package_identification:_identify(src/XRF2/XenoRosFramework/Xenomai/src) by extensions ['ros']
[1.200s] Level 1:colcon.colcon_core.package_identification:_identify(src/XRF2/XenoRosFramework/Xenomai/src) by extension 'ros'
[1.200s] Level 1:colcon.colcon_core.package_identification:_identify(src/XRF2/XenoRosFramework/Xenomai/src) by extensions ['cmake', 'python']
[1.200s] Level 1:colcon.colcon_core.package_identification:_identify(src/XRF2/XenoRosFramework/Xenomai/src) by extension 'cmake'
[1.201s] Level 1:colcon.colcon_core.package_identification:_identify(src/XRF2/XenoRosFramework/Xenomai/src) by extension 'python'
[1.201s] Level 1:colcon.colcon_core.package_identification:_identify(src/XRF2/XenoRosFramework/Xenomai/src) by extensions ['python_setup_py']
[1.202s] Level 1:colcon.colcon_core.package_identification:_identify(src/XRF2/XenoRosFramework/Xenomai/src) by extension 'python_setup_py'
[1.202s] Level 1:colcon.colcon_core.package_identification:_identify(src/brightness) by extensions ['ignore', 'ignore_ament_install']
[1.203s] Level 1:colcon.colcon_core.package_identification:_identify(src/brightness) by extension 'ignore'
[1.203s] Level 1:colcon.colcon_core.package_identification:_identify(src/brightness) by extension 'ignore_ament_install'
[1.203s] Level 1:colcon.colcon_core.package_identification:_identify(src/brightness) by extensions ['colcon_pkg']
[1.204s] Level 1:colcon.colcon_core.package_identification:_identify(src/brightness) by extension 'colcon_pkg'
[1.204s] Level 1:colcon.colcon_core.package_identification:_identify(src/brightness) by extensions ['colcon_meta']
[1.204s] Level 1:colcon.colcon_core.package_identification:_identify(src/brightness) by extension 'colcon_meta'
[1.205s] Level 1:colcon.colcon_core.package_identification:_identify(src/brightness) by extensions ['ros']
[1.205s] Level 1:colcon.colcon_core.package_identification:_identify(src/brightness) by extension 'ros'
[1.207s] DEBUG:colcon.colcon_core.package_identification:Package 'src/brightness' with type 'ros.ament_cmake' and name 'brightness'
[1.208s] Level 1:colcon.colcon_core.package_identification:_identify(src/cam2image_vm2ros) by extensions ['ignore', 'ignore_ament_install']
[1.208s] Level 1:colcon.colcon_core.package_identification:_identify(src/cam2image_vm2ros) by extension 'ignore'
[1.209s] Level 1:colcon.colcon_core.package_identification:_identify(src/cam2image_vm2ros) by extension 'ignore_ament_install'
[1.209s] Level 1:colcon.colcon_core.package_identification:_identify(src/cam2image_vm2ros) by extensions ['colcon_pkg']
[1.209s] Level 1:colcon.colcon_core.package_identification:_identify(src/cam2image_vm2ros) by extension 'colcon_pkg'
[1.210s] Level 1:colcon.colcon_core.package_identification:_identify(src/cam2image_vm2ros) by extensions ['colcon_meta']
[1.210s] Level 1:colcon.colcon_core.package_identification:_identify(src/cam2image_vm2ros) by extension 'colcon_meta'
[1.210s] Level 1:colcon.colcon_core.package_identification:_identify(src/cam2image_vm2ros) by extensions ['ros']
[1.211s] Level 1:colcon.colcon_core.package_identification:_identify(src/cam2image_vm2ros) by extension 'ros'
[1.213s] DEBUG:colcon.colcon_core.package_identification:Package 'src/cam2image_vm2ros' with type 'ros.ament_cmake' and name 'cam2image_vm2ros'
[1.214s] Level 1:colcon.colcon_core.package_identification:_identify(src/object_center) by extensions ['ignore', 'ignore_ament_install']
[1.215s] Level 1:colcon.colcon_core.package_identification:_identify(src/object_center) by extension 'ignore'
[1.215s] Level 1:colcon.colcon_core.package_identification:_identify(src/object_center) by extension 'ignore_ament_install'
[1.215s] Level 1:colcon.colcon_core.package_identification:_identify(src/object_center) by extensions ['colcon_pkg']
[1.216s] Level 1:colcon.colcon_core.package_identification:_identify(src/object_center) by extension 'colcon_pkg'
[1.216s] Level 1:colcon.colcon_core.package_identification:_identify(src/object_center) by extensions ['colcon_meta']
[1.216s] Level 1:colcon.colcon_core.package_identification:_identify(src/object_center) by extension 'colcon_meta'
[1.217s] Level 1:colcon.colcon_core.package_identification:_identify(src/object_center) by extensions ['ros']
[1.217s] Level 1:colcon.colcon_core.package_identification:_identify(src/object_center) by extension 'ros'
[1.219s] DEBUG:colcon.colcon_core.package_identification:Package 'src/object_center' with type 'ros.ament_cmake' and name 'object_center'
[1.220s] Level 1:colcon.colcon_core.package_identification:_identify(src/relbot_simulator) by extensions ['ignore', 'ignore_ament_install']
[1.221s] Level 1:colcon.colcon_core.package_identification:_identify(src/relbot_simulator) by extension 'ignore'
[1.221s] Level 1:colcon.colcon_core.package_identification:_identify(src/relbot_simulator) by extension 'ignore_ament_install'
[1.222s] Level 1:colcon.colcon_core.package_identification:_identify(src/relbot_simulator) by extensions ['colcon_pkg']
[1.222s] Level 1:colcon.colcon_core.package_identification:_identify(src/relbot_simulator) by extension 'colcon_pkg'
[1.222s] Level 1:colcon.colcon_core.package_identification:_identify(src/relbot_simulator) by extensions ['colcon_meta']
[1.223s] Level 1:colcon.colcon_core.package_identification:_identify(src/relbot_simulator) by extension 'colcon_meta'
[1.223s] Level 1:colcon.colcon_core.package_identification:_identify(src/relbot_simulator) by extensions ['ros']
[1.223s] Level 1:colcon.colcon_core.package_identification:_identify(src/relbot_simulator) by extension 'ros'
[1.227s] DEBUG:colcon.colcon_core.package_identification:Package 'src/relbot_simulator' with type 'ros.ament_cmake' and name 'relbot_simulator'
[1.228s] Level 1:colcon.colcon_core.package_identification:_identify(src/sequence_controller) by extensions ['ignore', 'ignore_ament_install']
[1.228s] Level 1:colcon.colcon_core.package_identification:_identify(src/sequence_controller) by extension 'ignore'
[1.228s] Level 1:colcon.colcon_core.package_identification:_identify(src/sequence_controller) by extension 'ignore_ament_install'
[1.229s] Level 1:colcon.colcon_core.package_identification:_identify(src/sequence_controller) by extensions ['colcon_pkg']
[1.229s] Level 1:colcon.colcon_core.package_identification:_identify(src/sequence_controller) by extension 'colcon_pkg'
[1.229s] Level 1:colcon.colcon_core.package_identification:_identify(src/sequence_controller) by extensions ['colcon_meta']
[1.230s] Level 1:colcon.colcon_core.package_identification:_identify(src/sequence_controller) by extension 'colcon_meta'
[1.230s] Level 1:colcon.colcon_core.package_identification:_identify(src/sequence_controller) by extensions ['ros']
[1.230s] Level 1:colcon.colcon_core.package_identification:_identify(src/sequence_controller) by extension 'ros'
[1.233s] DEBUG:colcon.colcon_core.package_identification:Package 'src/sequence_controller' with type 'ros.ament_cmake' and name 'sequence_controller'
[1.234s] Level 1:colcon.colcon_core.package_identification:_identify(src/xeno_loop) by extensions ['ignore', 'ignore_ament_install']
[1.235s] Level 1:colcon.colcon_core.package_identification:_identify(src/xeno_loop) by extension 'ignore'
[1.235s] Level 1:colcon.colcon_core.package_identification:_identify(src/xeno_loop) by extension 'ignore_ament_install'
[1.235s] Level 1:colcon.colcon_core.package_identification:_identify(src/xeno_loop) by extensions ['colcon_pkg']
[1.236s] Level 1:colcon.colcon_core.package_identification:_identify(src/xeno_loop) by extension 'colcon_pkg'
[1.236s] Level 1:colcon.colcon_core.package_identification:_identify(src/xeno_loop) by extensions ['colcon_meta']
[1.236s] Level 1:colcon.colcon_core.package_identification:_identify(src/xeno_loop) by extension 'colcon_meta'
[1.237s] Level 1:colcon.colcon_core.package_identification:_identify(src/xeno_loop) by extensions ['ros']
[1.237s] Level 1:colcon.colcon_core.package_identification:_identify(src/xeno_loop) by extension 'ros'
[1.237s] Level 1:colcon.colcon_core.package_identification:_identify(src/xeno_loop) by extensions ['cmake', 'python']
[1.238s] Level 1:colcon.colcon_core.package_identification:_identify(src/xeno_loop) by extension 'cmake'
[1.243s] Level 1:colcon.colcon_core.package_identification:_identify(src/xeno_loop) by extension 'python'
[1.243s] DEBUG:colcon.colcon_core.package_identification:Package 'src/xeno_loop' with type 'cmake' and name 'xeno_loop'
[1.244s] Level 1:colcon.colcon_core.package_identification:_identify(xrf2_logging) by extensions ['ignore', 'ignore_ament_install']
[1.244s] Level 1:colcon.colcon_core.package_identification:_identify(xrf2_logging) by extension 'ignore'
[1.245s] Level 1:colcon.colcon_core.package_identification:_identify(xrf2_logging) by extension 'ignore_ament_install'
[1.245s] Level 1:colcon.colcon_core.package_identification:_identify(xrf2_logging) by extensions ['colcon_pkg']
[1.246s] Level 1:colcon.colcon_core.package_identification:_identify(xrf2_logging) by extension 'colcon_pkg'
[1.246s] Level 1:colcon.colcon_core.package_identification:_identify(xrf2_logging) by extensions ['colcon_meta']
[1.246s] Level 1:colcon.colcon_core.package_identification:_identify(xrf2_logging) by extension 'colcon_meta'
[1.247s] Level 1:colcon.colcon_core.package_identification:_identify(xrf2_logging) by extensions ['ros']
[1.247s] Level 1:colcon.colcon_core.package_identification:_identify(xrf2_logging) by extension 'ros'
[1.248s] Level 1:colcon.colcon_core.package_identification:_identify(xrf2_logging) by extensions ['cmake', 'python']
[1.249s] Level 1:colcon.colcon_core.package_identification:_identify(xrf2_logging) by extension 'cmake'
[1.249s] Level 1:colcon.colcon_core.package_identification:_identify(xrf2_logging) by extension 'python'
[1.249s] Level 1:colcon.colcon_core.package_identification:_identify(xrf2_logging) by extensions ['python_setup_py']
[1.250s] Level 1:colcon.colcon_core.package_identification:_identify(xrf2_logging) by extension 'python_setup_py'
[1.250s] Level 1:colcon.colcon_core.package_discovery:discover_packages(recursive) using defaults
[1.251s] Level 1:colcon.colcon_core.package_discovery:discover_packages(ignore) discover
[1.251s] Level 1:colcon.colcon_core.package_discovery:discover_packages(ignore) using defaults
[1.251s] Level 1:colcon.colcon_core.package_discovery:discover_packages(path) discover
[1.251s] Level 1:colcon.colcon_core.package_discovery:discover_packages(path) using defaults
[1.363s] Level 1:colcon.colcon_core.package_discovery:discover_packages(prefix_path) check parameters
[1.363s] Level 1:colcon.colcon_core.package_discovery:discover_packages(prefix_path) discover
[1.372s] DEBUG:colcon.colcon_installed_package_information.package_discovery:Found 8 installed packages in /home/asdfr-30/ASDfR_3/install
[1.375s] DEBUG:colcon.colcon_installed_package_information.package_discovery:Found 5 installed packages in /home/asdfr-30/ASDF/30-ASDfR/ASDfR_3/install
[1.381s] DEBUG:colcon.colcon_installed_package_information.package_discovery:Found 271 installed packages in /opt/ros/humble
[1.387s] Level 1:colcon.colcon_core.package_discovery:discover_packages(prefix_path) using defaults
[1.533s] Level 5:colcon.colcon_core.verb:set package 'brightness' build argument 'cmake_args' from command line to 'None'
[1.533s] Level 5:colcon.colcon_core.verb:set package 'brightness' build argument 'cmake_target' from command line to 'None'
[1.534s] Level 5:colcon.colcon_core.verb:set package 'brightness' build argument 'cmake_target_skip_unavailable' from command line to 'False'
[1.534s] Level 5:colcon.colcon_core.verb:set package 'brightness' build argument 'cmake_clean_cache' from command line to 'False'
[1.534s] Level 5:colcon.colcon_core.verb:set package 'brightness' build argument 'cmake_clean_first' from command line to 'False'
[1.535s] Level 5:colcon.colcon_core.verb:set package 'brightness' build argument 'cmake_force_configure' from command line to 'False'
[1.535s] Level 5:colcon.colcon_core.verb:set package 'brightness' build argument 'ament_cmake_args' from command line to 'None'
[1.535s] Level 5:colcon.colcon_core.verb:set package 'brightness' build argument 'catkin_cmake_args' from command line to 'None'
[1.535s] Level 5:colcon.colcon_core.verb:set package 'brightness' build argument 'catkin_skip_building_tests' from command line to 'False'
[1.536s] DEBUG:colcon.colcon_core.verb:Building package 'brightness' with the following arguments: {'ament_cmake_args': None, 'build_base': '/home/asdfr-30/ASDfR_3/build/brightness', 'catkin_cmake_args': None, 'catkin_skip_building_tests': False, 'cmake_args': None, 'cmake_clean_cache': False, 'cmake_clean_first': False, 'cmake_force_configure': False, 'cmake_target': None, 'cmake_target_skip_unavailable': False, 'install_base': '/home/asdfr-30/ASDfR_3/install/brightness', 'merge_install': False, 'path': '/home/asdfr-30/ASDfR_3/src/brightness', 'symlink_install': False, 'test_result_base': None}
[1.537s] Level 5:colcon.colcon_core.verb:set package 'cam2image_vm2ros' build argument 'cmake_args' from command line to 'None'
[1.538s] Level 5:colcon.colcon_core.verb:set package 'cam2image_vm2ros' build argument 'cmake_target' from command line to 'None'
[1.538s] Level 5:colcon.colcon_core.verb:set package 'cam2image_vm2ros' build argument 'cmake_target_skip_unavailable' from command line to 'False'
[1.538s] Level 5:colcon.colcon_core.verb:set package 'cam2image_vm2ros' build argument 'cmake_clean_cache' from command line to 'False'
[1.539s] Level 5:colcon.colcon_core.verb:set package 'cam2image_vm2ros' build argument 'cmake_clean_first' from command line to 'False'
[1.539s] Level 5:colcon.colcon_core.verb:set package 'cam2image_vm2ros' build argument 'cmake_force_configure' from command line to 'False'
[1.539s] Level 5:colcon.colcon_core.verb:set package 'cam2image_vm2ros' build argument 'ament_cmake_args' from command line to 'None'
[1.539s] Level 5:colcon.colcon_core.verb:set package 'cam2image_vm2ros' build argument 'catkin_cmake_args' from command line to 'None'
[1.540s] Level 5:colcon.colcon_core.verb:set package 'cam2image_vm2ros' build argument 'catkin_skip_building_tests' from command line to 'False'
[1.540s] DEBUG:colcon.colcon_core.verb:Building package 'cam2image_vm2ros' with the following arguments: {'ament_cmake_args': None, 'build_base': '/home/asdfr-30/ASDfR_3/build/cam2image_vm2ros', 'catkin_cmake_args': None, 'catkin_skip_building_tests': False, 'cmake_args': None, 'cmake_clean_cache': False, 'cmake_clean_first': False, 'cmake_force_configure': False, 'cmake_target': None, 'cmake_target_skip_unavailable': False, 'install_base': '/home/asdfr-30/ASDfR_3/install/cam2image_vm2ros', 'merge_install': False, 'path': '/home/asdfr-30/ASDfR_3/src/cam2image_vm2ros', 'symlink_install': False, 'test_result_base': None}
[1.541s] Level 5:colcon.colcon_core.verb:set package 'object_center' build argument 'cmake_args' from command line to 'None'
[1.542s] Level 5:colcon.colcon_core.verb:set package 'object_center' build argument 'cmake_target' from command line to 'None'
[1.542s] Level 5:colcon.colcon_core.verb:set package 'object_center' build argument 'cmake_target_skip_unavailable' from command line to 'False'
[1.543s] Level 5:colcon.colcon_core.verb:set package 'object_center' build argument 'cmake_clean_cache' from command line to 'False'
[1.543s] Level 5:colcon.colcon_core.verb:set package 'object_center' build argument 'cmake_clean_first' from command line to 'False'
[1.543s] Level 5:colcon.colcon_core.verb:set package 'object_center' build argument 'cmake_force_configure' from command line to 'False'
[1.543s] Level 5:colcon.colcon_core.verb:set package 'object_center' build argument 'ament_cmake_args' from command line to 'None'
[1.544s] Level 5:colcon.colcon_core.verb:set package 'object_center' build argument 'catkin_cmake_args' from command line to 'None'
[1.544s] Level 5:colcon.colcon_core.verb:set package 'object_center' build argument 'catkin_skip_building_tests' from command line to 'False'
[1.544s] DEBUG:colcon.colcon_core.verb:Building package 'object_center' with the following arguments: {'ament_cmake_args': None, 'build_base': '/home/asdfr-30/ASDfR_3/build/object_center', 'catkin_cmake_args': None, 'catkin_skip_building_tests': False, 'cmake_args': None, 'cmake_clean_cache': False, 'cmake_clean_first': False, 'cmake_force_configure': False, 'cmake_target': None, 'cmake_target_skip_unavailable': False, 'install_base': '/home/asdfr-30/ASDfR_3/install/object_center', 'merge_install': False, 'path': '/home/asdfr-30/ASDfR_3/src/object_center', 'symlink_install': False, 'test_result_base': None}
[1.546s] Level 5:colcon.colcon_core.verb:set package 'relbot_simulator' build argument 'cmake_args' from command line to 'None'
[1.546s] Level 5:colcon.colcon_core.verb:set package 'relbot_simulator' build argument 'cmake_target' from command line to 'None'
[1.547s] Level 5:colcon.colcon_core.verb:set package 'relbot_simulator' build argument 'cmake_target_skip_unavailable' from command line to 'False'
[1.547s] Level 5:colcon.colcon_core.verb:set package 'relbot_simulator' build argument 'cmake_clean_cache' from command line to 'False'
[1.547s] Level 5:colcon.colcon_core.verb:set package 'relbot_simulator' build argument 'cmake_clean_first' from command line to 'False'
[1.547s] Level 5:colcon.colcon_core.verb:set package 'relbot_simulator' build argument 'cmake_force_configure' from command line to 'False'
[1.548s] Level 5:colcon.colcon_core.verb:set package 'relbot_simulator' build argument 'ament_cmake_args' from command line to 'None'
[1.548s] Level 5:colcon.colcon_core.verb:set package 'relbot_simulator' build argument 'catkin_cmake_args' from command line to 'None'
[1.548s] Level 5:colcon.colcon_core.verb:set package 'relbot_simulator' build argument 'catkin_skip_building_tests' from command line to 'False'
[1.548s] DEBUG:colcon.colcon_core.verb:Building package 'relbot_simulator' with the following arguments: {'ament_cmake_args': None, 'build_base': '/home/asdfr-30/ASDfR_3/build/relbot_simulator', 'catkin_cmake_args': None, 'catkin_skip_building_tests': False, 'cmake_args': None, 'cmake_clean_cache': False, 'cmake_clean_first': False, 'cmake_force_configure': False, 'cmake_target': None, 'cmake_target_skip_unavailable': False, 'install_base': '/home/asdfr-30/ASDfR_3/install/relbot_simulator', 'merge_install': False, 'path': '/home/asdfr-30/ASDfR_3/src/relbot_simulator', 'symlink_install': False, 'test_result_base': None}
[1.550s] Level 5:colcon.colcon_core.verb:set package 'xrf2_msgs' build argument 'cmake_args' from command line to 'None'
[1.550s] Level 5:colcon.colcon_core.verb:set package 'xrf2_msgs' build argument 'cmake_target' from command line to 'None'
[1.551s] Level 5:colcon.colcon_core.verb:set package 'xrf2_msgs' build argument 'cmake_target_skip_unavailable' from command line to 'False'
[1.551s] Level 5:colcon.colcon_core.verb:set package 'xrf2_msgs' build argument 'cmake_clean_cache' from command line to 'False'
[1.551s] Level 5:colcon.colcon_core.verb:set package 'xrf2_msgs' build argument 'cmake_clean_first' from command line to 'False'
[1.551s] Level 5:colcon.colcon_core.verb:set package 'xrf2_msgs' build argument 'cmake_force_configure' from command line to 'False'
[1.552s] Level 5:colcon.colcon_core.verb:set package 'xrf2_msgs' build argument 'ament_cmake_args' from command line to 'None'
[1.552s] Level 5:colcon.colcon_core.verb:set package 'xrf2_msgs' build argument 'catkin_cmake_args' from command line to 'None'
[1.552s] Level 5:colcon.colcon_core.verb:set package 'xrf2_msgs' build argument 'catkin_skip_building_tests' from command line to 'False'
[1.552s] DEBUG:colcon.colcon_core.verb:Building package 'xrf2_msgs' with the following arguments: {'ament_cmake_args': None, 'build_base': '/home/asdfr-30/ASDfR_3/build/xrf2_msgs', 'catkin_cmake_args': None, 'catkin_skip_building_tests': False, 'cmake_args': None, 'cmake_clean_cache': False, 'cmake_clean_first': False, 'cmake_force_configure': False, 'cmake_target': None, 'cmake_target_skip_unavailable': False, 'install_base': '/home/asdfr-30/ASDfR_3/install/xrf2_msgs', 'merge_install': False, 'path': '/home/asdfr-30/ASDfR_3/src/XRF2/XenoRosFramework/Common/XRF2_msgs', 'symlink_install': False, 'test_result_base': None}
[1.554s] Level 5:colcon.colcon_core.verb:set package 'ros_xeno_bridge' build argument 'cmake_args' from command line to 'None'
[1.554s] Level 5:colcon.colcon_core.verb:set package 'ros_xeno_bridge' build argument 'cmake_target' from command line to 'None'
[1.555s] Level 5:colcon.colcon_core.verb:set package 'ros_xeno_bridge' build argument 'cmake_target_skip_unavailable' from command line to 'False'
[1.555s] Level 5:colcon.colcon_core.verb:set package 'ros_xeno_bridge' build argument 'cmake_clean_cache' from command line to 'False'
[1.555s] Level 5:colcon.colcon_core.verb:set package 'ros_xeno_bridge' build argument 'cmake_clean_first' from command line to 'False'
[1.555s] Level 5:colcon.colcon_core.verb:set package 'ros_xeno_bridge' build argument 'cmake_force_configure' from command line to 'False'
[1.556s] Level 5:colcon.colcon_core.verb:set package 'ros_xeno_bridge' build argument 'ament_cmake_args' from command line to 'None'
[1.556s] Level 5:colcon.colcon_core.verb:set package 'ros_xeno_bridge' build argument 'catkin_cmake_args' from command line to 'None'
[1.556s] Level 5:colcon.colcon_core.verb:set package 'ros_xeno_bridge' build argument 'catkin_skip_building_tests' from command line to 'False'
[1.557s] DEBUG:colcon.colcon_core.verb:Building package 'ros_xeno_bridge' with the following arguments: {'ament_cmake_args': None, 'build_base': '/home/asdfr-30/ASDfR_3/build/ros_xeno_bridge', 'catkin_cmake_args': None, 'catkin_skip_building_tests': False, 'cmake_args': None, 'cmake_clean_cache': False, 'cmake_clean_first': False, 'cmake_force_configure': False, 'cmake_target': None, 'cmake_target_skip_unavailable': False, 'install_base': '/home/asdfr-30/ASDfR_3/install/ros_xeno_bridge', 'merge_install': False, 'path': '/home/asdfr-30/ASDfR_3/src/XRF2/XenoRosFramework/Ros/ros_xeno_bridge', 'symlink_install': False, 'test_result_base': None}
[1.558s] Level 5:colcon.colcon_core.verb:set package 'sequence_controller' build argument 'cmake_args' from command line to 'None'
[1.558s] Level 5:colcon.colcon_core.verb:set package 'sequence_controller' build argument 'cmake_target' from command line to 'None'
[1.559s] Level 5:colcon.colcon_core.verb:set package 'sequence_controller' build argument 'cmake_target_skip_unavailable' from command line to 'False'
[1.559s] Level 5:colcon.colcon_core.verb:set package 'sequence_controller' build argument 'cmake_clean_cache' from command line to 'False'
[1.559s] Level 5:colcon.colcon_core.verb:set package 'sequence_controller' build argument 'cmake_clean_first' from command line to 'False'
[1.559s] Level 5:colcon.colcon_core.verb:set package 'sequence_controller' build argument 'cmake_force_configure' from command line to 'False'
[1.560s] Level 5:colcon.colcon_core.verb:set package 'sequence_controller' build argument 'ament_cmake_args' from command line to 'None'
[1.560s] Level 5:colcon.colcon_core.verb:set package 'sequence_controller' build argument 'catkin_cmake_args' from command line to 'None'
[1.560s] Level 5:colcon.colcon_core.verb:set package 'sequence_controller' build argument 'catkin_skip_building_tests' from command line to 'False'
[1.560s] DEBUG:colcon.colcon_core.verb:Building package 'sequence_controller' with the following arguments: {'ament_cmake_args': None, 'build_base': '/home/asdfr-30/ASDfR_3/build/sequence_controller', 'catkin_cmake_args': None, 'catkin_skip_building_tests': False, 'cmake_args': None, 'cmake_clean_cache': False, 'cmake_clean_first': False, 'cmake_force_configure': False, 'cmake_target': None, 'cmake_target_skip_unavailable': False, 'install_base': '/home/asdfr-30/ASDfR_3/install/sequence_controller', 'merge_install': False, 'path': '/home/asdfr-30/ASDfR_3/src/sequence_controller', 'symlink_install': False, 'test_result_base': None}
[1.562s] Level 5:colcon.colcon_core.verb:set package 'xeno_loop' build argument 'cmake_args' from command line to 'None'
[1.562s] Level 5:colcon.colcon_core.verb:set package 'xeno_loop' build argument 'cmake_target' from command line to 'None'
[1.563s] Level 5:colcon.colcon_core.verb:set package 'xeno_loop' build argument 'cmake_target_skip_unavailable' from command line to 'False'
[1.563s] Level 5:colcon.colcon_core.verb:set package 'xeno_loop' build argument 'cmake_clean_cache' from command line to 'False'
[1.563s] Level 5:colcon.colcon_core.verb:set package 'xeno_loop' build argument 'cmake_clean_first' from command line to 'False'
[1.563s] Level 5:colcon.colcon_core.verb:set package 'xeno_loop' build argument 'cmake_force_configure' from command line to 'False'
[1.564s] Level 5:colcon.colcon_core.verb:set package 'xeno_loop' build argument 'ament_cmake_args' from command line to 'None'
[1.564s] Level 5:colcon.colcon_core.verb:set package 'xeno_loop' build argument 'catkin_cmake_args' from command line to 'None'
[1.564s] Level 5:colcon.colcon_core.verb:set package 'xeno_loop' build argument 'catkin_skip_building_tests' from command line to 'False'
[1.565s] DEBUG:colcon.colcon_core.verb:Building package 'xeno_loop' with the following arguments: {'ament_cmake_args': None, 'build_base': '/home/asdfr-30/ASDfR_3/build/xeno_loop', 'catkin_cmake_args': None, 'catkin_skip_building_tests': False, 'cmake_args': None, 'cmake_clean_cache': False, 'cmake_clean_first': False, 'cmake_force_configure': False, 'cmake_target': None, 'cmake_target_skip_unavailable': False, 'install_base': '/home/asdfr-30/ASDfR_3/install/xeno_loop', 'merge_install': False, 'path': '/home/asdfr-30/ASDfR_3/src/xeno_loop', 'symlink_install': False, 'test_result_base': None}
[1.565s] INFO:colcon.colcon_core.executor:Executing jobs using 'parallel' executor
[1.569s] DEBUG:colcon.colcon_parallel_executor.executor.parallel:run_until_complete
[1.570s] INFO:colcon.colcon_ros.task.ament_cmake.build:Building ROS package in '/home/asdfr-30/ASDfR_3/src/XRF2/XenoRosFramework/Common/XRF2_msgs' with build type 'ament_cmake'
[1.571s] INFO:colcon.colcon_cmake.task.cmake.build:Building CMake package in '/home/asdfr-30/ASDfR_3/src/XRF2/XenoRosFramework/Common/XRF2_msgs'
[1.580s] INFO:colcon.colcon_core.plugin_system:Skipping extension 'colcon_core.shell.bat': Not used on non-Windows systems
[1.581s] INFO:colcon.colcon_core.shell:Skip shell extension 'powershell' for command environment: Not usable outside of PowerShell
[1.581s] DEBUG:colcon.colcon_core.shell:Skip shell extension 'dsv' for command environment
[1.596s] INFO:colcon.colcon_ros.task.ament_cmake.build:Building ROS package in '/home/asdfr-30/ASDfR_3/src/brightness' with build type 'ament_cmake'
[1.597s] INFO:colcon.colcon_cmake.task.cmake.build:Building CMake package in '/home/asdfr-30/ASDfR_3/src/brightness'
[1.599s] INFO:colcon.colcon_core.shell:Skip shell extension 'powershell' for command environment: Not usable outside of PowerShell
[1.599s] DEBUG:colcon.colcon_core.shell:Skip shell extension 'dsv' for command environment
[1.614s] INFO:colcon.colcon_ros.task.ament_cmake.build:Building ROS package in '/home/asdfr-30/ASDfR_3/src/cam2image_vm2ros' with build type 'ament_cmake'
[1.615s] INFO:colcon.colcon_cmake.task.cmake.build:Building CMake package in '/home/asdfr-30/ASDfR_3/src/cam2image_vm2ros'
[1.616s] INFO:colcon.colcon_core.shell:Skip shell extension 'powershell' for command environment: Not usable outside of PowerShell
[1.617s] DEBUG:colcon.colcon_core.shell:Skip shell extension 'dsv' for command environment
[1.656s] DEBUG:colcon.colcon_core.event_handler.log_command:Invoking command in '/home/asdfr-30/ASDfR_3/build/xrf2_msgs': CMAKE_PREFIX_PATH=${CMAKE_PREFIX_PATH}:/opt/ros/humble /usr/bin/cmake --build /home/asdfr-30/ASDfR_3/build/xrf2_msgs -- -j3 -l3
[1.668s] DEBUG:colcon.colcon_core.event_handler.log_command:Invoking command in '/home/asdfr-30/ASDfR_3/build/brightness': CMAKE_PREFIX_PATH=${CMAKE_PREFIX_PATH}:/opt/ros/humble /usr/bin/cmake --build /home/asdfr-30/ASDfR_3/build/brightness -- -j3 -l3
[1.704s] DEBUG:colcon.colcon_core.event_handler.log_command:Invoking command in '/home/asdfr-30/ASDfR_3/build/cam2image_vm2ros': CMAKE_PREFIX_PATH=${CMAKE_PREFIX_PATH}:/opt/ros/humble /usr/bin/cmake --build /home/asdfr-30/ASDfR_3/build/cam2image_vm2ros -- -j3 -l3
[2.092s] DEBUG:colcon.colcon_core.event_handler.log_command:Invoked command in '/home/asdfr-30/ASDfR_3/build/brightness' returned '0': CMAKE_PREFIX_PATH=${CMAKE_PREFIX_PATH}:/opt/ros/humble /usr/bin/cmake --build /home/asdfr-30/ASDfR_3/build/brightness -- -j3 -l3
[2.163s] DEBUG:colcon.colcon_core.event_handler.log_command:Invoking command in '/home/asdfr-30/ASDfR_3/build/brightness': CMAKE_PREFIX_PATH=${CMAKE_PREFIX_PATH}:/opt/ros/humble /usr/bin/cmake --install /home/asdfr-30/ASDfR_3/build/brightness
[2.197s] DEBUG:colcon.colcon_core.event_handler.log_command:Invoked command in '/home/asdfr-30/ASDfR_3/build/cam2image_vm2ros' returned '0': CMAKE_PREFIX_PATH=${CMAKE_PREFIX_PATH}:/opt/ros/humble /usr/bin/cmake --build /home/asdfr-30/ASDfR_3/build/cam2image_vm2ros -- -j3 -l3
[2.201s] DEBUG:colcon.colcon_core.event_handler.log_command:Invoking command in '/home/asdfr-30/ASDfR_3/build/cam2image_vm2ros': CMAKE_PREFIX_PATH=${CMAKE_PREFIX_PATH}:/opt/ros/humble /usr/bin/cmake --install /home/asdfr-30/ASDfR_3/build/cam2image_vm2ros
[2.330s] Level 1:colcon.colcon_core.environment:create_environment_scripts_only(brightness)
[2.378s] Level 1:colcon.colcon_core.environment:checking '/home/asdfr-30/ASDfR_3/install/brightness' for CMake module files
[2.391s] Level 1:colcon.colcon_core.environment:checking '/home/asdfr-30/ASDfR_3/install/brightness' for CMake config files
[2.393s] Level 1:colcon.colcon_core.shell:create_environment_hook('brightness', 'cmake_prefix_path')
[2.395s] INFO:colcon.colcon_core.shell:Creating environment hook '/home/asdfr-30/ASDfR_3/install/brightness/share/brightness/hook/cmake_prefix_path.ps1'
[2.408s] INFO:colcon.colcon_core.shell:Creating environment descriptor '/home/asdfr-30/ASDfR_3/install/brightness/share/brightness/hook/cmake_prefix_path.dsv'
[2.412s] INFO:colcon.colcon_core.shell:Creating environment hook '/home/asdfr-30/ASDfR_3/install/brightness/share/brightness/hook/cmake_prefix_path.sh'
[2.418s] Level 1:colcon.colcon_core.environment:checking '/home/asdfr-30/ASDfR_3/install/brightness/lib'
[2.419s] Level 1:colcon.colcon_core.environment:checking '/home/asdfr-30/ASDfR_3/install/brightness/bin'
[2.420s] Level 1:colcon.colcon_core.environment:checking '/home/asdfr-30/ASDfR_3/install/brightness/lib/pkgconfig/brightness.pc'
[2.422s] Level 1:colcon.colcon_core.environment:checking '/home/asdfr-30/ASDfR_3/install/brightness/lib/python3.10/site-packages'
[2.423s] Level 1:colcon.colcon_core.environment:checking '/home/asdfr-30/ASDfR_3/install/brightness/bin'
[2.425s] INFO:colcon.colcon_core.shell:Creating package script '/home/asdfr-30/ASDfR_3/install/brightness/share/brightness/package.ps1'
[2.430s] INFO:colcon.colcon_core.shell:Creating package descriptor '/home/asdfr-30/ASDfR_3/install/brightness/share/brightness/package.dsv'
[2.434s] INFO:colcon.colcon_core.shell:Creating package script '/home/asdfr-30/ASDfR_3/install/brightness/share/brightness/package.sh'
[2.450s] DEBUG:colcon.colcon_core.event_handler.log_command:Invoked command in '/home/asdfr-30/ASDfR_3/build/brightness' returned '0': CMAKE_PREFIX_PATH=${CMAKE_PREFIX_PATH}:/opt/ros/humble /usr/bin/cmake --install /home/asdfr-30/ASDfR_3/build/brightness
[2.451s] INFO:colcon.colcon_core.shell:Creating package script '/home/asdfr-30/ASDfR_3/install/brightness/share/brightness/package.bash'
[2.466s] INFO:colcon.colcon_core.shell:Creating package script '/home/asdfr-30/ASDfR_3/install/brightness/share/brightness/package.zsh'
[2.471s] Level 1:colcon.colcon_core.environment:create_file_with_runtime_dependencies(/home/asdfr-30/ASDfR_3/install/brightness/share/colcon-core/packages/brightness)
[2.474s] Level 1:colcon.colcon_core.environment:create_environment_scripts_only(brightness)
[2.475s] Level 1:colcon.colcon_core.environment:checking '/home/asdfr-30/ASDfR_3/install/brightness' for CMake module files
[2.488s] Level 1:colcon.colcon_core.environment:checking '/home/asdfr-30/ASDfR_3/install/brightness' for CMake config files
[2.490s] Level 1:colcon.colcon_core.shell:create_environment_hook('brightness', 'cmake_prefix_path')
[2.492s] INFO:colcon.colcon_core.shell:Creating environment hook '/home/asdfr-30/ASDfR_3/install/brightness/share/brightness/hook/cmake_prefix_path.ps1'
[2.495s] INFO:colcon.colcon_core.shell:Creating environment descriptor '/home/asdfr-30/ASDfR_3/install/brightness/share/brightness/hook/cmake_prefix_path.dsv'
[2.499s] INFO:colcon.colcon_core.shell:Creating environment hook '/home/asdfr-30/ASDfR_3/install/brightness/share/brightness/hook/cmake_prefix_path.sh'
[2.504s] Level 1:colcon.colcon_core.environment:checking '/home/asdfr-30/ASDfR_3/install/brightness/lib'
[2.505s] Level 1:colcon.colcon_core.environment:checking '/home/asdfr-30/ASDfR_3/install/brightness/bin'
[2.507s] Level 1:colcon.colcon_core.environment:checking '/home/asdfr-30/ASDfR_3/install/brightness/lib/pkgconfig/brightness.pc'
[2.509s] Level 1:colcon.colcon_core.environment:checking '/home/asdfr-30/ASDfR_3/install/brightness/lib/python3.10/site-packages'
[2.511s] Level 1:colcon.colcon_core.environment:checking '/home/asdfr-30/ASDfR_3/install/brightness/bin'
[2.513s] INFO:colcon.colcon_core.shell:Creating package script '/home/asdfr-30/ASDfR_3/install/brightness/share/brightness/package.ps1'
[2.523s] INFO:colcon.colcon_core.shell:Creating package descriptor '/home/asdfr-30/ASDfR_3/install/brightness/share/brightness/package.dsv'
[2.528s] INFO:colcon.colcon_core.shell:Creating package script '/home/asdfr-30/ASDfR_3/install/brightness/share/brightness/package.sh'
[2.532s] INFO:colcon.colcon_core.shell:Creating package script '/home/asdfr-30/ASDfR_3/install/brightness/share/brightness/package.bash'
[2.537s] INFO:colcon.colcon_core.shell:Creating package script '/home/asdfr-30/ASDfR_3/install/brightness/share/brightness/package.zsh'
[2.541s] Level 1:colcon.colcon_core.environment:create_file_with_runtime_dependencies(/home/asdfr-30/ASDfR_3/install/brightness/share/colcon-core/packages/brightness)
[2.548s] INFO:colcon.colcon_ros.task.ament_cmake.build:Building ROS package in '/home/asdfr-30/ASDfR_3/src/object_center' with build type 'ament_cmake'
[2.551s] INFO:colcon.colcon_cmake.task.cmake.build:Building CMake package in '/home/asdfr-30/ASDfR_3/src/object_center'
[2.553s] INFO:colcon.colcon_core.shell:Skip shell extension 'powershell' for command environment: Not usable outside of PowerShell
[2.554s] DEBUG:colcon.colcon_core.shell:Skip shell extension 'dsv' for command environment
[2.582s] Level 1:colcon.colcon_core.environment:create_environment_scripts_only(cam2image_vm2ros)
[2.587s] Level 1:colcon.colcon_core.environment:checking '/home/asdfr-30/ASDfR_3/install/cam2image_vm2ros' for CMake module files
[2.585s] DEBUG:colcon.colcon_core.event_handler.log_command:Invoked command in '/home/asdfr-30/ASDfR_3/build/cam2image_vm2ros' returned '0': CMAKE_PREFIX_PATH=${CMAKE_PREFIX_PATH}:/opt/ros/humble /usr/bin/cmake --install /home/asdfr-30/ASDfR_3/build/cam2image_vm2ros
[2.593s] Level 1:colcon.colcon_core.environment:checking '/home/asdfr-30/ASDfR_3/install/cam2image_vm2ros' for CMake config files
[2.596s] Level 1:colcon.colcon_core.shell:create_environment_hook('cam2image_vm2ros', 'cmake_prefix_path')
[2.599s] INFO:colcon.colcon_core.shell:Creating environment hook '/home/asdfr-30/ASDfR_3/install/cam2image_vm2ros/share/cam2image_vm2ros/hook/cmake_prefix_path.ps1'
[2.602s] INFO:colcon.colcon_core.shell:Creating environment descriptor '/home/asdfr-30/ASDfR_3/install/cam2image_vm2ros/share/cam2image_vm2ros/hook/cmake_prefix_path.dsv'
[2.605s] INFO:colcon.colcon_core.shell:Creating environment hook '/home/asdfr-30/ASDfR_3/install/cam2image_vm2ros/share/cam2image_vm2ros/hook/cmake_prefix_path.sh'
[2.613s] Level 1:colcon.colcon_core.environment:checking '/home/asdfr-30/ASDfR_3/install/cam2image_vm2ros/lib'
[2.615s] Level 1:colcon.colcon_core.shell:create_environment_hook('cam2image_vm2ros', 'ld_library_path_lib')
[2.616s] INFO:colcon.colcon_core.shell:Creating environment hook '/home/asdfr-30/ASDfR_3/install/cam2image_vm2ros/share/cam2image_vm2ros/hook/ld_library_path_lib.ps1'
[2.619s] INFO:colcon.colcon_core.shell:Creating environment descriptor '/home/asdfr-30/ASDfR_3/install/cam2image_vm2ros/share/cam2image_vm2ros/hook/ld_library_path_lib.dsv'
[2.622s] INFO:colcon.colcon_core.shell:Creating environment hook '/home/asdfr-30/ASDfR_3/install/cam2image_vm2ros/share/cam2image_vm2ros/hook/ld_library_path_lib.sh'
[2.627s] Level 1:colcon.colcon_core.environment:checking '/home/asdfr-30/ASDfR_3/install/cam2image_vm2ros/bin'
[2.628s] Level 1:colcon.colcon_core.environment:checking '/home/asdfr-30/ASDfR_3/install/cam2image_vm2ros/lib/pkgconfig/cam2image_vm2ros.pc'
[2.630s] Level 1:colcon.colcon_core.environment:checking '/home/asdfr-30/ASDfR_3/install/cam2image_vm2ros/lib/python3.10/site-packages'
[2.632s] Level 1:colcon.colcon_core.environment:checking '/home/asdfr-30/ASDfR_3/install/cam2image_vm2ros/bin'
[2.634s] INFO:colcon.colcon_core.shell:Creating package script '/home/asdfr-30/ASDfR_3/install/cam2image_vm2ros/share/cam2image_vm2ros/package.ps1'
[2.638s] INFO:colcon.colcon_core.shell:Creating package descriptor '/home/asdfr-30/ASDfR_3/install/cam2image_vm2ros/share/cam2image_vm2ros/package.dsv'
[2.642s] INFO:colcon.colcon_core.shell:Creating package script '/home/asdfr-30/ASDfR_3/install/cam2image_vm2ros/share/cam2image_vm2ros/package.sh'
[2.648s] INFO:colcon.colcon_core.shell:Creating package script '/home/asdfr-30/ASDfR_3/install/cam2image_vm2ros/share/cam2image_vm2ros/package.bash'
[2.651s] INFO:colcon.colcon_core.shell:Creating package script '/home/asdfr-30/ASDfR_3/install/cam2image_vm2ros/share/cam2image_vm2ros/package.zsh'
[2.655s] Level 1:colcon.colcon_core.environment:create_file_with_runtime_dependencies(/home/asdfr-30/ASDfR_3/install/cam2image_vm2ros/share/colcon-core/packages/cam2image_vm2ros)
[2.660s] Level 1:colcon.colcon_core.environment:create_environment_scripts_only(cam2image_vm2ros)
[2.661s] Level 1:colcon.colcon_core.environment:checking '/home/asdfr-30/ASDfR_3/install/cam2image_vm2ros' for CMake module files
[2.665s] Level 1:colcon.colcon_core.environment:checking '/home/asdfr-30/ASDfR_3/install/cam2image_vm2ros' for CMake config files
[2.674s] Level 1:colcon.colcon_core.shell:create_environment_hook('cam2image_vm2ros', 'cmake_prefix_path')
[2.676s] INFO:colcon.colcon_core.shell:Creating environment hook '/home/asdfr-30/ASDfR_3/install/cam2image_vm2ros/share/cam2image_vm2ros/hook/cmake_prefix_path.ps1'
[2.679s] INFO:colcon.colcon_core.shell:Creating environment descriptor '/home/asdfr-30/ASDfR_3/install/cam2image_vm2ros/share/cam2image_vm2ros/hook/cmake_prefix_path.dsv'
[2.681s] INFO:colcon.colcon_core.shell:Creating environment hook '/home/asdfr-30/ASDfR_3/install/cam2image_vm2ros/share/cam2image_vm2ros/hook/cmake_prefix_path.sh'
[2.693s] Level 1:colcon.colcon_core.environment:checking '/home/asdfr-30/ASDfR_3/install/cam2image_vm2ros/lib'
[2.695s] Level 1:colcon.colcon_core.shell:create_environment_hook('cam2image_vm2ros', 'ld_library_path_lib')
[2.697s] INFO:colcon.colcon_core.shell:Creating environment hook '/home/asdfr-30/ASDfR_3/install/cam2image_vm2ros/share/cam2image_vm2ros/hook/ld_library_path_lib.ps1'
[2.708s] INFO:colcon.colcon_core.shell:Creating environment descriptor '/home/asdfr-30/ASDfR_3/install/cam2image_vm2ros/share/cam2image_vm2ros/hook/ld_library_path_lib.dsv'
[2.711s] INFO:colcon.colcon_core.shell:Creating environment hook '/home/asdfr-30/ASDfR_3/install/cam2image_vm2ros/share/cam2image_vm2ros/hook/ld_library_path_lib.sh'
[2.714s] Level 1:colcon.colcon_core.environment:checking '/home/asdfr-30/ASDfR_3/install/cam2image_vm2ros/bin'
[2.715s] Level 1:colcon.colcon_core.environment:checking '/home/asdfr-30/ASDfR_3/install/cam2image_vm2ros/lib/pkgconfig/cam2image_vm2ros.pc'
[2.716s] Level 1:colcon.colcon_core.environment:checking '/home/asdfr-30/ASDfR_3/install/cam2image_vm2ros/lib/python3.10/site-packages'
[2.718s] Level 1:colcon.colcon_core.environment:checking '/home/asdfr-30/ASDfR_3/install/cam2image_vm2ros/bin'
[2.720s] INFO:colcon.colcon_core.shell:Creating package script '/home/asdfr-30/ASDfR_3/install/cam2image_vm2ros/share/cam2image_vm2ros/package.ps1'
[2.723s] INFO:colcon.colcon_core.shell:Creating package descriptor '/home/asdfr-30/ASDfR_3/install/cam2image_vm2ros/share/cam2image_vm2ros/package.dsv'
[2.727s] INFO:colcon.colcon_core.shell:Creating package script '/home/asdfr-30/ASDfR_3/install/cam2image_vm2ros/share/cam2image_vm2ros/package.sh'
[2.730s] INFO:colcon.colcon_core.shell:Creating package script '/home/asdfr-30/ASDfR_3/install/cam2image_vm2ros/share/cam2image_vm2ros/package.bash'
[2.736s] INFO:colcon.colcon_core.shell:Creating package script '/home/asdfr-30/ASDfR_3/install/cam2image_vm2ros/share/cam2image_vm2ros/package.zsh'
[2.740s] Level 1:colcon.colcon_core.environment:create_file_with_runtime_dependencies(/home/asdfr-30/ASDfR_3/install/cam2image_vm2ros/share/colcon-core/packages/cam2image_vm2ros)
[2.757s] INFO:colcon.colcon_ros.task.ament_cmake.build:Building ROS package in '/home/asdfr-30/ASDfR_3/src/relbot_simulator' with build type 'ament_cmake'
[2.759s] INFO:colcon.colcon_cmake.task.cmake.build:Building CMake package in '/home/asdfr-30/ASDfR_3/src/relbot_simulator'
[2.760s] INFO:colcon.colcon_core.shell:Skip shell extension 'powershell' for command environment: Not usable outside of PowerShell
[2.761s] DEBUG:colcon.colcon_core.shell:Skip shell extension 'dsv' for command environment
[2.799s] DEBUG:colcon.colcon_core.event_handler.log_command:Invoking command in '/home/asdfr-30/ASDfR_3/build/object_center': CMAKE_PREFIX_PATH=${CMAKE_PREFIX_PATH}:/opt/ros/humble /usr/bin/cmake --build /home/asdfr-30/ASDfR_3/build/object_center -- -j3 -l3
[2.846s] DEBUG:colcon.colcon_core.event_handler.log_command:Invoking command in '/home/asdfr-30/ASDfR_3/build/relbot_simulator': CMAKE_PREFIX_PATH=${CMAKE_PREFIX_PATH}:/opt/ros/humble /usr/bin/cmake --build /home/asdfr-30/ASDfR_3/build/relbot_simulator -- -j3 -l3
[3.266s] DEBUG:colcon.colcon_core.event_handler.log_command:Invoked command in '/home/asdfr-30/ASDfR_3/build/object_center' returned '0': CMAKE_PREFIX_PATH=${CMAKE_PREFIX_PATH}:/opt/ros/humble /usr/bin/cmake --build /home/asdfr-30/ASDfR_3/build/object_center -- -j3 -l3
[3.269s] DEBUG:colcon.colcon_core.event_handler.log_command:Invoking command in '/home/asdfr-30/ASDfR_3/build/object_center': CMAKE_PREFIX_PATH=${CMAKE_PREFIX_PATH}:/opt/ros/humble /usr/bin/cmake --install /home/asdfr-30/ASDfR_3/build/object_center
[3.309s] DEBUG:colcon.colcon_core.event_handler.log_command:Invoked command in '/home/asdfr-30/ASDfR_3/build/relbot_simulator' returned '0': CMAKE_PREFIX_PATH=${CMAKE_PREFIX_PATH}:/opt/ros/humble /usr/bin/cmake --build /home/asdfr-30/ASDfR_3/build/relbot_simulator -- -j3 -l3
[3.321s] Level 1:colcon.colcon_core.environment:create_environment_scripts_only(object_center)
[3.325s] Level 1:colcon.colcon_core.environment:checking '/home/asdfr-30/ASDfR_3/install/object_center' for CMake module files
[3.328s] Level 1:colcon.colcon_core.environment:checking '/home/asdfr-30/ASDfR_3/install/object_center' for CMake config files
[3.323s] DEBUG:colcon.colcon_core.event_handler.log_command:Invoking command in '/home/asdfr-30/ASDfR_3/build/relbot_simulator': CMAKE_PREFIX_PATH=${CMAKE_PREFIX_PATH}:/opt/ros/humble /usr/bin/cmake --install /home/asdfr-30/ASDfR_3/build/relbot_simulator
[3.339s] Level 1:colcon.colcon_core.shell:create_environment_hook('object_center', 'cmake_prefix_path')
[3.344s] INFO:colcon.colcon_core.shell:Creating environment hook '/home/asdfr-30/ASDfR_3/install/object_center/share/object_center/hook/cmake_prefix_path.ps1'
[3.359s] INFO:colcon.colcon_core.shell:Creating environment descriptor '/home/asdfr-30/ASDfR_3/install/object_center/share/object_center/hook/cmake_prefix_path.dsv'
[3.375s] INFO:colcon.colcon_core.shell:Creating environment hook '/home/asdfr-30/ASDfR_3/install/object_center/share/object_center/hook/cmake_prefix_path.sh'
[3.379s] Level 1:colcon.colcon_core.environment:checking '/home/asdfr-30/ASDfR_3/install/object_center/lib'
[3.380s] Level 1:colcon.colcon_core.environment:checking '/home/asdfr-30/ASDfR_3/install/object_center/bin'
[3.380s] Level 1:colcon.colcon_core.environment:checking '/home/asdfr-30/ASDfR_3/install/object_center/lib/pkgconfig/object_center.pc'
[3.381s] Level 1:colcon.colcon_core.environment:checking '/home/asdfr-30/ASDfR_3/install/object_center/lib/python3.10/site-packages'
[3.383s] Level 1:colcon.colcon_core.environment:checking '/home/asdfr-30/ASDfR_3/install/object_center/bin'
[3.385s] INFO:colcon.colcon_core.shell:Creating package script '/home/asdfr-30/ASDfR_3/install/object_center/share/object_center/package.ps1'
[3.389s] DEBUG:colcon.colcon_core.event_handler.log_command:Invoked command in '/home/asdfr-30/ASDfR_3/build/object_center' returned '0': CMAKE_PREFIX_PATH=${CMAKE_PREFIX_PATH}:/opt/ros/humble /usr/bin/cmake --install /home/asdfr-30/ASDfR_3/build/object_center
[3.390s] INFO:colcon.colcon_core.shell:Creating package descriptor '/home/asdfr-30/ASDfR_3/install/object_center/share/object_center/package.dsv'
[3.394s] INFO:colcon.colcon_core.shell:Creating package script '/home/asdfr-30/ASDfR_3/install/object_center/share/object_center/package.sh'
[3.400s] INFO:colcon.colcon_core.shell:Creating package script '/home/asdfr-30/ASDfR_3/install/object_center/share/object_center/package.bash'
[3.410s] INFO:colcon.colcon_core.shell:Creating package script '/home/asdfr-30/ASDfR_3/install/object_center/share/object_center/package.zsh'
[3.413s] Level 1:colcon.colcon_core.environment:create_file_with_runtime_dependencies(/home/asdfr-30/ASDfR_3/install/object_center/share/colcon-core/packages/object_center)
[3.420s] Level 1:colcon.colcon_core.environment:create_environment_scripts_only(object_center)
[3.422s] Level 1:colcon.colcon_core.environment:checking '/home/asdfr-30/ASDfR_3/install/object_center' for CMake module files
[3.424s] Level 1:colcon.colcon_core.environment:checking '/home/asdfr-30/ASDfR_3/install/object_center' for CMake config files
[3.426s] Level 1:colcon.colcon_core.shell:create_environment_hook('object_center', 'cmake_prefix_path')
[3.427s] INFO:colcon.colcon_core.shell:Creating environment hook '/home/asdfr-30/ASDfR_3/install/object_center/share/object_center/hook/cmake_prefix_path.ps1'
[3.430s] INFO:colcon.colcon_core.shell:Creating environment descriptor '/home/asdfr-30/ASDfR_3/install/object_center/share/object_center/hook/cmake_prefix_path.dsv'
[3.439s] INFO:colcon.colcon_core.shell:Creating environment hook '/home/asdfr-30/ASDfR_3/install/object_center/share/object_center/hook/cmake_prefix_path.sh'
[3.442s] Level 1:colcon.colcon_core.environment:checking '/home/asdfr-30/ASDfR_3/install/object_center/lib'
[3.443s] Level 1:colcon.colcon_core.environment:checking '/home/asdfr-30/ASDfR_3/install/object_center/bin'
[3.444s] Level 1:colcon.colcon_core.environment:checking '/home/asdfr-30/ASDfR_3/install/object_center/lib/pkgconfig/object_center.pc'
[3.445s] Level 1:colcon.colcon_core.environment:checking '/home/asdfr-30/ASDfR_3/install/object_center/lib/python3.10/site-packages'
[3.446s] Level 1:colcon.colcon_core.environment:checking '/home/asdfr-30/ASDfR_3/install/object_center/bin'
[3.448s] INFO:colcon.colcon_core.shell:Creating package script '/home/asdfr-30/ASDfR_3/install/object_center/share/object_center/package.ps1'
[3.451s] INFO:colcon.colcon_core.shell:Creating package descriptor '/home/asdfr-30/ASDfR_3/install/object_center/share/object_center/package.dsv'
[3.453s] INFO:colcon.colcon_core.shell:Creating package script '/home/asdfr-30/ASDfR_3/install/object_center/share/object_center/package.sh'
[3.464s] INFO:colcon.colcon_core.shell:Creating package script '/home/asdfr-30/ASDfR_3/install/object_center/share/object_center/package.bash'
[3.466s] INFO:colcon.colcon_core.shell:Creating package script '/home/asdfr-30/ASDfR_3/install/object_center/share/object_center/package.zsh'
[3.469s] Level 1:colcon.colcon_core.environment:create_file_with_runtime_dependencies(/home/asdfr-30/ASDfR_3/install/object_center/share/colcon-core/packages/object_center)
[3.478s] Level 1:colcon.colcon_core.environment:create_environment_scripts_only(relbot_simulator)
[3.482s] Level 1:colcon.colcon_core.environment:checking '/home/asdfr-30/ASDfR_3/install/relbot_simulator' for CMake module files
[3.485s] Level 1:colcon.colcon_core.environment:checking '/home/asdfr-30/ASDfR_3/install/relbot_simulator' for CMake config files
[3.486s] Level 1:colcon.colcon_core.shell:create_environment_hook('relbot_simulator', 'cmake_prefix_path')
[3.481s] DEBUG:colcon.colcon_core.event_handler.log_command:Invoked command in '/home/asdfr-30/ASDfR_3/build/relbot_simulator' returned '0': CMAKE_PREFIX_PATH=${CMAKE_PREFIX_PATH}:/opt/ros/humble /usr/bin/cmake --install /home/asdfr-30/ASDfR_3/build/relbot_simulator
[3.488s] INFO:colcon.colcon_core.shell:Creating environment hook '/home/asdfr-30/ASDfR_3/install/relbot_simulator/share/relbot_simulator/hook/cmake_prefix_path.ps1'
[3.491s] INFO:colcon.colcon_core.shell:Creating environment descriptor '/home/asdfr-30/ASDfR_3/install/relbot_simulator/share/relbot_simulator/hook/cmake_prefix_path.dsv'
[3.494s] INFO:colcon.colcon_core.shell:Creating environment hook '/home/asdfr-30/ASDfR_3/install/relbot_simulator/share/relbot_simulator/hook/cmake_prefix_path.sh'
[3.498s] Level 1:colcon.colcon_core.environment:checking '/home/asdfr-30/ASDfR_3/install/relbot_simulator/lib'
[3.498s] Level 1:colcon.colcon_core.environment:checking '/home/asdfr-30/ASDfR_3/install/relbot_simulator/bin'
[3.499s] Level 1:colcon.colcon_core.environment:checking '/home/asdfr-30/ASDfR_3/install/relbot_simulator/lib/pkgconfig/relbot_simulator.pc'
[3.500s] Level 1:colcon.colcon_core.environment:checking '/home/asdfr-30/ASDfR_3/install/relbot_simulator/lib/python3.10/site-packages'
[3.501s] Level 1:colcon.colcon_core.environment:checking '/home/asdfr-30/ASDfR_3/install/relbot_simulator/bin'
[3.503s] INFO:colcon.colcon_core.shell:Creating package script '/home/asdfr-30/ASDfR_3/install/relbot_simulator/share/relbot_simulator/package.ps1'
[3.505s] INFO:colcon.colcon_core.shell:Creating package descriptor '/home/asdfr-30/ASDfR_3/install/relbot_simulator/share/relbot_simulator/package.dsv'
[3.508s] INFO:colcon.colcon_core.shell:Creating package script '/home/asdfr-30/ASDfR_3/install/relbot_simulator/share/relbot_simulator/package.sh'
[3.510s] INFO:colcon.colcon_core.shell:Creating package script '/home/asdfr-30/ASDfR_3/install/relbot_simulator/share/relbot_simulator/package.bash'
[3.513s] INFO:colcon.colcon_core.shell:Creating package script '/home/asdfr-30/ASDfR_3/install/relbot_simulator/share/relbot_simulator/package.zsh'
[3.515s] Level 1:colcon.colcon_core.environment:create_file_with_runtime_dependencies(/home/asdfr-30/ASDfR_3/install/relbot_simulator/share/colcon-core/packages/relbot_simulator)
[3.518s] Level 1:colcon.colcon_core.environment:create_environment_scripts_only(relbot_simulator)
[3.520s] Level 1:colcon.colcon_core.environment:checking '/home/asdfr-30/ASDfR_3/install/relbot_simulator' for CMake module files
[3.522s] Level 1:colcon.colcon_core.environment:checking '/home/asdfr-30/ASDfR_3/install/relbot_simulator' for CMake config files
[3.524s] Level 1:colcon.colcon_core.shell:create_environment_hook('relbot_simulator', 'cmake_prefix_path')
[3.527s] INFO:colcon.colcon_core.shell:Creating environment hook '/home/asdfr-30/ASDfR_3/install/relbot_simulator/share/relbot_simulator/hook/cmake_prefix_path.ps1'
[3.531s] INFO:colcon.colcon_core.shell:Creating environment descriptor '/home/asdfr-30/ASDfR_3/install/relbot_simulator/share/relbot_simulator/hook/cmake_prefix_path.dsv'
[3.536s] INFO:colcon.colcon_core.shell:Creating environment hook '/home/asdfr-30/ASDfR_3/install/relbot_simulator/share/relbot_simulator/hook/cmake_prefix_path.sh'
[3.543s] Level 1:colcon.colcon_core.environment:checking '/home/asdfr-30/ASDfR_3/install/relbot_simulator/lib'
[3.544s] Level 1:colcon.colcon_core.environment:checking '/home/asdfr-30/ASDfR_3/install/relbot_simulator/bin'
[3.545s] Level 1:colcon.colcon_core.environment:checking '/home/asdfr-30/ASDfR_3/install/relbot_simulator/lib/pkgconfig/relbot_simulator.pc'
[3.547s] Level 1:colcon.colcon_core.environment:checking '/home/asdfr-30/ASDfR_3/install/relbot_simulator/lib/python3.10/site-packages'
[3.549s] Level 1:colcon.colcon_core.environment:checking '/home/asdfr-30/ASDfR_3/install/relbot_simulator/bin'
[3.552s] INFO:colcon.colcon_core.shell:Creating package script '/home/asdfr-30/ASDfR_3/install/relbot_simulator/share/relbot_simulator/package.ps1'
[3.557s] INFO:colcon.colcon_core.shell:Creating package descriptor '/home/asdfr-30/ASDfR_3/install/relbot_simulator/share/relbot_simulator/package.dsv'
[3.561s] INFO:colcon.colcon_core.shell:Creating package script '/home/asdfr-30/ASDfR_3/install/relbot_simulator/share/relbot_simulator/package.sh'
[3.565s] INFO:colcon.colcon_core.shell:Creating package script '/home/asdfr-30/ASDfR_3/install/relbot_simulator/share/relbot_simulator/package.bash'
[3.569s] INFO:colcon.colcon_core.shell:Creating package script '/home/asdfr-30/ASDfR_3/install/relbot_simulator/share/relbot_simulator/package.zsh'
[3.578s] Level 1:colcon.colcon_core.environment:create_file_with_runtime_dependencies(/home/asdfr-30/ASDfR_3/install/relbot_simulator/share/colcon-core/packages/relbot_simulator)
[3.973s] DEBUG:colcon.colcon_core.event_handler.log_command:Invoked command in '/home/asdfr-30/ASDfR_3/build/xrf2_msgs' returned '0': CMAKE_PREFIX_PATH=${CMAKE_PREFIX_PATH}:/opt/ros/humble /usr/bin/cmake --build /home/asdfr-30/ASDfR_3/build/xrf2_msgs -- -j3 -l3
[3.977s] DEBUG:colcon.colcon_core.event_handler.log_command:Invoking command in '/home/asdfr-30/ASDfR_3/build/xrf2_msgs': CMAKE_PREFIX_PATH=${CMAKE_PREFIX_PATH}:/opt/ros/humble /usr/bin/cmake --install /home/asdfr-30/ASDfR_3/build/xrf2_msgs
[4.228s] Level 1:colcon.colcon_core.environment:create_environment_scripts_only(xrf2_msgs)
[4.230s] Level 1:colcon.colcon_core.environment:checking '/home/asdfr-30/ASDfR_3/install/xrf2_msgs' for CMake module files
[4.234s] Level 1:colcon.colcon_core.environment:checking '/home/asdfr-30/ASDfR_3/install/xrf2_msgs' for CMake config files
[4.237s] Level 1:colcon.colcon_core.shell:create_environment_hook('xrf2_msgs', 'cmake_prefix_path')
[4.239s] INFO:colcon.colcon_core.shell:Creating environment hook '/home/asdfr-30/ASDfR_3/install/xrf2_msgs/share/xrf2_msgs/hook/cmake_prefix_path.ps1'
[4.243s] INFO:colcon.colcon_core.shell:Creating environment descriptor '/home/asdfr-30/ASDfR_3/install/xrf2_msgs/share/xrf2_msgs/hook/cmake_prefix_path.dsv'
[4.245s] INFO:colcon.colcon_core.shell:Creating environment hook '/home/asdfr-30/ASDfR_3/install/xrf2_msgs/share/xrf2_msgs/hook/cmake_prefix_path.sh'
[4.249s] Level 1:colcon.colcon_core.environment:checking '/home/asdfr-30/ASDfR_3/install/xrf2_msgs/lib'
[4.249s] Level 1:colcon.colcon_core.shell:create_environment_hook('xrf2_msgs', 'ld_library_path_lib')
[4.251s] INFO:colcon.colcon_core.shell:Creating environment hook '/home/asdfr-30/ASDfR_3/install/xrf2_msgs/share/xrf2_msgs/hook/ld_library_path_lib.ps1'
[4.255s] INFO:colcon.colcon_core.shell:Creating environment descriptor '/home/asdfr-30/ASDfR_3/install/xrf2_msgs/share/xrf2_msgs/hook/ld_library_path_lib.dsv'
[4.258s] INFO:colcon.colcon_core.shell:Creating environment hook '/home/asdfr-30/ASDfR_3/install/xrf2_msgs/share/xrf2_msgs/hook/ld_library_path_lib.sh'
[4.261s] Level 1:colcon.colcon_core.environment:checking '/home/asdfr-30/ASDfR_3/install/xrf2_msgs/bin'
[4.262s] Level 1:colcon.colcon_core.environment:checking '/home/asdfr-30/ASDfR_3/install/xrf2_msgs/lib/pkgconfig/xrf2_msgs.pc'
[4.263s] Level 1:colcon.colcon_core.environment:checking '/home/asdfr-30/ASDfR_3/install/xrf2_msgs/lib/python3.10/site-packages'
[4.264s] Level 1:colcon.colcon_core.environment:checking '/home/asdfr-30/ASDfR_3/install/xrf2_msgs/bin'
[4.265s] INFO:colcon.colcon_core.shell:Creating package script '/home/asdfr-30/ASDfR_3/install/xrf2_msgs/share/xrf2_msgs/package.ps1'
[4.269s] INFO:colcon.colcon_core.shell:Creating package descriptor '/home/asdfr-30/ASDfR_3/install/xrf2_msgs/share/xrf2_msgs/package.dsv'
[4.271s] INFO:colcon.colcon_core.shell:Creating package script '/home/asdfr-30/ASDfR_3/install/xrf2_msgs/share/xrf2_msgs/package.sh'
[4.274s] INFO:colcon.colcon_core.shell:Creating package script '/home/asdfr-30/ASDfR_3/install/xrf2_msgs/share/xrf2_msgs/package.bash'
[4.277s] INFO:colcon.colcon_core.shell:Creating package script '/home/asdfr-30/ASDfR_3/install/xrf2_msgs/share/xrf2_msgs/package.zsh'
[4.279s] Level 1:colcon.colcon_core.environment:create_file_with_runtime_dependencies(/home/asdfr-30/ASDfR_3/install/xrf2_msgs/share/colcon-core/packages/xrf2_msgs)
[4.283s] Level 1:colcon.colcon_core.environment:create_environment_scripts_only(xrf2_msgs)
[4.284s] Level 1:colcon.colcon_core.environment:checking '/home/asdfr-30/ASDfR_3/install/xrf2_msgs' for CMake module files
[4.288s] Level 1:colcon.colcon_core.environment:checking '/home/asdfr-30/ASDfR_3/install/xrf2_msgs' for CMake config files
[4.291s] Level 1:colcon.colcon_core.shell:create_environment_hook('xrf2_msgs', 'cmake_prefix_path')
[4.292s] INFO:colcon.colcon_core.shell:Creating environment hook '/home/asdfr-30/ASDfR_3/install/xrf2_msgs/share/xrf2_msgs/hook/cmake_prefix_path.ps1'
[4.295s] INFO:colcon.colcon_core.shell:Creating environment descriptor '/home/asdfr-30/ASDfR_3/install/xrf2_msgs/share/xrf2_msgs/hook/cmake_prefix_path.dsv'
[4.298s] INFO:colcon.colcon_core.shell:Creating environment hook '/home/asdfr-30/ASDfR_3/install/xrf2_msgs/share/xrf2_msgs/hook/cmake_prefix_path.sh'
[4.301s] Level 1:colcon.colcon_core.environment:checking '/home/asdfr-30/ASDfR_3/install/xrf2_msgs/lib'
[4.303s] Level 1:colcon.colcon_core.shell:create_environment_hook('xrf2_msgs', 'ld_library_path_lib')
[4.304s] INFO:colcon.colcon_core.shell:Creating environment hook '/home/asdfr-30/ASDfR_3/install/xrf2_msgs/share/xrf2_msgs/hook/ld_library_path_lib.ps1'
[4.306s] INFO:colcon.colcon_core.shell:Creating environment descriptor '/home/asdfr-30/ASDfR_3/install/xrf2_msgs/share/xrf2_msgs/hook/ld_library_path_lib.dsv'
[4.309s] INFO:colcon.colcon_core.shell:Creating environment hook '/home/asdfr-30/ASDfR_3/install/xrf2_msgs/share/xrf2_msgs/hook/ld_library_path_lib.sh'
[4.311s] Level 1:colcon.colcon_core.environment:checking '/home/asdfr-30/ASDfR_3/install/xrf2_msgs/bin'
[4.312s] Level 1:colcon.colcon_core.environment:checking '/home/asdfr-30/ASDfR_3/install/xrf2_msgs/lib/pkgconfig/xrf2_msgs.pc'
[4.313s] Level 1:colcon.colcon_core.environment:checking '/home/asdfr-30/ASDfR_3/install/xrf2_msgs/lib/python3.10/site-packages'
[4.315s] Level 1:colcon.colcon_core.environment:checking '/home/asdfr-30/ASDfR_3/install/xrf2_msgs/bin'
[4.318s] INFO:colcon.colcon_core.shell:Creating package script '/home/asdfr-30/ASDfR_3/install/xrf2_msgs/share/xrf2_msgs/package.ps1'
[4.321s] INFO:colcon.colcon_core.shell:Creating package descriptor '/home/asdfr-30/ASDfR_3/install/xrf2_msgs/share/xrf2_msgs/package.dsv'
[4.325s] INFO:colcon.colcon_core.shell:Creating package script '/home/asdfr-30/ASDfR_3/install/xrf2_msgs/share/xrf2_msgs/package.sh'
[4.328s] INFO:colcon.colcon_core.shell:Creating package script '/home/asdfr-30/ASDfR_3/install/xrf2_msgs/share/xrf2_msgs/package.bash'
[4.331s] INFO:colcon.colcon_core.shell:Creating package script '/home/asdfr-30/ASDfR_3/install/xrf2_msgs/share/xrf2_msgs/package.zsh'
[4.333s] Level 1:colcon.colcon_core.environment:create_file_with_runtime_dependencies(/home/asdfr-30/ASDfR_3/install/xrf2_msgs/share/colcon-core/packages/xrf2_msgs)
[4.335s] INFO:colcon.colcon_ros.task.ament_cmake.build:Building ROS package in '/home/asdfr-30/ASDfR_3/src/XRF2/XenoRosFramework/Ros/ros_xeno_bridge' with build type 'ament_cmake'
[4.336s] INFO:colcon.colcon_cmake.task.cmake.build:Building CMake package in '/home/asdfr-30/ASDfR_3/src/XRF2/XenoRosFramework/Ros/ros_xeno_bridge'
[4.337s] INFO:colcon.colcon_core.shell:Skip shell extension 'powershell' for command environment: Not usable outside of PowerShell
[4.338s] DEBUG:colcon.colcon_core.shell:Skip shell extension 'dsv' for command environment
[4.358s] DEBUG:colcon.colcon_core.event_handler.log_command:Invoked command in '/home/asdfr-30/ASDfR_3/build/xrf2_msgs' returned '0': CMAKE_PREFIX_PATH=${CMAKE_PREFIX_PATH}:/opt/ros/humble /usr/bin/cmake --install /home/asdfr-30/ASDfR_3/build/xrf2_msgs
[4.364s] INFO:colcon.colcon_ros.task.ament_cmake.build:Building ROS package in '/home/asdfr-30/ASDfR_3/src/sequence_controller' with build type 'ament_cmake'
[4.364s] INFO:colcon.colcon_cmake.task.cmake.build:Building CMake package in '/home/asdfr-30/ASDfR_3/src/sequence_controller'
[4.367s] INFO:colcon.colcon_core.shell:Skip shell extension 'powershell' for command environment: Not usable outside of PowerShell
[4.368s] DEBUG:colcon.colcon_core.shell:Skip shell extension 'dsv' for command environment
[4.386s] INFO:colcon.colcon_cmake.task.cmake.build:Building CMake package in '/home/asdfr-30/ASDfR_3/src/xeno_loop'
[4.388s] INFO:colcon.colcon_core.shell:Skip shell extension 'powershell' for command environment: Not usable outside of PowerShell
[4.389s] DEBUG:colcon.colcon_core.shell:Skip shell extension 'dsv' for command environment
[4.424s] DEBUG:colcon.colcon_core.event_handler.log_command:Invoking command in '/home/asdfr-30/ASDfR_3/build/ros_xeno_bridge': CMAKE_PREFIX_PATH=/home/asdfr-30/ASDfR_3/install/xrf2_msgs:/home/asdfr-30/ASDfR_3/install/object_center:/home/asdfr-30/ASDfR_3/install/cam2image_vm2ros:/home/asdfr-30/ASDfR_3/install/brightness:/home/asdfr-30/ASDF/30-ASDfR/ASDfR_3/install/xrf2_msgs:/opt/ros/humble LD_LIBRARY_PATH=/home/asdfr-30/ASDfR_3/install/xrf2_msgs/lib:/home/asdfr-30/ASDfR_3/install/cam2image_vm2ros/lib:/home/asdfr-30/ASDF/30-ASDfR/ASDfR_3/install/xrf2_msgs/lib:/opt/ros/humble/opt/rviz_ogre_vendor/lib:/opt/ros/humble/lib/aarch64-linux-gnu:/opt/ros/humble/lib /usr/bin/cmake --build /home/asdfr-30/ASDfR_3/build/ros_xeno_bridge -- -j3 -l3
[4.438s] DEBUG:colcon.colcon_core.event_handler.log_command:Invoking command in '/home/asdfr-30/ASDfR_3/build/sequence_controller': CMAKE_PREFIX_PATH=/home/asdfr-30/ASDfR_3/install/xrf2_msgs:/home/asdfr-30/ASDfR_3/install/object_center:/home/asdfr-30/ASDfR_3/install/cam2image_vm2ros:/home/asdfr-30/ASDfR_3/install/brightness:/home/asdfr-30/ASDF/30-ASDfR/ASDfR_3/install/xrf2_msgs:/opt/ros/humble LD_LIBRARY_PATH=/home/asdfr-30/ASDfR_3/install/xrf2_msgs/lib:/home/asdfr-30/ASDfR_3/install/cam2image_vm2ros/lib:/home/asdfr-30/ASDF/30-ASDfR/ASDfR_3/install/xrf2_msgs/lib:/opt/ros/humble/opt/rviz_ogre_vendor/lib:/opt/ros/humble/lib/aarch64-linux-gnu:/opt/ros/humble/lib /usr/bin/cmake --build /home/asdfr-30/ASDfR_3/build/sequence_controller -- -j3 -l3
[4.463s] DEBUG:colcon.colcon_core.event_handler.log_command:Invoking command in '/home/asdfr-30/ASDfR_3/build/xeno_loop': CMAKE_PREFIX_PATH=/home/asdfr-30/ASDfR_3/install/xrf2_msgs:/home/asdfr-30/ASDfR_3/install/object_center:/home/asdfr-30/ASDfR_3/install/cam2image_vm2ros:/home/asdfr-30/ASDfR_3/install/brightness:/home/asdfr-30/ASDF/30-ASDfR/ASDfR_3/install/xrf2_msgs LD_LIBRARY_PATH=/home/asdfr-30/ASDfR_3/install/xrf2_msgs/lib:/home/asdfr-30/ASDfR_3/install/cam2image_vm2ros/lib:/home/asdfr-30/ASDF/30-ASDfR/ASDfR_3/install/xrf2_msgs/lib:/opt/ros/humble/opt/rviz_ogre_vendor/lib:/opt/ros/humble/lib/aarch64-linux-gnu:/opt/ros/humble/lib /usr/bin/cmake --build /home/asdfr-30/ASDfR_3/build/xeno_loop -- -j3 -l3
[4.779s] DEBUG:colcon.colcon_core.event_handler.log_command:Invoked command in '/home/asdfr-30/ASDfR_3/build/ros_xeno_bridge' returned '0': CMAKE_PREFIX_PATH=/home/asdfr-30/ASDfR_3/install/xrf2_msgs:/home/asdfr-30/ASDfR_3/install/object_center:/home/asdfr-30/ASDfR_3/install/cam2image_vm2ros:/home/asdfr-30/ASDfR_3/install/brightness:/home/asdfr-30/ASDF/30-ASDfR/ASDfR_3/install/xrf2_msgs:/opt/ros/humble LD_LIBRARY_PATH=/home/asdfr-30/ASDfR_3/install/xrf2_msgs/lib:/home/asdfr-30/ASDfR_3/install/cam2image_vm2ros/lib:/home/asdfr-30/ASDF/30-ASDfR/ASDfR_3/install/xrf2_msgs/lib:/opt/ros/humble/opt/rviz_ogre_vendor/lib:/opt/ros/humble/lib/aarch64-linux-gnu:/opt/ros/humble/lib /usr/bin/cmake --build /home/asdfr-30/ASDfR_3/build/ros_xeno_bridge -- -j3 -l3
[4.781s] DEBUG:colcon.colcon_core.event_handler.log_command:Invoking command in '/home/asdfr-30/ASDfR_3/build/ros_xeno_bridge': CMAKE_PREFIX_PATH=/home/asdfr-30/ASDfR_3/install/xrf2_msgs:/home/asdfr-30/ASDfR_3/install/object_center:/home/asdfr-30/ASDfR_3/install/cam2image_vm2ros:/home/asdfr-30/ASDfR_3/install/brightness:/home/asdfr-30/ASDF/30-ASDfR/ASDfR_3/install/xrf2_msgs:/opt/ros/humble LD_LIBRARY_PATH=/home/asdfr-30/ASDfR_3/install/xrf2_msgs/lib:/home/asdfr-30/ASDfR_3/install/cam2image_vm2ros/lib:/home/asdfr-30/ASDF/30-ASDfR/ASDfR_3/install/xrf2_msgs/lib:/opt/ros/humble/opt/rviz_ogre_vendor/lib:/opt/ros/humble/lib/aarch64-linux-gnu:/opt/ros/humble/lib /usr/bin/cmake --install /home/asdfr-30/ASDfR_3/build/ros_xeno_bridge
[4.802s] DEBUG:colcon.colcon_core.event_handler.log_command:Invoked command in '/home/asdfr-30/ASDfR_3/build/xeno_loop' returned '0': CMAKE_PREFIX_PATH=/home/asdfr-30/ASDfR_3/install/xrf2_msgs:/home/asdfr-30/ASDfR_3/install/object_center:/home/asdfr-30/ASDfR_3/install/cam2image_vm2ros:/home/asdfr-30/ASDfR_3/install/brightness:/home/asdfr-30/ASDF/30-ASDfR/ASDfR_3/install/xrf2_msgs LD_LIBRARY_PATH=/home/asdfr-30/ASDfR_3/install/xrf2_msgs/lib:/home/asdfr-30/ASDfR_3/install/cam2image_vm2ros/lib:/home/asdfr-30/ASDF/30-ASDfR/ASDfR_3/install/xrf2_msgs/lib:/opt/ros/humble/opt/rviz_ogre_vendor/lib:/opt/ros/humble/lib/aarch64-linux-gnu:/opt/ros/humble/lib /usr/bin/cmake --build /home/asdfr-30/ASDfR_3/build/xeno_loop -- -j3 -l3
[4.804s] WARNING:colcon.colcon_cmake.task.cmake.build:Could not run installation step for package 'xeno_loop' because it has no 'install' target
[4.804s] Level 1:colcon.colcon_core.environment:create_environment_scripts_only(xeno_loop)
[4.805s] Level 1:colcon.colcon_core.environment:checking '/home/asdfr-30/ASDfR_3/install/xeno_loop' for CMake module files
[4.807s] Level 1:colcon.colcon_core.environment:checking '/home/asdfr-30/ASDfR_3/install/xeno_loop' for CMake config files
[4.808s] Level 1:colcon.colcon_core.environment:checking '/home/asdfr-30/ASDfR_3/install/xeno_loop/bin'
[4.809s] Level 1:colcon.colcon_core.environment:checking '/home/asdfr-30/ASDfR_3/install/xeno_loop/lib/pkgconfig/xeno_loop.pc'
[4.810s] Level 1:colcon.colcon_core.environment:checking '/home/asdfr-30/ASDfR_3/install/xeno_loop/lib/python3.10/site-packages'
[4.812s] Level 1:colcon.colcon_core.environment:checking '/home/asdfr-30/ASDfR_3/install/xeno_loop/bin'
[4.813s] INFO:colcon.colcon_core.shell:Creating package script '/home/asdfr-30/ASDfR_3/install/xeno_loop/share/xeno_loop/package.ps1'
[4.815s] INFO:colcon.colcon_core.shell:Creating package descriptor '/home/asdfr-30/ASDfR_3/install/xeno_loop/share/xeno_loop/package.dsv'
[4.817s] INFO:colcon.colcon_core.shell:Creating package script '/home/asdfr-30/ASDfR_3/install/xeno_loop/share/xeno_loop/package.sh'
[4.819s] INFO:colcon.colcon_core.shell:Creating package script '/home/asdfr-30/ASDfR_3/install/xeno_loop/share/xeno_loop/package.bash'
[4.821s] INFO:colcon.colcon_core.shell:Creating package script '/home/asdfr-30/ASDfR_3/install/xeno_loop/share/xeno_loop/package.zsh'
[4.840s] Level 1:colcon.colcon_core.environment:create_file_with_runtime_dependencies(/home/asdfr-30/ASDfR_3/install/xeno_loop/share/colcon-core/packages/xeno_loop)
[4.862s] Level 1:colcon.colcon_core.environment:create_environment_scripts_only(ros_xeno_bridge)
[4.863s] Level 1:colcon.colcon_core.environment:checking '/home/asdfr-30/ASDfR_3/install/ros_xeno_bridge' for CMake module files
[4.871s] Level 1:colcon.colcon_core.environment:checking '/home/asdfr-30/ASDfR_3/install/ros_xeno_bridge' for CMake config files
[4.872s] Level 1:colcon.colcon_core.shell:create_environment_hook('ros_xeno_bridge', 'cmake_prefix_path')
[4.874s] INFO:colcon.colcon_core.shell:Creating environment hook '/home/asdfr-30/ASDfR_3/install/ros_xeno_bridge/share/ros_xeno_bridge/hook/cmake_prefix_path.ps1'
[4.876s] INFO:colcon.colcon_core.shell:Creating environment descriptor '/home/asdfr-30/ASDfR_3/install/ros_xeno_bridge/share/ros_xeno_bridge/hook/cmake_prefix_path.dsv'
[4.878s] INFO:colcon.colcon_core.shell:Creating environment hook '/home/asdfr-30/ASDfR_3/install/ros_xeno_bridge/share/ros_xeno_bridge/hook/cmake_prefix_path.sh'
[4.888s] Level 1:colcon.colcon_core.environment:checking '/home/asdfr-30/ASDfR_3/install/ros_xeno_bridge/lib'
[4.889s] Level 1:colcon.colcon_core.environment:checking '/home/asdfr-30/ASDfR_3/install/ros_xeno_bridge/bin'
[4.889s] Level 1:colcon.colcon_core.environment:checking '/home/asdfr-30/ASDfR_3/install/ros_xeno_bridge/lib/pkgconfig/ros_xeno_bridge.pc'
[4.893s] Level 1:colcon.colcon_core.environment:checking '/home/asdfr-30/ASDfR_3/install/ros_xeno_bridge/lib/python3.10/site-packages'
[4.894s] Level 1:colcon.colcon_core.environment:checking '/home/asdfr-30/ASDfR_3/install/ros_xeno_bridge/bin'
[4.895s] INFO:colcon.colcon_core.shell:Creating package script '/home/asdfr-30/ASDfR_3/install/ros_xeno_bridge/share/ros_xeno_bridge/package.ps1'
[4.892s] DEBUG:colcon.colcon_core.event_handler.log_command:Invoked command in '/home/asdfr-30/ASDfR_3/build/ros_xeno_bridge' returned '0': CMAKE_PREFIX_PATH=/home/asdfr-30/ASDfR_3/install/xrf2_msgs:/home/asdfr-30/ASDfR_3/install/object_center:/home/asdfr-30/ASDfR_3/install/cam2image_vm2ros:/home/asdfr-30/ASDfR_3/install/brightness:/home/asdfr-30/ASDF/30-ASDfR/ASDfR_3/install/xrf2_msgs:/opt/ros/humble LD_LIBRARY_PATH=/home/asdfr-30/ASDfR_3/install/xrf2_msgs/lib:/home/asdfr-30/ASDfR_3/install/cam2image_vm2ros/lib:/home/asdfr-30/ASDF/30-ASDfR/ASDfR_3/install/xrf2_msgs/lib:/opt/ros/humble/opt/rviz_ogre_vendor/lib:/opt/ros/humble/lib/aarch64-linux-gnu:/opt/ros/humble/lib /usr/bin/cmake --install /home/asdfr-30/ASDfR_3/build/ros_xeno_bridge
[4.903s] INFO:colcon.colcon_core.shell:Creating package descriptor '/home/asdfr-30/ASDfR_3/install/ros_xeno_bridge/share/ros_xeno_bridge/package.dsv'
[4.905s] INFO:colcon.colcon_core.shell:Creating package script '/home/asdfr-30/ASDfR_3/install/ros_xeno_bridge/share/ros_xeno_bridge/package.sh'
[4.907s] INFO:colcon.colcon_core.shell:Creating package script '/home/asdfr-30/ASDfR_3/install/ros_xeno_bridge/share/ros_xeno_bridge/package.bash'
[4.909s] INFO:colcon.colcon_core.shell:Creating package script '/home/asdfr-30/ASDfR_3/install/ros_xeno_bridge/share/ros_xeno_bridge/package.zsh'
[4.911s] Level 1:colcon.colcon_core.environment:create_file_with_runtime_dependencies(/home/asdfr-30/ASDfR_3/install/ros_xeno_bridge/share/colcon-core/packages/ros_xeno_bridge)
[4.914s] Level 1:colcon.colcon_core.environment:create_environment_scripts_only(ros_xeno_bridge)
[4.917s] Level 1:colcon.colcon_core.environment:checking '/home/asdfr-30/ASDfR_3/install/ros_xeno_bridge' for CMake module files
[4.919s] Level 1:colcon.colcon_core.environment:checking '/home/asdfr-30/ASDfR_3/install/ros_xeno_bridge' for CMake config files
[4.921s] Level 1:colcon.colcon_core.shell:create_environment_hook('ros_xeno_bridge', 'cmake_prefix_path')
[4.923s] INFO:colcon.colcon_core.shell:Creating environment hook '/home/asdfr-30/ASDfR_3/install/ros_xeno_bridge/share/ros_xeno_bridge/hook/cmake_prefix_path.ps1'
[4.925s] INFO:colcon.colcon_core.shell:Creating environment descriptor '/home/asdfr-30/ASDfR_3/install/ros_xeno_bridge/share/ros_xeno_bridge/hook/cmake_prefix_path.dsv'
[4.927s] INFO:colcon.colcon_core.shell:Creating environment hook '/home/asdfr-30/ASDfR_3/install/ros_xeno_bridge/share/ros_xeno_bridge/hook/cmake_prefix_path.sh'
[4.930s] Level 1:colcon.colcon_core.environment:checking '/home/asdfr-30/ASDfR_3/install/ros_xeno_bridge/lib'
[4.931s] Level 1:colcon.colcon_core.environment:checking '/home/asdfr-30/ASDfR_3/install/ros_xeno_bridge/bin'
[4.931s] Level 1:colcon.colcon_core.environment:checking '/home/asdfr-30/ASDfR_3/install/ros_xeno_bridge/lib/pkgconfig/ros_xeno_bridge.pc'
[4.932s] Level 1:colcon.colcon_core.environment:checking '/home/asdfr-30/ASDfR_3/install/ros_xeno_bridge/lib/python3.10/site-packages'
[4.933s] Level 1:colcon.colcon_core.environment:checking '/home/asdfr-30/ASDfR_3/install/ros_xeno_bridge/bin'
[4.934s] INFO:colcon.colcon_core.shell:Creating package script '/home/asdfr-30/ASDfR_3/install/ros_xeno_bridge/share/ros_xeno_bridge/package.ps1'
[4.939s] INFO:colcon.colcon_core.shell:Creating package descriptor '/home/asdfr-30/ASDfR_3/install/ros_xeno_bridge/share/ros_xeno_bridge/package.dsv'
[4.943s] INFO:colcon.colcon_core.shell:Creating package script '/home/asdfr-30/ASDfR_3/install/ros_xeno_bridge/share/ros_xeno_bridge/package.sh'
[4.946s] INFO:colcon.colcon_core.shell:Creating package script '/home/asdfr-30/ASDfR_3/install/ros_xeno_bridge/share/ros_xeno_bridge/package.bash'
[4.948s] INFO:colcon.colcon_core.shell:Creating package script '/home/asdfr-30/ASDfR_3/install/ros_xeno_bridge/share/ros_xeno_bridge/package.zsh'
[4.950s] Level 1:colcon.colcon_core.environment:create_file_with_runtime_dependencies(/home/asdfr-30/ASDfR_3/install/ros_xeno_bridge/share/colcon-core/packages/ros_xeno_bridge)
[52.963s] DEBUG:colcon.colcon_core.event_handler.log_command:Invoked command in '/home/asdfr-30/ASDfR_3/build/sequence_controller' returned '0': CMAKE_PREFIX_PATH=/home/asdfr-30/ASDfR_3/install/xrf2_msgs:/home/asdfr-30/ASDfR_3/install/object_center:/home/asdfr-30/ASDfR_3/install/cam2image_vm2ros:/home/asdfr-30/ASDfR_3/install/brightness:/home/asdfr-30/ASDF/30-ASDfR/ASDfR_3/install/xrf2_msgs:/opt/ros/humble LD_LIBRARY_PATH=/home/asdfr-30/ASDfR_3/install/xrf2_msgs/lib:/home/asdfr-30/ASDfR_3/install/cam2image_vm2ros/lib:/home/asdfr-30/ASDF/30-ASDfR/ASDfR_3/install/xrf2_msgs/lib:/opt/ros/humble/opt/rviz_ogre_vendor/lib:/opt/ros/humble/lib/aarch64-linux-gnu:/opt/ros/humble/lib /usr/bin/cmake --build /home/asdfr-30/ASDfR_3/build/sequence_controller -- -j3 -l3
[52.969s] DEBUG:colcon.colcon_core.event_handler.log_command:Invoking command in '/home/asdfr-30/ASDfR_3/build/sequence_controller': CMAKE_PREFIX_PATH=/home/asdfr-30/ASDfR_3/install/xrf2_msgs:/home/asdfr-30/ASDfR_3/install/object_center:/home/asdfr-30/ASDfR_3/install/cam2image_vm2ros:/home/asdfr-30/ASDfR_3/install/brightness:/home/asdfr-30/ASDF/30-ASDfR/ASDfR_3/install/xrf2_msgs:/opt/ros/humble LD_LIBRARY_PATH=/home/asdfr-30/ASDfR_3/install/xrf2_msgs/lib:/home/asdfr-30/ASDfR_3/install/cam2image_vm2ros/lib:/home/asdfr-30/ASDF/30-ASDfR/ASDfR_3/install/xrf2_msgs/lib:/opt/ros/humble/opt/rviz_ogre_vendor/lib:/opt/ros/humble/lib/aarch64-linux-gnu:/opt/ros/humble/lib /usr/bin/cmake --install /home/asdfr-30/ASDfR_3/build/sequence_controller
[53.227s] Level 1:colcon.colcon_core.environment:create_environment_scripts_only(sequence_controller)
[53.229s] Level 1:colcon.colcon_core.environment:checking '/home/asdfr-30/ASDfR_3/install/sequence_controller' for CMake module files
[53.232s] Level 1:colcon.colcon_core.environment:checking '/home/asdfr-30/ASDfR_3/install/sequence_controller' for CMake config files
[53.235s] Level 1:colcon.colcon_core.shell:create_environment_hook('sequence_controller', 'cmake_prefix_path')
[53.236s] INFO:colcon.colcon_core.shell:Creating environment hook '/home/asdfr-30/ASDfR_3/install/sequence_controller/share/sequence_controller/hook/cmake_prefix_path.ps1'
[53.239s] INFO:colcon.colcon_core.shell:Creating environment descriptor '/home/asdfr-30/ASDfR_3/install/sequence_controller/share/sequence_controller/hook/cmake_prefix_path.dsv'
[53.242s] INFO:colcon.colcon_core.shell:Creating environment hook '/home/asdfr-30/ASDfR_3/install/sequence_controller/share/sequence_controller/hook/cmake_prefix_path.sh'
[53.245s] Level 1:colcon.colcon_core.environment:checking '/home/asdfr-30/ASDfR_3/install/sequence_controller/lib'
[53.245s] Level 1:colcon.colcon_core.environment:checking '/home/asdfr-30/ASDfR_3/install/sequence_controller/bin'
[53.246s] Level 1:colcon.colcon_core.environment:checking '/home/asdfr-30/ASDfR_3/install/sequence_controller/lib/pkgconfig/sequence_controller.pc'
[53.247s] Level 1:colcon.colcon_core.environment:checking '/home/asdfr-30/ASDfR_3/install/sequence_controller/lib/python3.10/site-packages'
[53.248s] Level 1:colcon.colcon_core.environment:checking '/home/asdfr-30/ASDfR_3/install/sequence_controller/bin'
[53.250s] INFO:colcon.colcon_core.shell:Creating package script '/home/asdfr-30/ASDfR_3/install/sequence_controller/share/sequence_controller/package.ps1'
[53.253s] INFO:colcon.colcon_core.shell:Creating package descriptor '/home/asdfr-30/ASDfR_3/install/sequence_controller/share/sequence_controller/package.dsv'
[53.255s] INFO:colcon.colcon_core.shell:Creating package script '/home/asdfr-30/ASDfR_3/install/sequence_controller/share/sequence_controller/package.sh'
[53.258s] INFO:colcon.colcon_core.shell:Creating package script '/home/asdfr-30/ASDfR_3/install/sequence_controller/share/sequence_controller/package.bash'
[53.261s] INFO:colcon.colcon_core.shell:Creating package script '/home/asdfr-30/ASDfR_3/install/sequence_controller/share/sequence_controller/package.zsh'
[53.261s] DEBUG:colcon.colcon_core.event_handler.log_command:Invoked command in '/home/asdfr-30/ASDfR_3/build/sequence_controller' returned '0': CMAKE_PREFIX_PATH=/home/asdfr-30/ASDfR_3/install/xrf2_msgs:/home/asdfr-30/ASDfR_3/install/object_center:/home/asdfr-30/ASDfR_3/install/cam2image_vm2ros:/home/asdfr-30/ASDfR_3/install/brightness:/home/asdfr-30/ASDF/30-ASDfR/ASDfR_3/install/xrf2_msgs:/opt/ros/humble LD_LIBRARY_PATH=/home/asdfr-30/ASDfR_3/install/xrf2_msgs/lib:/home/asdfr-30/ASDfR_3/install/cam2image_vm2ros/lib:/home/asdfr-30/ASDF/30-ASDfR/ASDfR_3/install/xrf2_msgs/lib:/opt/ros/humble/opt/rviz_ogre_vendor/lib:/opt/ros/humble/lib/aarch64-linux-gnu:/opt/ros/humble/lib /usr/bin/cmake --install /home/asdfr-30/ASDfR_3/build/sequence_controller
[53.263s] Level 1:colcon.colcon_core.environment:create_file_with_runtime_dependencies(/home/asdfr-30/ASDfR_3/install/sequence_controller/share/colcon-core/packages/sequence_controller)
[53.266s] Level 1:colcon.colcon_core.environment:create_environment_scripts_only(sequence_controller)
[53.267s] Level 1:colcon.colcon_core.environment:checking '/home/asdfr-30/ASDfR_3/install/sequence_controller' for CMake module files
[53.269s] Level 1:colcon.colcon_core.environment:checking '/home/asdfr-30/ASDfR_3/install/sequence_controller' for CMake config files
[53.271s] Level 1:colcon.colcon_core.shell:create_environment_hook('sequence_controller', 'cmake_prefix_path')
[53.272s] INFO:colcon.colcon_core.shell:Creating environment hook '/home/asdfr-30/ASDfR_3/install/sequence_controller/share/sequence_controller/hook/cmake_prefix_path.ps1'
[53.275s] INFO:colcon.colcon_core.shell:Creating environment descriptor '/home/asdfr-30/ASDfR_3/install/sequence_controller/share/sequence_controller/hook/cmake_prefix_path.dsv'
[53.277s] INFO:colcon.colcon_core.shell:Creating environment hook '/home/asdfr-30/ASDfR_3/install/sequence_controller/share/sequence_controller/hook/cmake_prefix_path.sh'
[53.280s] Level 1:colcon.colcon_core.environment:checking '/home/asdfr-30/ASDfR_3/install/sequence_controller/lib'
[53.280s] Level 1:colcon.colcon_core.environment:checking '/home/asdfr-30/ASDfR_3/install/sequence_controller/bin'
[53.281s] Level 1:colcon.colcon_core.environment:checking '/home/asdfr-30/ASDfR_3/install/sequence_controller/lib/pkgconfig/sequence_controller.pc'
[53.282s] Level 1:colcon.colcon_core.environment:checking '/home/asdfr-30/ASDfR_3/install/sequence_controller/lib/python3.10/site-packages'
[53.283s] Level 1:colcon.colcon_core.environment:checking '/home/asdfr-30/ASDfR_3/install/sequence_controller/bin'
[53.284s] INFO:colcon.colcon_core.shell:Creating package script '/home/asdfr-30/ASDfR_3/install/sequence_controller/share/sequence_controller/package.ps1'
[53.286s] INFO:colcon.colcon_core.shell:Creating package descriptor '/home/asdfr-30/ASDfR_3/install/sequence_controller/share/sequence_controller/package.dsv'
[53.289s] INFO:colcon.colcon_core.shell:Creating package script '/home/asdfr-30/ASDfR_3/install/sequence_controller/share/sequence_controller/package.sh'
[53.292s] INFO:colcon.colcon_core.shell:Creating package script '/home/asdfr-30/ASDfR_3/install/sequence_controller/share/sequence_controller/package.bash'
[53.295s] INFO:colcon.colcon_core.shell:Creating package script '/home/asdfr-30/ASDfR_3/install/sequence_controller/share/sequence_controller/package.zsh'
[53.297s] Level 1:colcon.colcon_core.environment:create_file_with_runtime_dependencies(/home/asdfr-30/ASDfR_3/install/sequence_controller/share/colcon-core/packages/sequence_controller)
[53.299s] DEBUG:colcon.colcon_parallel_executor.executor.parallel:closing loop
[53.300s] DEBUG:colcon.colcon_parallel_executor.executor.parallel:loop closed
[53.301s] DEBUG:colcon.colcon_parallel_executor.executor.parallel:run_until_complete finished with '0'
[53.301s] DEBUG:colcon.colcon_core.event_reactor:joining thread
[53.320s] INFO:colcon.colcon_core.plugin_system:Skipping extension 'colcon_notification.desktop_notification.notify_send': Could not find 'notify-send'
[53.321s] INFO:colcon.colcon_core.plugin_system:Skipping extension 'colcon_notification.desktop_notification.terminal_notifier': Not used on non-Darwin systems
[53.321s] INFO:colcon.colcon_core.plugin_system:Skipping extension 'colcon_notification.desktop_notification.win32': Not used on non-Windows systems
[53.321s] INFO:colcon.colcon_notification.desktop_notification:Sending desktop notification using 'notify2'
[53.323s] DEBUG:colcon.colcon_notification.desktop_notification.notify2:Failed to initialize notify2: org.freedesktop.DBus.Error.ServiceUnknown: The name org.freedesktop.Notifications was not provided by any .service files
[53.324s] DEBUG:colcon.colcon_core.event_reactor:joined thread
[53.325s] INFO:colcon.colcon_core.shell:Creating prefix script '/home/asdfr-30/ASDfR_3/install/local_setup.ps1'
[53.330s] INFO:colcon.colcon_core.shell:Creating prefix util module '/home/asdfr-30/ASDfR_3/install/_local_setup_util_ps1.py'
[53.339s] INFO:colcon.colcon_core.shell:Creating prefix chain script '/home/asdfr-30/ASDfR_3/install/setup.ps1'
[53.344s] INFO:colcon.colcon_core.shell:Creating prefix script '/home/asdfr-30/ASDfR_3/install/local_setup.sh'
[53.347s] INFO:colcon.colcon_core.shell:Creating prefix util module '/home/asdfr-30/ASDfR_3/install/_local_setup_util_sh.py'
[53.351s] INFO:colcon.colcon_core.shell:Creating prefix chain script '/home/asdfr-30/ASDfR_3/install/setup.sh'
[53.356s] INFO:colcon.colcon_core.shell:Creating prefix script '/home/asdfr-30/ASDfR_3/install/local_setup.bash'
[53.358s] INFO:colcon.colcon_core.shell:Creating prefix chain script '/home/asdfr-30/ASDfR_3/install/setup.bash'
[53.363s] INFO:colcon.colcon_core.shell:Creating prefix script '/home/asdfr-30/ASDfR_3/install/local_setup.zsh'
[53.366s] INFO:colcon.colcon_core.shell:Creating prefix chain script '/home/asdfr-30/ASDfR_3/install/setup.zsh'
