[0.000000] (-) TimerEvent: {}
[0.001676] (ball_tracker) JobQueued: {'identifier': 'ball_tracker', 'dependencies': OrderedDict()}
[0.002380] (cam2image_vm2ros) JobQueued: {'identifier': 'cam2image_vm2ros', 'dependencies': OrderedDict()}
[0.002935] (relbot_simulator) JobQueued: {'identifier': 'relbot_simulator', 'dependencies': OrderedDict()}
[0.003327] (xrf2_msgs) JobQueued: {'identifier': 'xrf2_msgs', 'dependencies': OrderedDict()}
[0.003792] (ros_xeno_bridge) JobQueued: {'identifier': 'ros_xeno_bridge', 'dependencies': OrderedDict([('xrf2_msgs', '/home/asdfr-30/ASDfR_3/install/xrf2_msgs')])}
[0.004131] (sequence_controller) JobQueued: {'identifier': 'sequence_controller', 'dependencies': OrderedDict([('xrf2_msgs', '/home/asdfr-30/ASDfR_3/install/xrf2_msgs')])}
[0.004412] (xeno_loop) JobQueued: {'identifier': 'xeno_loop', 'dependencies': OrderedDict([('xrf2_msgs', '/home/asdfr-30/ASDfR_3/install/xrf2_msgs')])}
[0.004752] (xrf2_msgs) JobStarted: {'identifier': 'xrf2_msgs'}
[0.024447] (ball_tracker) JobStarted: {'identifier': 'ball_tracker'}
[0.039092] (cam2image_vm2ros) JobStarted: {'identifier': 'cam2image_vm2ros'}
[0.060041] (xrf2_msgs) JobProgress: {'identifier': 'xrf2_msgs', 'progress': 'cmake'}
[0.062657] (xrf2_msgs) JobProgress: {'identifier': 'xrf2_msgs', 'progress': 'build'}
[0.064985] (xrf2_msgs) Command: {'cmd': ['/usr/bin/cmake', '--build', '/home/asdfr-30/ASDfR_3/build/xrf2_msgs', '--', '-j3', '-l3'], 'cwd': '/home/asdfr-30/ASDfR_3/build/xrf2_msgs', 'env': OrderedDict([('LESSOPEN', '| /usr/bin/lesspipe %s'), ('USER', 'asdfr-30'), ('SSH_CLIENT', '10.0.100.232 3317 22'), ('XDG_SESSION_TYPE', 'tty'), ('GIT_ASKPASS', '/home/asdfr-30/.vscode-server/cli/servers/Stable-4949701c880d4bdb949e3c0e6b400288da7f474b/server/extensions/git/dist/askpass.sh'), ('SHLVL', '1'), ('LD_LIBRARY_PATH', '/home/asdfr-30/ASDfR_3/install/xrf2_msgs/lib:/home/asdfr-30/ASDfR_3/install/cam2image_vm2ros/lib:/opt/ros/humble/opt/rviz_ogre_vendor/lib:/opt/ros/humble/lib/aarch64-linux-gnu:/opt/ros/humble/lib'), ('BROWSER', '/home/asdfr-30/.vscode-server/cli/servers/Stable-4949701c880d4bdb949e3c0e6b400288da7f474b/server/bin/helpers/browser.sh'), ('MOTD_SHOWN', 'pam'), ('HOME', '/home/asdfr-30'), ('OLDPWD', '/home/asdfr-30/.vscode-server'), ('TERM_PROGRAM_VERSION', '1.99.2'), ('VSCODE_IPC_HOOK_CLI', '/run/user/1030/vscode-ipc-34bd0855-1d55-4cbf-af3f-d14f0fcfffd2.sock'), ('ROS_PYTHON_VERSION', '3'), ('VSCODE_GIT_ASKPASS_MAIN', '/home/asdfr-30/.vscode-server/cli/servers/Stable-4949701c880d4bdb949e3c0e6b400288da7f474b/server/extensions/git/dist/askpass-main.js'), ('VSCODE_GIT_ASKPASS_NODE', '/home/asdfr-30/.vscode-server/cli/servers/Stable-4949701c880d4bdb949e3c0e6b400288da7f474b/server/node'), ('SSL_CERT_FILE', '/usr/lib/ssl/certs/ca-certificates.crt'), ('DBUS_SESSION_BUS_ADDRESS', 'unix:path=/run/user/1030/bus'), ('COLORTERM', 'truecolor'), ('COLCON_PREFIX_PATH', '/home/asdfr-30/ASDfR_3/install'), ('ROS_DISTRO', 'humble'), ('LOGNAME', 'asdfr-30'), ('_', '/usr/bin/colcon'), ('ROS_VERSION', '2'), ('XDG_SESSION_CLASS', 'user'), ('TERM', 'xterm-256color'), ('XDG_SESSION_ID', '4'), ('ROS_LOCALHOST_ONLY', '1'), ('PATH', '/home/asdfr-30/.vscode-server/cli/servers/Stable-4949701c880d4bdb949e3c0e6b400288da7f474b/server/bin/remote-cli:/opt/ros/humble/bin:/usr/local/sbin:/usr/local/bin:/usr/sbin:/usr/bin:/sbin:/bin:/usr/games:/usr/local/games:/snap/bin:/usr/evl/bin:/opt/relbot-software/bin:/usr/evl/bin:/opt/relbot-software/bin'), ('XDG_RUNTIME_DIR', '/run/user/1030'), ('SSL_CERT_DIR', '/usr/lib/ssl/certs'), ('LANG', 'C.UTF-8'), ('LS_COLORS', 'rs=0:di=01;34:ln=01;36:mh=00:pi=40;33:so=01;35:do=01;35:bd=40;33;01:cd=40;33;01:or=40;31;01:mi=00:su=37;41:sg=30;43:ca=30;41:tw=30;42:ow=34;42:st=37;44:ex=01;32:*.tar=01;31:*.tgz=01;31:*.arc=01;31:*.arj=01;31:*.taz=01;31:*.lha=01;31:*.lz4=01;31:*.lzh=01;31:*.lzma=01;31:*.tlz=01;31:*.txz=01;31:*.tzo=01;31:*.t7z=01;31:*.zip=01;31:*.z=01;31:*.dz=01;31:*.gz=01;31:*.lrz=01;31:*.lz=01;31:*.lzo=01;31:*.xz=01;31:*.zst=01;31:*.tzst=01;31:*.bz2=01;31:*.bz=01;31:*.tbz=01;31:*.tbz2=01;31:*.tz=01;31:*.deb=01;31:*.rpm=01;31:*.jar=01;31:*.war=01;31:*.ear=01;31:*.sar=01;31:*.rar=01;31:*.alz=01;31:*.ace=01;31:*.zoo=01;31:*.cpio=01;31:*.7z=01;31:*.rz=01;31:*.cab=01;31:*.wim=01;31:*.swm=01;31:*.dwm=01;31:*.esd=01;31:*.jpg=01;35:*.jpeg=01;35:*.mjpg=01;35:*.mjpeg=01;35:*.gif=01;35:*.bmp=01;35:*.pbm=01;35:*.pgm=01;35:*.ppm=01;35:*.tga=01;35:*.xbm=01;35:*.xpm=01;35:*.tif=01;35:*.tiff=01;35:*.png=01;35:*.svg=01;35:*.svgz=01;35:*.mng=01;35:*.pcx=01;35:*.mov=01;35:*.mpg=01;35:*.mpeg=01;35:*.m2v=01;35:*.mkv=01;35:*.webm=01;35:*.webp=01;35:*.ogm=01;35:*.mp4=01;35:*.m4v=01;35:*.mp4v=01;35:*.vob=01;35:*.qt=01;35:*.nuv=01;35:*.wmv=01;35:*.asf=01;35:*.rm=01;35:*.rmvb=01;35:*.flc=01;35:*.avi=01;35:*.fli=01;35:*.flv=01;35:*.gl=01;35:*.dl=01;35:*.xcf=01;35:*.xwd=01;35:*.yuv=01;35:*.cgm=01;35:*.emf=01;35:*.ogv=01;35:*.ogx=01;35:*.aac=00;36:*.au=00;36:*.flac=00;36:*.m4a=00;36:*.mid=00;36:*.midi=00;36:*.mka=00;36:*.mp3=00;36:*.mpc=00;36:*.ogg=00;36:*.ra=00;36:*.wav=00;36:*.oga=00;36:*.opus=00;36:*.spx=00;36:*.xspf=00;36:'), ('VSCODE_GIT_IPC_HANDLE', '/run/user/1030/vscode-git-f2a4e88bd3.sock'), ('TERM_PROGRAM', 'vscode'), ('AMENT_PREFIX_PATH', '/home/asdfr-30/ASDfR_3/install/xrf2_msgs:/home/asdfr-30/ASDfR_3/install/cam2image_vm2ros:/home/asdfr-30/ASDfR_3/install/ball_tracker:/opt/ros/humble'), ('SHELL', '/bin/bash'), ('LESSCLOSE', '/usr/bin/lesspipe %s %s'), ('VSCODE_GIT_ASKPASS_EXTRA_ARGS', ''), ('PWD', '/home/asdfr-30/ASDfR_3/build/xrf2_msgs'), ('SSH_CONNECTION', '10.0.100.232 3317 10.0.28.103 22'), ('PYTHONPATH', '/home/asdfr-30/ASDfR_3/install/xrf2_msgs/local/lib/python3.10/dist-packages:/opt/ros/humble/lib/python3.10/site-packages:/opt/ros/humble/local/lib/python3.10/dist-packages'), ('COLCON', '1'), ('CMAKE_PREFIX_PATH', '/home/asdfr-30/ASDfR_3/install/xrf2_msgs:/home/asdfr-30/ASDfR_3/install/cam2image_vm2ros:/home/asdfr-30/ASDfR_3/install/ball_tracker:/opt/ros/humble')]), 'shell': False}
[0.082213] (ball_tracker) JobProgress: {'identifier': 'ball_tracker', 'progress': 'cmake'}
[0.083111] (ball_tracker) JobProgress: {'identifier': 'ball_tracker', 'progress': 'build'}
[0.083934] (ball_tracker) Command: {'cmd': ['/usr/bin/cmake', '--build', '/home/asdfr-30/ASDfR_3/build/ball_tracker', '--', '-j3', '-l3'], 'cwd': '/home/asdfr-30/ASDfR_3/build/ball_tracker', 'env': OrderedDict([('LESSOPEN', '| /usr/bin/lesspipe %s'), ('USER', 'asdfr-30'), ('SSH_CLIENT', '10.0.100.232 3317 22'), ('XDG_SESSION_TYPE', 'tty'), ('GIT_ASKPASS', '/home/asdfr-30/.vscode-server/cli/servers/Stable-4949701c880d4bdb949e3c0e6b400288da7f474b/server/extensions/git/dist/askpass.sh'), ('SHLVL', '1'), ('LD_LIBRARY_PATH', '/home/asdfr-30/ASDfR_3/install/xrf2_msgs/lib:/home/asdfr-30/ASDfR_3/install/cam2image_vm2ros/lib:/opt/ros/humble/opt/rviz_ogre_vendor/lib:/opt/ros/humble/lib/aarch64-linux-gnu:/opt/ros/humble/lib'), ('BROWSER', '/home/asdfr-30/.vscode-server/cli/servers/Stable-4949701c880d4bdb949e3c0e6b400288da7f474b/server/bin/helpers/browser.sh'), ('MOTD_SHOWN', 'pam'), ('HOME', '/home/asdfr-30'), ('OLDPWD', '/home/asdfr-30/.vscode-server'), ('TERM_PROGRAM_VERSION', '1.99.2'), ('VSCODE_IPC_HOOK_CLI', '/run/user/1030/vscode-ipc-34bd0855-1d55-4cbf-af3f-d14f0fcfffd2.sock'), ('ROS_PYTHON_VERSION', '3'), ('VSCODE_GIT_ASKPASS_MAIN', '/home/asdfr-30/.vscode-server/cli/servers/Stable-4949701c880d4bdb949e3c0e6b400288da7f474b/server/extensions/git/dist/askpass-main.js'), ('VSCODE_GIT_ASKPASS_NODE', '/home/asdfr-30/.vscode-server/cli/servers/Stable-4949701c880d4bdb949e3c0e6b400288da7f474b/server/node'), ('SSL_CERT_FILE', '/usr/lib/ssl/certs/ca-certificates.crt'), ('DBUS_SESSION_BUS_ADDRESS', 'unix:path=/run/user/1030/bus'), ('COLORTERM', 'truecolor'), ('COLCON_PREFIX_PATH', '/home/asdfr-30/ASDfR_3/install'), ('ROS_DISTRO', 'humble'), ('LOGNAME', 'asdfr-30'), ('_', '/usr/bin/colcon'), ('ROS_VERSION', '2'), ('XDG_SESSION_CLASS', 'user'), ('TERM', 'xterm-256color'), ('XDG_SESSION_ID', '4'), ('ROS_LOCALHOST_ONLY', '1'), ('PATH', '/home/asdfr-30/.vscode-server/cli/servers/Stable-4949701c880d4bdb949e3c0e6b400288da7f474b/server/bin/remote-cli:/opt/ros/humble/bin:/usr/local/sbin:/usr/local/bin:/usr/sbin:/usr/bin:/sbin:/bin:/usr/games:/usr/local/games:/snap/bin:/usr/evl/bin:/opt/relbot-software/bin:/usr/evl/bin:/opt/relbot-software/bin'), ('XDG_RUNTIME_DIR', '/run/user/1030'), ('SSL_CERT_DIR', '/usr/lib/ssl/certs'), ('LANG', 'C.UTF-8'), ('LS_COLORS', 'rs=0:di=01;34:ln=01;36:mh=00:pi=40;33:so=01;35:do=01;35:bd=40;33;01:cd=40;33;01:or=40;31;01:mi=00:su=37;41:sg=30;43:ca=30;41:tw=30;42:ow=34;42:st=37;44:ex=01;32:*.tar=01;31:*.tgz=01;31:*.arc=01;31:*.arj=01;31:*.taz=01;31:*.lha=01;31:*.lz4=01;31:*.lzh=01;31:*.lzma=01;31:*.tlz=01;31:*.txz=01;31:*.tzo=01;31:*.t7z=01;31:*.zip=01;31:*.z=01;31:*.dz=01;31:*.gz=01;31:*.lrz=01;31:*.lz=01;31:*.lzo=01;31:*.xz=01;31:*.zst=01;31:*.tzst=01;31:*.bz2=01;31:*.bz=01;31:*.tbz=01;31:*.tbz2=01;31:*.tz=01;31:*.deb=01;31:*.rpm=01;31:*.jar=01;31:*.war=01;31:*.ear=01;31:*.sar=01;31:*.rar=01;31:*.alz=01;31:*.ace=01;31:*.zoo=01;31:*.cpio=01;31:*.7z=01;31:*.rz=01;31:*.cab=01;31:*.wim=01;31:*.swm=01;31:*.dwm=01;31:*.esd=01;31:*.jpg=01;35:*.jpeg=01;35:*.mjpg=01;35:*.mjpeg=01;35:*.gif=01;35:*.bmp=01;35:*.pbm=01;35:*.pgm=01;35:*.ppm=01;35:*.tga=01;35:*.xbm=01;35:*.xpm=01;35:*.tif=01;35:*.tiff=01;35:*.png=01;35:*.svg=01;35:*.svgz=01;35:*.mng=01;35:*.pcx=01;35:*.mov=01;35:*.mpg=01;35:*.mpeg=01;35:*.m2v=01;35:*.mkv=01;35:*.webm=01;35:*.webp=01;35:*.ogm=01;35:*.mp4=01;35:*.m4v=01;35:*.mp4v=01;35:*.vob=01;35:*.qt=01;35:*.nuv=01;35:*.wmv=01;35:*.asf=01;35:*.rm=01;35:*.rmvb=01;35:*.flc=01;35:*.avi=01;35:*.fli=01;35:*.flv=01;35:*.gl=01;35:*.dl=01;35:*.xcf=01;35:*.xwd=01;35:*.yuv=01;35:*.cgm=01;35:*.emf=01;35:*.ogv=01;35:*.ogx=01;35:*.aac=00;36:*.au=00;36:*.flac=00;36:*.m4a=00;36:*.mid=00;36:*.midi=00;36:*.mka=00;36:*.mp3=00;36:*.mpc=00;36:*.ogg=00;36:*.ra=00;36:*.wav=00;36:*.oga=00;36:*.opus=00;36:*.spx=00;36:*.xspf=00;36:'), ('VSCODE_GIT_IPC_HANDLE', '/run/user/1030/vscode-git-f2a4e88bd3.sock'), ('TERM_PROGRAM', 'vscode'), ('AMENT_PREFIX_PATH', '/home/asdfr-30/ASDfR_3/install/xrf2_msgs:/home/asdfr-30/ASDfR_3/install/cam2image_vm2ros:/home/asdfr-30/ASDfR_3/install/ball_tracker:/opt/ros/humble'), ('SHELL', '/bin/bash'), ('LESSCLOSE', '/usr/bin/lesspipe %s %s'), ('VSCODE_GIT_ASKPASS_EXTRA_ARGS', ''), ('PWD', '/home/asdfr-30/ASDfR_3/build/ball_tracker'), ('SSH_CONNECTION', '10.0.100.232 3317 10.0.28.103 22'), ('PYTHONPATH', '/home/asdfr-30/ASDfR_3/install/xrf2_msgs/local/lib/python3.10/dist-packages:/opt/ros/humble/lib/python3.10/site-packages:/opt/ros/humble/local/lib/python3.10/dist-packages'), ('COLCON', '1'), ('CMAKE_PREFIX_PATH', '/home/asdfr-30/ASDfR_3/install/xrf2_msgs:/home/asdfr-30/ASDfR_3/install/cam2image_vm2ros:/home/asdfr-30/ASDfR_3/install/ball_tracker:/opt/ros/humble')]), 'shell': False}
[0.101801] (-) TimerEvent: {}
[0.114222] (cam2image_vm2ros) JobProgress: {'identifier': 'cam2image_vm2ros', 'progress': 'cmake'}
[0.118288] (cam2image_vm2ros) JobProgress: {'identifier': 'cam2image_vm2ros', 'progress': 'build'}
[0.130123] (cam2image_vm2ros) Command: {'cmd': ['/usr/bin/cmake', '--build', '/home/asdfr-30/ASDfR_3/build/cam2image_vm2ros', '--', '-j3', '-l3'], 'cwd': '/home/asdfr-30/ASDfR_3/build/cam2image_vm2ros', 'env': OrderedDict([('LESSOPEN', '| /usr/bin/lesspipe %s'), ('USER', 'asdfr-30'), ('SSH_CLIENT', '10.0.100.232 3317 22'), ('XDG_SESSION_TYPE', 'tty'), ('GIT_ASKPASS', '/home/asdfr-30/.vscode-server/cli/servers/Stable-4949701c880d4bdb949e3c0e6b400288da7f474b/server/extensions/git/dist/askpass.sh'), ('SHLVL', '1'), ('LD_LIBRARY_PATH', '/home/asdfr-30/ASDfR_3/install/xrf2_msgs/lib:/home/asdfr-30/ASDfR_3/install/cam2image_vm2ros/lib:/opt/ros/humble/opt/rviz_ogre_vendor/lib:/opt/ros/humble/lib/aarch64-linux-gnu:/opt/ros/humble/lib'), ('BROWSER', '/home/asdfr-30/.vscode-server/cli/servers/Stable-4949701c880d4bdb949e3c0e6b400288da7f474b/server/bin/helpers/browser.sh'), ('MOTD_SHOWN', 'pam'), ('HOME', '/home/asdfr-30'), ('OLDPWD', '/home/asdfr-30/.vscode-server'), ('TERM_PROGRAM_VERSION', '1.99.2'), ('VSCODE_IPC_HOOK_CLI', '/run/user/1030/vscode-ipc-34bd0855-1d55-4cbf-af3f-d14f0fcfffd2.sock'), ('ROS_PYTHON_VERSION', '3'), ('VSCODE_GIT_ASKPASS_MAIN', '/home/asdfr-30/.vscode-server/cli/servers/Stable-4949701c880d4bdb949e3c0e6b400288da7f474b/server/extensions/git/dist/askpass-main.js'), ('VSCODE_GIT_ASKPASS_NODE', '/home/asdfr-30/.vscode-server/cli/servers/Stable-4949701c880d4bdb949e3c0e6b400288da7f474b/server/node'), ('SSL_CERT_FILE', '/usr/lib/ssl/certs/ca-certificates.crt'), ('DBUS_SESSION_BUS_ADDRESS', 'unix:path=/run/user/1030/bus'), ('COLORTERM', 'truecolor'), ('COLCON_PREFIX_PATH', '/home/asdfr-30/ASDfR_3/install'), ('ROS_DISTRO', 'humble'), ('LOGNAME', 'asdfr-30'), ('_', '/usr/bin/colcon'), ('ROS_VERSION', '2'), ('XDG_SESSION_CLASS', 'user'), ('TERM', 'xterm-256color'), ('XDG_SESSION_ID', '4'), ('ROS_LOCALHOST_ONLY', '1'), ('PATH', '/home/asdfr-30/.vscode-server/cli/servers/Stable-4949701c880d4bdb949e3c0e6b400288da7f474b/server/bin/remote-cli:/opt/ros/humble/bin:/usr/local/sbin:/usr/local/bin:/usr/sbin:/usr/bin:/sbin:/bin:/usr/games:/usr/local/games:/snap/bin:/usr/evl/bin:/opt/relbot-software/bin:/usr/evl/bin:/opt/relbot-software/bin'), ('XDG_RUNTIME_DIR', '/run/user/1030'), ('SSL_CERT_DIR', '/usr/lib/ssl/certs'), ('LANG', 'C.UTF-8'), ('LS_COLORS', 'rs=0:di=01;34:ln=01;36:mh=00:pi=40;33:so=01;35:do=01;35:bd=40;33;01:cd=40;33;01:or=40;31;01:mi=00:su=37;41:sg=30;43:ca=30;41:tw=30;42:ow=34;42:st=37;44:ex=01;32:*.tar=01;31:*.tgz=01;31:*.arc=01;31:*.arj=01;31:*.taz=01;31:*.lha=01;31:*.lz4=01;31:*.lzh=01;31:*.lzma=01;31:*.tlz=01;31:*.txz=01;31:*.tzo=01;31:*.t7z=01;31:*.zip=01;31:*.z=01;31:*.dz=01;31:*.gz=01;31:*.lrz=01;31:*.lz=01;31:*.lzo=01;31:*.xz=01;31:*.zst=01;31:*.tzst=01;31:*.bz2=01;31:*.bz=01;31:*.tbz=01;31:*.tbz2=01;31:*.tz=01;31:*.deb=01;31:*.rpm=01;31:*.jar=01;31:*.war=01;31:*.ear=01;31:*.sar=01;31:*.rar=01;31:*.alz=01;31:*.ace=01;31:*.zoo=01;31:*.cpio=01;31:*.7z=01;31:*.rz=01;31:*.cab=01;31:*.wim=01;31:*.swm=01;31:*.dwm=01;31:*.esd=01;31:*.jpg=01;35:*.jpeg=01;35:*.mjpg=01;35:*.mjpeg=01;35:*.gif=01;35:*.bmp=01;35:*.pbm=01;35:*.pgm=01;35:*.ppm=01;35:*.tga=01;35:*.xbm=01;35:*.xpm=01;35:*.tif=01;35:*.tiff=01;35:*.png=01;35:*.svg=01;35:*.svgz=01;35:*.mng=01;35:*.pcx=01;35:*.mov=01;35:*.mpg=01;35:*.mpeg=01;35:*.m2v=01;35:*.mkv=01;35:*.webm=01;35:*.webp=01;35:*.ogm=01;35:*.mp4=01;35:*.m4v=01;35:*.mp4v=01;35:*.vob=01;35:*.qt=01;35:*.nuv=01;35:*.wmv=01;35:*.asf=01;35:*.rm=01;35:*.rmvb=01;35:*.flc=01;35:*.avi=01;35:*.fli=01;35:*.flv=01;35:*.gl=01;35:*.dl=01;35:*.xcf=01;35:*.xwd=01;35:*.yuv=01;35:*.cgm=01;35:*.emf=01;35:*.ogv=01;35:*.ogx=01;35:*.aac=00;36:*.au=00;36:*.flac=00;36:*.m4a=00;36:*.mid=00;36:*.midi=00;36:*.mka=00;36:*.mp3=00;36:*.mpc=00;36:*.ogg=00;36:*.ra=00;36:*.wav=00;36:*.oga=00;36:*.opus=00;36:*.spx=00;36:*.xspf=00;36:'), ('VSCODE_GIT_IPC_HANDLE', '/run/user/1030/vscode-git-f2a4e88bd3.sock'), ('TERM_PROGRAM', 'vscode'), ('AMENT_PREFIX_PATH', '/home/asdfr-30/ASDfR_3/install/xrf2_msgs:/home/asdfr-30/ASDfR_3/install/cam2image_vm2ros:/home/asdfr-30/ASDfR_3/install/ball_tracker:/opt/ros/humble'), ('SHELL', '/bin/bash'), ('LESSCLOSE', '/usr/bin/lesspipe %s %s'), ('VSCODE_GIT_ASKPASS_EXTRA_ARGS', ''), ('PWD', '/home/asdfr-30/ASDfR_3/build/cam2image_vm2ros'), ('SSH_CONNECTION', '10.0.100.232 3317 10.0.28.103 22'), ('PYTHONPATH', '/home/asdfr-30/ASDfR_3/install/xrf2_msgs/local/lib/python3.10/dist-packages:/opt/ros/humble/lib/python3.10/site-packages:/opt/ros/humble/local/lib/python3.10/dist-packages'), ('COLCON', '1'), ('CMAKE_PREFIX_PATH', '/home/asdfr-30/ASDfR_3/install/xrf2_msgs:/home/asdfr-30/ASDfR_3/install/cam2image_vm2ros:/home/asdfr-30/ASDfR_3/install/ball_tracker:/opt/ros/humble')]), 'shell': False}
[0.199566] (ball_tracker) StdoutLine: {'line': b'-- Found ament_cmake: 1.3.11 (/opt/ros/humble/share/ament_cmake/cmake)\n'}
[0.202593] (-) TimerEvent: {}
[0.225542] (cam2image_vm2ros) StdoutLine: {'line': b'-- Found ament_cmake: 1.3.11 (/opt/ros/humble/share/ament_cmake/cmake)\n'}
[0.248662] (xrf2_msgs) StdoutLine: {'line': b'\x1b[35m\x1b[1mConsolidate compiler generated dependencies of target xrf2_msgs__rosidl_generator_c\x1b[0m\n'}
[0.303685] (-) TimerEvent: {}
[0.327794] (xrf2_msgs) StdoutLine: {'line': b'[  2%] Built target xrf2_msgs__cpp\n'}
[0.385527] (xrf2_msgs) StdoutLine: {'line': b'[  2%] Built target ament_cmake_python_copy_xrf2_msgs\n'}
[0.403897] (-) TimerEvent: {}
[0.435574] (xrf2_msgs) StdoutLine: {'line': b'\x1b[35m\x1b[1mConsolidate compiler generated dependencies of target xrf2_msgs__rosidl_typesupport_introspection_cpp\x1b[0m\n'}
[0.450939] (xrf2_msgs) StdoutLine: {'line': b'\x1b[35m\x1b[1mConsolidate compiler generated dependencies of target xrf2_msgs__rosidl_typesupport_fastrtps_cpp\x1b[0m\n'}
[0.484361] (xrf2_msgs) StdoutLine: {'line': b'[ 12%] Built target xrf2_msgs__rosidl_generator_c\n'}
[0.504121] (-) TimerEvent: {}
[0.586083] (xrf2_msgs) StdoutLine: {'line': b'\x1b[35m\x1b[1mConsolidate compiler generated dependencies of target xrf2_msgs__rosidl_typesupport_cpp\x1b[0m\n'}
[0.604356] (-) TimerEvent: {}
[0.705315] (-) TimerEvent: {}
[0.806376] (-) TimerEvent: {}
[0.863436] (xrf2_msgs) StdoutLine: {'line': b'[ 23%] Built target xrf2_msgs__rosidl_typesupport_cpp\n'}
[0.906322] (xrf2_msgs) StdoutLine: {'line': b'[ 33%] Built target xrf2_msgs__rosidl_typesupport_fastrtps_cpp\n'}
[0.907646] (-) TimerEvent: {}
[0.965668] (xrf2_msgs) StdoutLine: {'line': b'\x1b[35m\x1b[1mConsolidate compiler generated dependencies of target xrf2_msgs__rosidl_typesupport_fastrtps_c\x1b[0m\n'}
[1.007984] (-) TimerEvent: {}
[1.100181] (xrf2_msgs) StdoutLine: {'line': b'[ 43%] Built target xrf2_msgs__rosidl_typesupport_introspection_cpp\n'}
[1.108223] (-) TimerEvent: {}
[1.175664] (xrf2_msgs) StdoutLine: {'line': b'\x1b[35m\x1b[1mConsolidate compiler generated dependencies of target xrf2_msgs__rosidl_typesupport_introspection_c\x1b[0m\n'}
[1.208506] (-) TimerEvent: {}
[1.309867] (-) TimerEvent: {}
[1.405323] (xrf2_msgs) StdoutLine: {'line': b'[ 53%] Built target xrf2_msgs__rosidl_typesupport_introspection_c\n'}
[1.410041] (-) TimerEvent: {}
[1.499818] (cam2image_vm2ros) StdoutLine: {'line': b'-- Found rclcpp: 16.0.11 (/opt/ros/humble/share/rclcpp/cmake)\n'}
[1.510234] (-) TimerEvent: {}
[1.539940] (ball_tracker) StdoutLine: {'line': b'-- Found rclcpp: 16.0.11 (/opt/ros/humble/share/rclcpp/cmake)\n'}
[1.542987] (xrf2_msgs) StdoutLine: {'line': b'\x1b[35m\x1b[1mConsolidate compiler generated dependencies of target xrf2_msgs__rosidl_typesupport_c\x1b[0m\n'}
[1.610475] (-) TimerEvent: {}
[1.623756] (xrf2_msgs) StdoutLine: {'line': b'[ 64%] Built target xrf2_msgs__rosidl_typesupport_fastrtps_c\n'}
[1.660770] (cam2image_vm2ros) StdoutLine: {'line': b'-- Found rosidl_generator_c: 3.1.6 (/opt/ros/humble/share/rosidl_generator_c/cmake)\n'}
[1.670919] (cam2image_vm2ros) StdoutLine: {'line': b'-- Found rosidl_adapter: 3.1.6 (/opt/ros/humble/share/rosidl_adapter/cmake)\n'}
[1.693329] (cam2image_vm2ros) StdoutLine: {'line': b'-- Found rosidl_generator_cpp: 3.1.6 (/opt/ros/humble/share/rosidl_generator_cpp/cmake)\n'}
[1.709030] (xrf2_msgs) StdoutLine: {'line': b'[ 74%] Built target xrf2_msgs__rosidl_typesupport_c\n'}
[1.710530] (-) TimerEvent: {}
[1.720862] (ball_tracker) StdoutLine: {'line': b'-- Found rosidl_generator_c: 3.1.6 (/opt/ros/humble/share/rosidl_generator_c/cmake)\n'}
[1.730561] (ball_tracker) StdoutLine: {'line': b'-- Found rosidl_adapter: 3.1.6 (/opt/ros/humble/share/rosidl_adapter/cmake)\n'}
[1.738699] (cam2image_vm2ros) StdoutLine: {'line': b'-- Using all available rosidl_typesupport_c: rosidl_typesupport_fastrtps_c;rosidl_typesupport_introspection_c\n'}
[1.757315] (ball_tracker) StdoutLine: {'line': b'-- Found rosidl_generator_cpp: 3.1.6 (/opt/ros/humble/share/rosidl_generator_cpp/cmake)\n'}
[1.811745] (-) TimerEvent: {}
[1.819798] (cam2image_vm2ros) StdoutLine: {'line': b'-- Using all available rosidl_typesupport_cpp: rosidl_typesupport_fastrtps_cpp;rosidl_typesupport_introspection_cpp\n'}
[1.831952] (ball_tracker) StdoutLine: {'line': b'-- Using all available rosidl_typesupport_c: rosidl_typesupport_fastrtps_c;rosidl_typesupport_introspection_c\n'}
[1.899049] (ball_tracker) StdoutLine: {'line': b'-- Using all available rosidl_typesupport_cpp: rosidl_typesupport_fastrtps_cpp;rosidl_typesupport_introspection_cpp\n'}
[1.917660] (-) TimerEvent: {}
[1.926006] (xrf2_msgs) StdoutLine: {'line': b'[ 74%] Built target xrf2_msgs\n'}
[2.017958] (-) TimerEvent: {}
[2.046257] (cam2image_vm2ros) StdoutLine: {'line': b'-- Found rmw_implementation_cmake: 6.1.2 (/opt/ros/humble/share/rmw_implementation_cmake/cmake)\n'}
[2.055907] (cam2image_vm2ros) StdoutLine: {'line': b'-- Found rmw_fastrtps_cpp: 6.2.7 (/opt/ros/humble/share/rmw_fastrtps_cpp/cmake)\n'}
[2.080901] (ball_tracker) StdoutLine: {'line': b'-- Found rmw_implementation_cmake: 6.1.2 (/opt/ros/humble/share/rmw_implementation_cmake/cmake)\n'}
[2.089561] (ball_tracker) StdoutLine: {'line': b'-- Found rmw_fastrtps_cpp: 6.2.7 (/opt/ros/humble/share/rmw_fastrtps_cpp/cmake)\n'}
[2.093021] (xrf2_msgs) StdoutLine: {'line': b'[ 76%] Built target xrf2_msgs__py\n'}
[2.118134] (-) TimerEvent: {}
[2.151860] (xrf2_msgs) StdoutLine: {'line': b'\x1b[35m\x1b[1mConsolidate compiler generated dependencies of target xrf2_msgs__rosidl_generator_py\x1b[0m\n'}
[2.218307] (-) TimerEvent: {}
[2.319159] (-) TimerEvent: {}
[2.420034] (-) TimerEvent: {}
[2.501761] (ball_tracker) StdoutLine: {'line': b"-- Using RMW implementation 'rmw_fastrtps_cpp' as default\n"}
[2.520235] (-) TimerEvent: {}
[2.587235] (cam2image_vm2ros) StdoutLine: {'line': b"-- Using RMW implementation 'rmw_fastrtps_cpp' as default\n"}
[2.620435] (-) TimerEvent: {}
[2.721307] (-) TimerEvent: {}
[2.756030] (xrf2_msgs) StdoutLine: {'line': b'running egg_info\n'}
[2.759354] (xrf2_msgs) StdoutLine: {'line': b'[ 84%] Built target xrf2_msgs__rosidl_generator_py\n'}
[2.767812] (xrf2_msgs) StdoutLine: {'line': b'writing xrf2_msgs.egg-info/PKG-INFO\n'}
[2.773264] (xrf2_msgs) StdoutLine: {'line': b'writing dependency_links to xrf2_msgs.egg-info/dependency_links.txt\n'}
[2.778376] (xrf2_msgs) StdoutLine: {'line': b'writing top-level names to xrf2_msgs.egg-info/top_level.txt\n'}
[2.799257] (xrf2_msgs) StdoutLine: {'line': b"reading manifest file 'xrf2_msgs.egg-info/SOURCES.txt'\n"}
[2.805366] (xrf2_msgs) StdoutLine: {'line': b"writing manifest file 'xrf2_msgs.egg-info/SOURCES.txt'\n"}
[2.821564] (-) TimerEvent: {}
[2.839053] (xrf2_msgs) StdoutLine: {'line': b'\x1b[35m\x1b[1mConsolidate compiler generated dependencies of target xrf2_msgs__rosidl_typesupport_fastrtps_c__pyext\x1b[0m\n'}
[2.842804] (ball_tracker) StdoutLine: {'line': b'-- Found sensor_msgs: 4.2.4 (/opt/ros/humble/share/sensor_msgs/cmake)\n'}
[2.872896] (xrf2_msgs) StdoutLine: {'line': b'\x1b[35m\x1b[1mConsolidate compiler generated dependencies of target xrf2_msgs__rosidl_typesupport_introspection_c__pyext\x1b[0m\n'}
[2.887383] (cam2image_vm2ros) StdoutLine: {'line': b'-- Found rclcpp_components: 16.0.11 (/opt/ros/humble/share/rclcpp_components/cmake)\n'}
[2.922413] (-) TimerEvent: {}
[3.030251] (-) TimerEvent: {}
[3.063967] (cam2image_vm2ros) StdoutLine: {'line': b'-- Found sensor_msgs: 4.2.4 (/opt/ros/humble/share/sensor_msgs/cmake)\n'}
[3.084906] (xrf2_msgs) StdoutLine: {'line': b'[ 84%] Built target ament_cmake_python_build_xrf2_msgs_egg\n'}
[3.116603] (xrf2_msgs) StdoutLine: {'line': b'\x1b[35m\x1b[1mConsolidate compiler generated dependencies of target xrf2_msgs__rosidl_typesupport_c__pyext\x1b[0m\n'}
[3.138662] (-) TimerEvent: {}
[3.230421] (ball_tracker) StdoutLine: {'line': b'-- Found cv_bridge: 3.2.1 (/opt/ros/humble/share/cv_bridge/cmake)\n'}
[3.238876] (-) TimerEvent: {}
[3.258010] (xrf2_msgs) StdoutLine: {'line': b'[ 89%] Built target xrf2_msgs__rosidl_typesupport_fastrtps_c__pyext\n'}
[3.339122] (-) TimerEvent: {}
[3.345477] (cam2image_vm2ros) StdoutLine: {'line': b'-- Found cv_bridge: 3.2.1 (/opt/ros/humble/share/cv_bridge/cmake)\n'}
[3.388631] (xrf2_msgs) StdoutLine: {'line': b'[ 94%] Built target xrf2_msgs__rosidl_typesupport_introspection_c__pyext\n'}
[3.420127] (xrf2_msgs) StdoutLine: {'line': b'[100%] Built target xrf2_msgs__rosidl_typesupport_c__pyext\n'}
[3.439463] (-) TimerEvent: {}
[3.466423] (xrf2_msgs) CommandEnded: {'returncode': 0}
[3.468839] (xrf2_msgs) JobProgress: {'identifier': 'xrf2_msgs', 'progress': 'install'}
[3.497897] (xrf2_msgs) Command: {'cmd': ['/usr/bin/cmake', '--install', '/home/asdfr-30/ASDfR_3/build/xrf2_msgs'], 'cwd': '/home/asdfr-30/ASDfR_3/build/xrf2_msgs', 'env': OrderedDict([('LESSOPEN', '| /usr/bin/lesspipe %s'), ('USER', 'asdfr-30'), ('SSH_CLIENT', '10.0.100.232 3317 22'), ('XDG_SESSION_TYPE', 'tty'), ('GIT_ASKPASS', '/home/asdfr-30/.vscode-server/cli/servers/Stable-4949701c880d4bdb949e3c0e6b400288da7f474b/server/extensions/git/dist/askpass.sh'), ('SHLVL', '1'), ('LD_LIBRARY_PATH', '/home/asdfr-30/ASDfR_3/install/xrf2_msgs/lib:/home/asdfr-30/ASDfR_3/install/cam2image_vm2ros/lib:/opt/ros/humble/opt/rviz_ogre_vendor/lib:/opt/ros/humble/lib/aarch64-linux-gnu:/opt/ros/humble/lib'), ('BROWSER', '/home/asdfr-30/.vscode-server/cli/servers/Stable-4949701c880d4bdb949e3c0e6b400288da7f474b/server/bin/helpers/browser.sh'), ('MOTD_SHOWN', 'pam'), ('HOME', '/home/asdfr-30'), ('OLDPWD', '/home/asdfr-30/.vscode-server'), ('TERM_PROGRAM_VERSION', '1.99.2'), ('VSCODE_IPC_HOOK_CLI', '/run/user/1030/vscode-ipc-34bd0855-1d55-4cbf-af3f-d14f0fcfffd2.sock'), ('ROS_PYTHON_VERSION', '3'), ('VSCODE_GIT_ASKPASS_MAIN', '/home/asdfr-30/.vscode-server/cli/servers/Stable-4949701c880d4bdb949e3c0e6b400288da7f474b/server/extensions/git/dist/askpass-main.js'), ('VSCODE_GIT_ASKPASS_NODE', '/home/asdfr-30/.vscode-server/cli/servers/Stable-4949701c880d4bdb949e3c0e6b400288da7f474b/server/node'), ('SSL_CERT_FILE', '/usr/lib/ssl/certs/ca-certificates.crt'), ('DBUS_SESSION_BUS_ADDRESS', 'unix:path=/run/user/1030/bus'), ('COLORTERM', 'truecolor'), ('COLCON_PREFIX_PATH', '/home/asdfr-30/ASDfR_3/install'), ('ROS_DISTRO', 'humble'), ('LOGNAME', 'asdfr-30'), ('_', '/usr/bin/colcon'), ('ROS_VERSION', '2'), ('XDG_SESSION_CLASS', 'user'), ('TERM', 'xterm-256color'), ('XDG_SESSION_ID', '4'), ('ROS_LOCALHOST_ONLY', '1'), ('PATH', '/home/asdfr-30/.vscode-server/cli/servers/Stable-4949701c880d4bdb949e3c0e6b400288da7f474b/server/bin/remote-cli:/opt/ros/humble/bin:/usr/local/sbin:/usr/local/bin:/usr/sbin:/usr/bin:/sbin:/bin:/usr/games:/usr/local/games:/snap/bin:/usr/evl/bin:/opt/relbot-software/bin:/usr/evl/bin:/opt/relbot-software/bin'), ('XDG_RUNTIME_DIR', '/run/user/1030'), ('SSL_CERT_DIR', '/usr/lib/ssl/certs'), ('LANG', 'C.UTF-8'), ('LS_COLORS', 'rs=0:di=01;34:ln=01;36:mh=00:pi=40;33:so=01;35:do=01;35:bd=40;33;01:cd=40;33;01:or=40;31;01:mi=00:su=37;41:sg=30;43:ca=30;41:tw=30;42:ow=34;42:st=37;44:ex=01;32:*.tar=01;31:*.tgz=01;31:*.arc=01;31:*.arj=01;31:*.taz=01;31:*.lha=01;31:*.lz4=01;31:*.lzh=01;31:*.lzma=01;31:*.tlz=01;31:*.txz=01;31:*.tzo=01;31:*.t7z=01;31:*.zip=01;31:*.z=01;31:*.dz=01;31:*.gz=01;31:*.lrz=01;31:*.lz=01;31:*.lzo=01;31:*.xz=01;31:*.zst=01;31:*.tzst=01;31:*.bz2=01;31:*.bz=01;31:*.tbz=01;31:*.tbz2=01;31:*.tz=01;31:*.deb=01;31:*.rpm=01;31:*.jar=01;31:*.war=01;31:*.ear=01;31:*.sar=01;31:*.rar=01;31:*.alz=01;31:*.ace=01;31:*.zoo=01;31:*.cpio=01;31:*.7z=01;31:*.rz=01;31:*.cab=01;31:*.wim=01;31:*.swm=01;31:*.dwm=01;31:*.esd=01;31:*.jpg=01;35:*.jpeg=01;35:*.mjpg=01;35:*.mjpeg=01;35:*.gif=01;35:*.bmp=01;35:*.pbm=01;35:*.pgm=01;35:*.ppm=01;35:*.tga=01;35:*.xbm=01;35:*.xpm=01;35:*.tif=01;35:*.tiff=01;35:*.png=01;35:*.svg=01;35:*.svgz=01;35:*.mng=01;35:*.pcx=01;35:*.mov=01;35:*.mpg=01;35:*.mpeg=01;35:*.m2v=01;35:*.mkv=01;35:*.webm=01;35:*.webp=01;35:*.ogm=01;35:*.mp4=01;35:*.m4v=01;35:*.mp4v=01;35:*.vob=01;35:*.qt=01;35:*.nuv=01;35:*.wmv=01;35:*.asf=01;35:*.rm=01;35:*.rmvb=01;35:*.flc=01;35:*.avi=01;35:*.fli=01;35:*.flv=01;35:*.gl=01;35:*.dl=01;35:*.xcf=01;35:*.xwd=01;35:*.yuv=01;35:*.cgm=01;35:*.emf=01;35:*.ogv=01;35:*.ogx=01;35:*.aac=00;36:*.au=00;36:*.flac=00;36:*.m4a=00;36:*.mid=00;36:*.midi=00;36:*.mka=00;36:*.mp3=00;36:*.mpc=00;36:*.ogg=00;36:*.ra=00;36:*.wav=00;36:*.oga=00;36:*.opus=00;36:*.spx=00;36:*.xspf=00;36:'), ('VSCODE_GIT_IPC_HANDLE', '/run/user/1030/vscode-git-f2a4e88bd3.sock'), ('TERM_PROGRAM', 'vscode'), ('AMENT_PREFIX_PATH', '/home/asdfr-30/ASDfR_3/install/xrf2_msgs:/home/asdfr-30/ASDfR_3/install/cam2image_vm2ros:/home/asdfr-30/ASDfR_3/install/ball_tracker:/opt/ros/humble'), ('SHELL', '/bin/bash'), ('LESSCLOSE', '/usr/bin/lesspipe %s %s'), ('VSCODE_GIT_ASKPASS_EXTRA_ARGS', ''), ('PWD', '/home/asdfr-30/ASDfR_3/build/xrf2_msgs'), ('SSH_CONNECTION', '10.0.100.232 3317 10.0.28.103 22'), ('PYTHONPATH', '/home/asdfr-30/ASDfR_3/install/xrf2_msgs/local/lib/python3.10/dist-packages:/opt/ros/humble/lib/python3.10/site-packages:/opt/ros/humble/local/lib/python3.10/dist-packages'), ('COLCON', '1'), ('CMAKE_PREFIX_PATH', '/home/asdfr-30/ASDfR_3/install/xrf2_msgs:/home/asdfr-30/ASDfR_3/install/cam2image_vm2ros:/home/asdfr-30/ASDfR_3/install/ball_tracker:/opt/ros/humble')]), 'shell': False}
[3.527072] (xrf2_msgs) StdoutLine: {'line': b'-- Install configuration: ""\n'}
[3.536456] (xrf2_msgs) StdoutLine: {'line': b'-- Up-to-date: /home/asdfr-30/ASDfR_3/install/xrf2_msgs/share/ament_index/resource_index/rosidl_interfaces/xrf2_msgs\n'}
[3.538312] (xrf2_msgs) StdoutLine: {'line': b'-- Up-to-date: /home/asdfr-30/ASDfR_3/install/xrf2_msgs/include/xrf2_msgs/xrf2_msgs\n'}
[3.539768] (-) TimerEvent: {}
[3.540603] (xrf2_msgs) StdoutLine: {'line': b'-- Up-to-date: /home/asdfr-30/ASDfR_3/install/xrf2_msgs/include/xrf2_msgs/xrf2_msgs/msg\n'}
[3.542321] (xrf2_msgs) StdoutLine: {'line': b'-- Up-to-date: /home/asdfr-30/ASDfR_3/install/xrf2_msgs/include/xrf2_msgs/xrf2_msgs/msg/rosidl_generator_c__visibility_control.h\n'}
[3.543710] (xrf2_msgs) StdoutLine: {'line': b'-- Up-to-date: /home/asdfr-30/ASDfR_3/install/xrf2_msgs/include/xrf2_msgs/xrf2_msgs/msg/detail\n'}
[3.544949] (xrf2_msgs) StdoutLine: {'line': b'-- Up-to-date: /home/asdfr-30/ASDfR_3/install/xrf2_msgs/include/xrf2_msgs/xrf2_msgs/msg/detail/xeno2_ros__type_support.h\n'}
[3.548496] (xrf2_msgs) StdoutLine: {'line': b'-- Up-to-date: /home/asdfr-30/ASDfR_3/install/xrf2_msgs/include/xrf2_msgs/xrf2_msgs/msg/detail/xeno2_ros__functions.c\n'}
[3.558411] (xrf2_msgs) StdoutLine: {'line': b'-- Up-to-date: /home/asdfr-30/ASDfR_3/install/xrf2_msgs/include/xrf2_msgs/xrf2_msgs/msg/detail/ros2_xeno__functions.c\n'}
[3.559723] (xrf2_msgs) StdoutLine: {'line': b'-- Up-to-date: /home/asdfr-30/ASDfR_3/install/xrf2_msgs/include/xrf2_msgs/xrf2_msgs/msg/detail/ros2_xeno__type_support.h\n'}
[3.560925] (xrf2_msgs) StdoutLine: {'line': b'-- Up-to-date: /home/asdfr-30/ASDfR_3/install/xrf2_msgs/include/xrf2_msgs/xrf2_msgs/msg/detail/xeno2_ros__struct.h\n'}
[3.562383] (xrf2_msgs) StdoutLine: {'line': b'-- Up-to-date: /home/asdfr-30/ASDfR_3/install/xrf2_msgs/include/xrf2_msgs/xrf2_msgs/msg/detail/ros2_xeno__functions.h\n'}
[3.563759] (xrf2_msgs) StdoutLine: {'line': b'-- Up-to-date: /home/asdfr-30/ASDfR_3/install/xrf2_msgs/include/xrf2_msgs/xrf2_msgs/msg/detail/xeno2_ros__functions.h\n'}
[3.565036] (xrf2_msgs) StdoutLine: {'line': b'-- Up-to-date: /home/asdfr-30/ASDfR_3/install/xrf2_msgs/include/xrf2_msgs/xrf2_msgs/msg/detail/ros2_xeno__struct.h\n'}
[3.566334] (xrf2_msgs) StdoutLine: {'line': b'-- Up-to-date: /home/asdfr-30/ASDfR_3/install/xrf2_msgs/include/xrf2_msgs/xrf2_msgs/msg/xeno2_ros.h\n'}
[3.567517] (xrf2_msgs) StdoutLine: {'line': b'-- Up-to-date: /home/asdfr-30/ASDfR_3/install/xrf2_msgs/include/xrf2_msgs/xrf2_msgs/msg/ros2_xeno.h\n'}
[3.568771] (xrf2_msgs) StdoutLine: {'line': b'-- Up-to-date: /home/asdfr-30/ASDfR_3/install/xrf2_msgs/share/xrf2_msgs/environment/library_path.sh\n'}
[3.582945] (xrf2_msgs) StdoutLine: {'line': b'-- Up-to-date: /home/asdfr-30/ASDfR_3/install/xrf2_msgs/share/xrf2_msgs/environment/library_path.dsv\n'}
[3.584286] (xrf2_msgs) StdoutLine: {'line': b'-- Up-to-date: /home/asdfr-30/ASDfR_3/install/xrf2_msgs/lib/libxrf2_msgs__rosidl_generator_c.so\n'}
[3.585679] (xrf2_msgs) StdoutLine: {'line': b'-- Up-to-date: /home/asdfr-30/ASDfR_3/install/xrf2_msgs/include/xrf2_msgs/xrf2_msgs\n'}
[3.587111] (xrf2_msgs) StdoutLine: {'line': b'-- Up-to-date: /home/asdfr-30/ASDfR_3/install/xrf2_msgs/include/xrf2_msgs/xrf2_msgs/msg\n'}
[3.588336] (xrf2_msgs) StdoutLine: {'line': b'-- Up-to-date: /home/asdfr-30/ASDfR_3/install/xrf2_msgs/include/xrf2_msgs/xrf2_msgs/msg/rosidl_typesupport_fastrtps_c__visibility_control.h\n'}
[3.589583] (xrf2_msgs) StdoutLine: {'line': b'-- Up-to-date: /home/asdfr-30/ASDfR_3/install/xrf2_msgs/include/xrf2_msgs/xrf2_msgs/msg/detail\n'}
[3.599105] (xrf2_msgs) StdoutLine: {'line': b'-- Up-to-date: /home/asdfr-30/ASDfR_3/install/xrf2_msgs/include/xrf2_msgs/xrf2_msgs/msg/detail/ros2_xeno__rosidl_typesupport_fastrtps_c.h\n'}
[3.600816] (xrf2_msgs) StdoutLine: {'line': b'-- Up-to-date: /home/asdfr-30/ASDfR_3/install/xrf2_msgs/include/xrf2_msgs/xrf2_msgs/msg/detail/xeno2_ros__rosidl_typesupport_fastrtps_c.h\n'}
[3.602235] (xrf2_msgs) StdoutLine: {'line': b'-- Up-to-date: /home/asdfr-30/ASDfR_3/install/xrf2_msgs/lib/libxrf2_msgs__rosidl_typesupport_fastrtps_c.so\n'}
[3.603594] (xrf2_msgs) StdoutLine: {'line': b'-- Up-to-date: /home/asdfr-30/ASDfR_3/install/xrf2_msgs/include/xrf2_msgs/xrf2_msgs\n'}
[3.605603] (xrf2_msgs) StdoutLine: {'line': b'-- Up-to-date: /home/asdfr-30/ASDfR_3/install/xrf2_msgs/include/xrf2_msgs/xrf2_msgs/msg\n'}
[3.615216] (xrf2_msgs) StdoutLine: {'line': b'-- Up-to-date: /home/asdfr-30/ASDfR_3/install/xrf2_msgs/include/xrf2_msgs/xrf2_msgs/msg/rosidl_typesupport_introspection_c__visibility_control.h\n'}
[3.616577] (xrf2_msgs) StdoutLine: {'line': b'-- Up-to-date: /home/asdfr-30/ASDfR_3/install/xrf2_msgs/include/xrf2_msgs/xrf2_msgs/msg/detail\n'}
[3.617941] (xrf2_msgs) StdoutLine: {'line': b'-- Up-to-date: /home/asdfr-30/ASDfR_3/install/xrf2_msgs/include/xrf2_msgs/xrf2_msgs/msg/detail/xeno2_ros__type_support.c\n'}
[3.619365] (xrf2_msgs) StdoutLine: {'line': b'-- Up-to-date: /home/asdfr-30/ASDfR_3/install/xrf2_msgs/include/xrf2_msgs/xrf2_msgs/msg/detail/ros2_xeno__type_support.c\n'}
[3.620631] (xrf2_msgs) StdoutLine: {'line': b'-- Up-to-date: /home/asdfr-30/ASDfR_3/install/xrf2_msgs/include/xrf2_msgs/xrf2_msgs/msg/detail/ros2_xeno__rosidl_typesupport_introspection_c.h\n'}
[3.630139] (xrf2_msgs) StdoutLine: {'line': b'-- Up-to-date: /home/asdfr-30/ASDfR_3/install/xrf2_msgs/include/xrf2_msgs/xrf2_msgs/msg/detail/xeno2_ros__rosidl_typesupport_introspection_c.h\n'}
[3.631714] (xrf2_msgs) StdoutLine: {'line': b'-- Up-to-date: /home/asdfr-30/ASDfR_3/install/xrf2_msgs/lib/libxrf2_msgs__rosidl_typesupport_introspection_c.so\n'}
[3.633090] (xrf2_msgs) StdoutLine: {'line': b'-- Up-to-date: /home/asdfr-30/ASDfR_3/install/xrf2_msgs/lib/libxrf2_msgs__rosidl_typesupport_c.so\n'}
[3.634521] (xrf2_msgs) StdoutLine: {'line': b'-- Up-to-date: /home/asdfr-30/ASDfR_3/install/xrf2_msgs/include/xrf2_msgs/xrf2_msgs\n'}
[3.635968] (xrf2_msgs) StdoutLine: {'line': b'-- Up-to-date: /home/asdfr-30/ASDfR_3/install/xrf2_msgs/include/xrf2_msgs/xrf2_msgs/msg\n'}
[3.637257] (xrf2_msgs) StdoutLine: {'line': b'-- Up-to-date: /home/asdfr-30/ASDfR_3/install/xrf2_msgs/include/xrf2_msgs/xrf2_msgs/msg/xeno2_ros.hpp\n'}
[3.638595] (xrf2_msgs) StdoutLine: {'line': b'-- Up-to-date: /home/asdfr-30/ASDfR_3/install/xrf2_msgs/include/xrf2_msgs/xrf2_msgs/msg/detail\n'}
[3.639829] (-) TimerEvent: {}
[3.650075] (xrf2_msgs) StdoutLine: {'line': b'-- Up-to-date: /home/asdfr-30/ASDfR_3/install/xrf2_msgs/include/xrf2_msgs/xrf2_msgs/msg/detail/xeno2_ros__type_support.hpp\n'}
[3.651816] (xrf2_msgs) StdoutLine: {'line': b'-- Up-to-date: /home/asdfr-30/ASDfR_3/install/xrf2_msgs/include/xrf2_msgs/xrf2_msgs/msg/detail/ros2_xeno__struct.hpp\n'}
[3.653194] (xrf2_msgs) StdoutLine: {'line': b'-- Up-to-date: /home/asdfr-30/ASDfR_3/install/xrf2_msgs/include/xrf2_msgs/xrf2_msgs/msg/detail/ros2_xeno__builder.hpp\n'}
[3.654897] (xrf2_msgs) StdoutLine: {'line': b'-- Up-to-date: /home/asdfr-30/ASDfR_3/install/xrf2_msgs/include/xrf2_msgs/xrf2_msgs/msg/detail/ros2_xeno__type_support.hpp\n'}
[3.656298] (xrf2_msgs) StdoutLine: {'line': b'-- Up-to-date: /home/asdfr-30/ASDfR_3/install/xrf2_msgs/include/xrf2_msgs/xrf2_msgs/msg/detail/xeno2_ros__builder.hpp\n'}
[3.657605] (xrf2_msgs) StdoutLine: {'line': b'-- Up-to-date: /home/asdfr-30/ASDfR_3/install/xrf2_msgs/include/xrf2_msgs/xrf2_msgs/msg/detail/xeno2_ros__traits.hpp\n'}
[3.667342] (xrf2_msgs) StdoutLine: {'line': b'-- Up-to-date: /home/asdfr-30/ASDfR_3/install/xrf2_msgs/include/xrf2_msgs/xrf2_msgs/msg/detail/xeno2_ros__struct.hpp\n'}
[3.668851] (xrf2_msgs) StdoutLine: {'line': b'-- Up-to-date: /home/asdfr-30/ASDfR_3/install/xrf2_msgs/include/xrf2_msgs/xrf2_msgs/msg/detail/ros2_xeno__traits.hpp\n'}
[3.670533] (xrf2_msgs) StdoutLine: {'line': b'-- Up-to-date: /home/asdfr-30/ASDfR_3/install/xrf2_msgs/include/xrf2_msgs/xrf2_msgs/msg/ros2_xeno.hpp\n'}
[3.674244] (xrf2_msgs) StdoutLine: {'line': b'-- Up-to-date: /home/asdfr-30/ASDfR_3/install/xrf2_msgs/include/xrf2_msgs/xrf2_msgs/msg/rosidl_generator_cpp__visibility_control.hpp\n'}
[3.675494] (xrf2_msgs) StdoutLine: {'line': b'-- Up-to-date: /home/asdfr-30/ASDfR_3/install/xrf2_msgs/include/xrf2_msgs/xrf2_msgs\n'}
[3.676712] (xrf2_msgs) StdoutLine: {'line': b'-- Up-to-date: /home/asdfr-30/ASDfR_3/install/xrf2_msgs/include/xrf2_msgs/xrf2_msgs/msg\n'}
[3.686188] (xrf2_msgs) StdoutLine: {'line': b'-- Up-to-date: /home/asdfr-30/ASDfR_3/install/xrf2_msgs/include/xrf2_msgs/xrf2_msgs/msg/rosidl_typesupport_fastrtps_cpp__visibility_control.h\n'}
[3.687777] (xrf2_msgs) StdoutLine: {'line': b'-- Up-to-date: /home/asdfr-30/ASDfR_3/install/xrf2_msgs/include/xrf2_msgs/xrf2_msgs/msg/detail\n'}
[3.689382] (xrf2_msgs) StdoutLine: {'line': b'-- Up-to-date: /home/asdfr-30/ASDfR_3/install/xrf2_msgs/include/xrf2_msgs/xrf2_msgs/msg/detail/dds_fastrtps\n'}
[3.690740] (xrf2_msgs) StdoutLine: {'line': b'-- Up-to-date: /home/asdfr-30/ASDfR_3/install/xrf2_msgs/include/xrf2_msgs/xrf2_msgs/msg/detail/xeno2_ros__rosidl_typesupport_fastrtps_cpp.hpp\n'}
[3.692022] (xrf2_msgs) StdoutLine: {'line': b'-- Up-to-date: /home/asdfr-30/ASDfR_3/install/xrf2_msgs/include/xrf2_msgs/xrf2_msgs/msg/detail/ros2_xeno__rosidl_typesupport_fastrtps_cpp.hpp\n'}
[3.693374] (xrf2_msgs) StdoutLine: {'line': b'-- Up-to-date: /home/asdfr-30/ASDfR_3/install/xrf2_msgs/lib/libxrf2_msgs__rosidl_typesupport_fastrtps_cpp.so\n'}
[3.703074] (xrf2_msgs) StdoutLine: {'line': b'-- Up-to-date: /home/asdfr-30/ASDfR_3/install/xrf2_msgs/include/xrf2_msgs/xrf2_msgs\n'}
[3.704409] (xrf2_msgs) StdoutLine: {'line': b'-- Up-to-date: /home/asdfr-30/ASDfR_3/install/xrf2_msgs/include/xrf2_msgs/xrf2_msgs/msg\n'}
[3.705755] (xrf2_msgs) StdoutLine: {'line': b'-- Up-to-date: /home/asdfr-30/ASDfR_3/install/xrf2_msgs/include/xrf2_msgs/xrf2_msgs/msg/detail\n'}
[3.707175] (xrf2_msgs) StdoutLine: {'line': b'-- Up-to-date: /home/asdfr-30/ASDfR_3/install/xrf2_msgs/include/xrf2_msgs/xrf2_msgs/msg/detail/xeno2_ros__type_support.cpp\n'}
[3.708562] (xrf2_msgs) StdoutLine: {'line': b'-- Up-to-date: /home/asdfr-30/ASDfR_3/install/xrf2_msgs/include/xrf2_msgs/xrf2_msgs/msg/detail/xeno2_ros__rosidl_typesupport_introspection_cpp.hpp\n'}
[3.709949] (xrf2_msgs) StdoutLine: {'line': b'-- Up-to-date: /home/asdfr-30/ASDfR_3/install/xrf2_msgs/include/xrf2_msgs/xrf2_msgs/msg/detail/ros2_xeno__rosidl_typesupport_introspection_cpp.hpp\n'}
[3.711319] (xrf2_msgs) StdoutLine: {'line': b'-- Up-to-date: /home/asdfr-30/ASDfR_3/install/xrf2_msgs/include/xrf2_msgs/xrf2_msgs/msg/detail/ros2_xeno__type_support.cpp\n'}
[3.712580] (xrf2_msgs) StdoutLine: {'line': b'-- Up-to-date: /home/asdfr-30/ASDfR_3/install/xrf2_msgs/lib/libxrf2_msgs__rosidl_typesupport_introspection_cpp.so\n'}
[3.725074] (xrf2_msgs) StdoutLine: {'line': b'-- Up-to-date: /home/asdfr-30/ASDfR_3/install/xrf2_msgs/lib/libxrf2_msgs__rosidl_typesupport_cpp.so\n'}
[3.727544] (xrf2_msgs) StdoutLine: {'line': b'-- Up-to-date: /home/asdfr-30/ASDfR_3/install/xrf2_msgs/share/xrf2_msgs/environment/pythonpath.sh\n'}
[3.738289] (xrf2_msgs) StdoutLine: {'line': b'-- Up-to-date: /home/asdfr-30/ASDfR_3/install/xrf2_msgs/share/xrf2_msgs/environment/pythonpath.dsv\n'}
[3.740442] (-) TimerEvent: {}
[3.742965] (xrf2_msgs) StdoutLine: {'line': b'-- Up-to-date: /home/asdfr-30/ASDfR_3/install/xrf2_msgs/local/lib/python3.10/dist-packages/xrf2_msgs-0.0.0-py3.10.egg-info\n'}
[3.744956] (xrf2_msgs) StdoutLine: {'line': b'-- Installing: /home/asdfr-30/ASDfR_3/install/xrf2_msgs/local/lib/python3.10/dist-packages/xrf2_msgs-0.0.0-py3.10.egg-info/top_level.txt\n'}
[3.746862] (xrf2_msgs) StdoutLine: {'line': b'-- Installing: /home/asdfr-30/ASDfR_3/install/xrf2_msgs/local/lib/python3.10/dist-packages/xrf2_msgs-0.0.0-py3.10.egg-info/SOURCES.txt\n'}
[3.763356] (xrf2_msgs) StdoutLine: {'line': b'-- Installing: /home/asdfr-30/ASDfR_3/install/xrf2_msgs/local/lib/python3.10/dist-packages/xrf2_msgs-0.0.0-py3.10.egg-info/PKG-INFO\n'}
[3.765004] (xrf2_msgs) StdoutLine: {'line': b'-- Installing: /home/asdfr-30/ASDfR_3/install/xrf2_msgs/local/lib/python3.10/dist-packages/xrf2_msgs-0.0.0-py3.10.egg-info/dependency_links.txt\n'}
[3.766745] (xrf2_msgs) StdoutLine: {'line': b'-- Up-to-date: /home/asdfr-30/ASDfR_3/install/xrf2_msgs/local/lib/python3.10/dist-packages/xrf2_msgs\n'}
[3.768408] (xrf2_msgs) StdoutLine: {'line': b'-- Up-to-date: /home/asdfr-30/ASDfR_3/install/xrf2_msgs/local/lib/python3.10/dist-packages/xrf2_msgs/xrf2_msgs_s__rosidl_typesupport_introspection_c.cpython-310-aarch64-linux-gnu.so\n'}
[3.771961] (xrf2_msgs) StdoutLine: {'line': b'-- Up-to-date: /home/asdfr-30/ASDfR_3/install/xrf2_msgs/local/lib/python3.10/dist-packages/xrf2_msgs/_xrf2_msgs_s.ep.rosidl_typesupport_c.c\n'}
[3.775143] (xrf2_msgs) StdoutLine: {'line': b'-- Up-to-date: /home/asdfr-30/ASDfR_3/install/xrf2_msgs/local/lib/python3.10/dist-packages/xrf2_msgs/_xrf2_msgs_s.ep.rosidl_typesupport_introspection_c.c\n'}
[3.786767] (xrf2_msgs) StdoutLine: {'line': b'-- Up-to-date: /home/asdfr-30/ASDfR_3/install/xrf2_msgs/local/lib/python3.10/dist-packages/xrf2_msgs/_xrf2_msgs_s.ep.rosidl_typesupport_fastrtps_c.c\n'}
[3.798064] (xrf2_msgs) StdoutLine: {'line': b'-- Up-to-date: /home/asdfr-30/ASDfR_3/install/xrf2_msgs/local/lib/python3.10/dist-packages/xrf2_msgs/xrf2_msgs_s__rosidl_typesupport_fastrtps_c.cpython-310-aarch64-linux-gnu.so\n'}
[3.803949] (xrf2_msgs) StdoutLine: {'line': b'-- Up-to-date: /home/asdfr-30/ASDfR_3/install/xrf2_msgs/local/lib/python3.10/dist-packages/xrf2_msgs/msg\n'}
[3.807080] (xrf2_msgs) StdoutLine: {'line': b'-- Up-to-date: /home/asdfr-30/ASDfR_3/install/xrf2_msgs/local/lib/python3.10/dist-packages/xrf2_msgs/msg/_xeno2_ros_s.c\n'}
[3.810213] (xrf2_msgs) StdoutLine: {'line': b'-- Up-to-date: /home/asdfr-30/ASDfR_3/install/xrf2_msgs/local/lib/python3.10/dist-packages/xrf2_msgs/msg/_ros2_xeno.py\n'}
[3.813542] (xrf2_msgs) StdoutLine: {'line': b'-- Up-to-date: /home/asdfr-30/ASDfR_3/install/xrf2_msgs/local/lib/python3.10/dist-packages/xrf2_msgs/msg/__init__.py\n'}
[3.816731] (xrf2_msgs) StdoutLine: {'line': b'-- Up-to-date: /home/asdfr-30/ASDfR_3/install/xrf2_msgs/local/lib/python3.10/dist-packages/xrf2_msgs/msg/_ros2_xeno_s.c\n'}
[3.819528] (xrf2_msgs) StdoutLine: {'line': b'-- Up-to-date: /home/asdfr-30/ASDfR_3/install/xrf2_msgs/local/lib/python3.10/dist-packages/xrf2_msgs/msg/_xeno2_ros.py\n'}
[3.824148] (xrf2_msgs) StdoutLine: {'line': b'-- Up-to-date: /home/asdfr-30/ASDfR_3/install/xrf2_msgs/local/lib/python3.10/dist-packages/xrf2_msgs/libxrf2_msgs__rosidl_generator_py.so\n'}
[3.826830] (xrf2_msgs) StdoutLine: {'line': b'-- Up-to-date: /home/asdfr-30/ASDfR_3/install/xrf2_msgs/local/lib/python3.10/dist-packages/xrf2_msgs/xrf2_msgs_s__rosidl_typesupport_c.cpython-310-aarch64-linux-gnu.so\n'}
[3.830185] (xrf2_msgs) StdoutLine: {'line': b'-- Up-to-date: /home/asdfr-30/ASDfR_3/install/xrf2_msgs/local/lib/python3.10/dist-packages/xrf2_msgs/__init__.py\n'}
[3.832122] (xrf2_msgs) StdoutLine: {'line': b"Listing '/home/asdfr-30/ASDfR_3/install/xrf2_msgs/local/lib/python3.10/dist-packages/xrf2_msgs'...\n"}
[3.834171] (xrf2_msgs) StdoutLine: {'line': b"Listing '/home/asdfr-30/ASDfR_3/install/xrf2_msgs/local/lib/python3.10/dist-packages/xrf2_msgs/msg'...\n"}
[3.835575] (xrf2_msgs) StdoutLine: {'line': b'-- Up-to-date: /home/asdfr-30/ASDfR_3/install/xrf2_msgs/local/lib/python3.10/dist-packages/xrf2_msgs/xrf2_msgs_s__rosidl_typesupport_fastrtps_c.cpython-310-aarch64-linux-gnu.so\n'}
[3.850287] (-) TimerEvent: {}
[3.851674] (xrf2_msgs) StdoutLine: {'line': b'-- Up-to-date: /home/asdfr-30/ASDfR_3/install/xrf2_msgs/local/lib/python3.10/dist-packages/xrf2_msgs/xrf2_msgs_s__rosidl_typesupport_introspection_c.cpython-310-aarch64-linux-gnu.so\n'}
[3.854511] (xrf2_msgs) StdoutLine: {'line': b'-- Up-to-date: /home/asdfr-30/ASDfR_3/install/xrf2_msgs/local/lib/python3.10/dist-packages/xrf2_msgs/xrf2_msgs_s__rosidl_typesupport_c.cpython-310-aarch64-linux-gnu.so\n'}
[3.862250] (xrf2_msgs) StdoutLine: {'line': b'-- Up-to-date: /home/asdfr-30/ASDfR_3/install/xrf2_msgs/lib/libxrf2_msgs__rosidl_generator_py.so\n'}
[3.864077] (xrf2_msgs) StdoutLine: {'line': b'-- Up-to-date: /home/asdfr-30/ASDfR_3/install/xrf2_msgs/share/xrf2_msgs/msg/Ros2Xeno.idl\n'}
[3.878941] (xrf2_msgs) StdoutLine: {'line': b'-- Up-to-date: /home/asdfr-30/ASDfR_3/install/xrf2_msgs/share/xrf2_msgs/msg/Xeno2Ros.idl\n'}
[3.890703] (xrf2_msgs) StdoutLine: {'line': b'-- Up-to-date: /home/asdfr-30/ASDfR_3/install/xrf2_msgs/share/xrf2_msgs/msg/Ros2Xeno.msg\n'}
[3.903330] (xrf2_msgs) StdoutLine: {'line': b'-- Up-to-date: /home/asdfr-30/ASDfR_3/install/xrf2_msgs/share/xrf2_msgs/msg/Xeno2Ros.msg\n'}
[3.906918] (xrf2_msgs) StdoutLine: {'line': b'-- Up-to-date: /home/asdfr-30/ASDfR_3/install/xrf2_msgs/share/ament_index/resource_index/package_run_dependencies/xrf2_msgs\n'}
[3.911289] (xrf2_msgs) StdoutLine: {'line': b'-- Up-to-date: /home/asdfr-30/ASDfR_3/install/xrf2_msgs/share/ament_index/resource_index/parent_prefix_path/xrf2_msgs\n'}
[3.916903] (xrf2_msgs) StdoutLine: {'line': b'-- Up-to-date: /home/asdfr-30/ASDfR_3/install/xrf2_msgs/share/xrf2_msgs/environment/ament_prefix_path.sh\n'}
[3.918394] (xrf2_msgs) StdoutLine: {'line': b'-- Up-to-date: /home/asdfr-30/ASDfR_3/install/xrf2_msgs/share/xrf2_msgs/environment/ament_prefix_path.dsv\n'}
[3.919763] (xrf2_msgs) StdoutLine: {'line': b'-- Up-to-date: /home/asdfr-30/ASDfR_3/install/xrf2_msgs/share/xrf2_msgs/environment/path.sh\n'}
[3.921090] (xrf2_msgs) StdoutLine: {'line': b'-- Up-to-date: /home/asdfr-30/ASDfR_3/install/xrf2_msgs/share/xrf2_msgs/environment/path.dsv\n'}
[3.934564] (xrf2_msgs) StdoutLine: {'line': b'-- Up-to-date: /home/asdfr-30/ASDfR_3/install/xrf2_msgs/share/xrf2_msgs/local_setup.bash\n'}
[3.938255] (xrf2_msgs) StdoutLine: {'line': b'-- Up-to-date: /home/asdfr-30/ASDfR_3/install/xrf2_msgs/share/xrf2_msgs/local_setup.sh\n'}
[3.939611] (xrf2_msgs) StdoutLine: {'line': b'-- Up-to-date: /home/asdfr-30/ASDfR_3/install/xrf2_msgs/share/xrf2_msgs/local_setup.zsh\n'}
[3.940948] (xrf2_msgs) StdoutLine: {'line': b'-- Up-to-date: /home/asdfr-30/ASDfR_3/install/xrf2_msgs/share/xrf2_msgs/local_setup.dsv\n'}
[3.961599] (-) TimerEvent: {}
[3.963748] (xrf2_msgs) StdoutLine: {'line': b'-- Installing: /home/asdfr-30/ASDfR_3/install/xrf2_msgs/share/xrf2_msgs/package.dsv\n'}
[3.965100] (xrf2_msgs) StdoutLine: {'line': b'-- Up-to-date: /home/asdfr-30/ASDfR_3/install/xrf2_msgs/share/ament_index/resource_index/packages/xrf2_msgs\n'}
[3.966327] (xrf2_msgs) StdoutLine: {'line': b'-- Up-to-date: /home/asdfr-30/ASDfR_3/install/xrf2_msgs/share/xrf2_msgs/cmake/export_xrf2_msgs__rosidl_generator_cExport.cmake\n'}
[3.967470] (xrf2_msgs) StdoutLine: {'line': b'-- Up-to-date: /home/asdfr-30/ASDfR_3/install/xrf2_msgs/share/xrf2_msgs/cmake/export_xrf2_msgs__rosidl_generator_cExport-noconfig.cmake\n'}
[3.975252] (xrf2_msgs) StdoutLine: {'line': b'-- Up-to-date: /home/asdfr-30/ASDfR_3/install/xrf2_msgs/share/xrf2_msgs/cmake/export_xrf2_msgs__rosidl_typesupport_fastrtps_cExport.cmake\n'}
[3.983667] (xrf2_msgs) StdoutLine: {'line': b'-- Up-to-date: /home/asdfr-30/ASDfR_3/install/xrf2_msgs/share/xrf2_msgs/cmake/export_xrf2_msgs__rosidl_typesupport_fastrtps_cExport-noconfig.cmake\n'}
[3.985421] (xrf2_msgs) StdoutLine: {'line': b'-- Up-to-date: /home/asdfr-30/ASDfR_3/install/xrf2_msgs/share/xrf2_msgs/cmake/xrf2_msgs__rosidl_typesupport_introspection_cExport.cmake\n'}
[3.999733] (xrf2_msgs) StdoutLine: {'line': b'-- Up-to-date: /home/asdfr-30/ASDfR_3/install/xrf2_msgs/share/xrf2_msgs/cmake/xrf2_msgs__rosidl_typesupport_introspection_cExport-noconfig.cmake\n'}
[4.010007] (xrf2_msgs) StdoutLine: {'line': b'-- Up-to-date: /home/asdfr-30/ASDfR_3/install/xrf2_msgs/share/xrf2_msgs/cmake/xrf2_msgs__rosidl_typesupport_cExport.cmake\n'}
[4.014205] (xrf2_msgs) StdoutLine: {'line': b'-- Up-to-date: /home/asdfr-30/ASDfR_3/install/xrf2_msgs/share/xrf2_msgs/cmake/xrf2_msgs__rosidl_typesupport_cExport-noconfig.cmake\n'}
[4.018478] (xrf2_msgs) StdoutLine: {'line': b'-- Up-to-date: /home/asdfr-30/ASDfR_3/install/xrf2_msgs/share/xrf2_msgs/cmake/export_xrf2_msgs__rosidl_generator_cppExport.cmake\n'}
[4.023226] (xrf2_msgs) StdoutLine: {'line': b'-- Up-to-date: /home/asdfr-30/ASDfR_3/install/xrf2_msgs/share/xrf2_msgs/cmake/export_xrf2_msgs__rosidl_typesupport_fastrtps_cppExport.cmake\n'}
[4.025195] (xrf2_msgs) StdoutLine: {'line': b'-- Up-to-date: /home/asdfr-30/ASDfR_3/install/xrf2_msgs/share/xrf2_msgs/cmake/export_xrf2_msgs__rosidl_typesupport_fastrtps_cppExport-noconfig.cmake\n'}
[4.027807] (xrf2_msgs) StdoutLine: {'line': b'-- Up-to-date: /home/asdfr-30/ASDfR_3/install/xrf2_msgs/share/xrf2_msgs/cmake/xrf2_msgs__rosidl_typesupport_introspection_cppExport.cmake\n'}
[4.030525] (xrf2_msgs) StdoutLine: {'line': b'-- Up-to-date: /home/asdfr-30/ASDfR_3/install/xrf2_msgs/share/xrf2_msgs/cmake/xrf2_msgs__rosidl_typesupport_introspection_cppExport-noconfig.cmake\n'}
[4.034683] (xrf2_msgs) StdoutLine: {'line': b'-- Up-to-date: /home/asdfr-30/ASDfR_3/install/xrf2_msgs/share/xrf2_msgs/cmake/xrf2_msgs__rosidl_typesupport_cppExport.cmake\n'}
[4.037224] (xrf2_msgs) StdoutLine: {'line': b'-- Up-to-date: /home/asdfr-30/ASDfR_3/install/xrf2_msgs/share/xrf2_msgs/cmake/xrf2_msgs__rosidl_typesupport_cppExport-noconfig.cmake\n'}
[4.038552] (xrf2_msgs) StdoutLine: {'line': b'-- Up-to-date: /home/asdfr-30/ASDfR_3/install/xrf2_msgs/share/xrf2_msgs/cmake/export_xrf2_msgs__rosidl_generator_pyExport.cmake\n'}
[4.040296] (xrf2_msgs) StdoutLine: {'line': b'-- Up-to-date: /home/asdfr-30/ASDfR_3/install/xrf2_msgs/share/xrf2_msgs/cmake/export_xrf2_msgs__rosidl_generator_pyExport-noconfig.cmake\n'}
[4.043312] (xrf2_msgs) StdoutLine: {'line': b'-- Up-to-date: /home/asdfr-30/ASDfR_3/install/xrf2_msgs/share/xrf2_msgs/cmake/rosidl_cmake-extras.cmake\n'}
[4.047870] (xrf2_msgs) StdoutLine: {'line': b'-- Up-to-date: /home/asdfr-30/ASDfR_3/install/xrf2_msgs/share/xrf2_msgs/cmake/ament_cmake_export_include_directories-extras.cmake\n'}
[4.049550] (xrf2_msgs) StdoutLine: {'line': b'-- Up-to-date: /home/asdfr-30/ASDfR_3/install/xrf2_msgs/share/xrf2_msgs/cmake/ament_cmake_export_libraries-extras.cmake\n'}
[4.053230] (xrf2_msgs) StdoutLine: {'line': b'-- Up-to-date: /home/asdfr-30/ASDfR_3/install/xrf2_msgs/share/xrf2_msgs/cmake/ament_cmake_export_targets-extras.cmake\n'}
[4.056955] (xrf2_msgs) StdoutLine: {'line': b'-- Up-to-date: /home/asdfr-30/ASDfR_3/install/xrf2_msgs/share/xrf2_msgs/cmake/rosidl_cmake_export_typesupport_targets-extras.cmake\n'}
[4.060663] (xrf2_msgs) StdoutLine: {'line': b'-- Up-to-date: /home/asdfr-30/ASDfR_3/install/xrf2_msgs/share/xrf2_msgs/cmake/ament_cmake_export_dependencies-extras.cmake\n'}
[4.061957] (-) TimerEvent: {}
[4.062762] (xrf2_msgs) StdoutLine: {'line': b'-- Up-to-date: /home/asdfr-30/ASDfR_3/install/xrf2_msgs/share/xrf2_msgs/cmake/rosidl_cmake_export_typesupport_libraries-extras.cmake\n'}
[4.071277] (xrf2_msgs) StdoutLine: {'line': b'-- Up-to-date: /home/asdfr-30/ASDfR_3/install/xrf2_msgs/share/xrf2_msgs/cmake/xrf2_msgsConfig.cmake\n'}
[4.087736] (xrf2_msgs) StdoutLine: {'line': b'-- Up-to-date: /home/asdfr-30/ASDfR_3/install/xrf2_msgs/share/xrf2_msgs/cmake/xrf2_msgsConfig-version.cmake\n'}
[4.104446] (xrf2_msgs) StdoutLine: {'line': b'-- Up-to-date: /home/asdfr-30/ASDfR_3/install/xrf2_msgs/share/xrf2_msgs/package.xml\n'}
[4.107042] (xrf2_msgs) CommandEnded: {'returncode': 0}
[4.111250] (ball_tracker) StdoutLine: {'line': b'-- Configuring done\n'}
[4.114206] (ball_tracker) StdoutLine: {'line': b'-- Generating done\n'}
[4.117030] (cam2image_vm2ros) StdoutLine: {'line': b'-- Configuring done\n'}
[4.119310] (ball_tracker) StdoutLine: {'line': b'-- Build files have been written to: /home/asdfr-30/ASDfR_3/build/ball_tracker\n'}
[4.122093] (ball_tracker) StdoutLine: {'line': b'\x1b[35m\x1b[1mConsolidate compiler generated dependencies of target ball_tracker\x1b[0m\n'}
[4.125577] (cam2image_vm2ros) StdoutLine: {'line': b'-- Generating done\n'}
[4.136465] (cam2image_vm2ros) StdoutLine: {'line': b'-- Build files have been written to: /home/asdfr-30/ASDfR_3/build/cam2image_vm2ros\n'}
[4.158739] (xrf2_msgs) JobEnded: {'identifier': 'xrf2_msgs', 'rc': 0}
[4.163522] (-) TimerEvent: {}
[4.166961] (relbot_simulator) JobStarted: {'identifier': 'relbot_simulator'}
[4.199429] (relbot_simulator) JobProgress: {'identifier': 'relbot_simulator', 'progress': 'cmake'}
[4.203244] (relbot_simulator) JobProgress: {'identifier': 'relbot_simulator', 'progress': 'build'}
[4.204932] (relbot_simulator) Command: {'cmd': ['/usr/bin/cmake', '--build', '/home/asdfr-30/ASDfR_3/build/relbot_simulator', '--', '-j3', '-l3'], 'cwd': '/home/asdfr-30/ASDfR_3/build/relbot_simulator', 'env': OrderedDict([('LESSOPEN', '| /usr/bin/lesspipe %s'), ('USER', 'asdfr-30'), ('SSH_CLIENT', '10.0.100.232 3317 22'), ('XDG_SESSION_TYPE', 'tty'), ('GIT_ASKPASS', '/home/asdfr-30/.vscode-server/cli/servers/Stable-4949701c880d4bdb949e3c0e6b400288da7f474b/server/extensions/git/dist/askpass.sh'), ('SHLVL', '1'), ('LD_LIBRARY_PATH', '/home/asdfr-30/ASDfR_3/install/xrf2_msgs/lib:/home/asdfr-30/ASDfR_3/install/cam2image_vm2ros/lib:/opt/ros/humble/opt/rviz_ogre_vendor/lib:/opt/ros/humble/lib/aarch64-linux-gnu:/opt/ros/humble/lib'), ('BROWSER', '/home/asdfr-30/.vscode-server/cli/servers/Stable-4949701c880d4bdb949e3c0e6b400288da7f474b/server/bin/helpers/browser.sh'), ('MOTD_SHOWN', 'pam'), ('HOME', '/home/asdfr-30'), ('OLDPWD', '/home/asdfr-30/.vscode-server'), ('TERM_PROGRAM_VERSION', '1.99.2'), ('VSCODE_IPC_HOOK_CLI', '/run/user/1030/vscode-ipc-34bd0855-1d55-4cbf-af3f-d14f0fcfffd2.sock'), ('ROS_PYTHON_VERSION', '3'), ('VSCODE_GIT_ASKPASS_MAIN', '/home/asdfr-30/.vscode-server/cli/servers/Stable-4949701c880d4bdb949e3c0e6b400288da7f474b/server/extensions/git/dist/askpass-main.js'), ('VSCODE_GIT_ASKPASS_NODE', '/home/asdfr-30/.vscode-server/cli/servers/Stable-4949701c880d4bdb949e3c0e6b400288da7f474b/server/node'), ('SSL_CERT_FILE', '/usr/lib/ssl/certs/ca-certificates.crt'), ('DBUS_SESSION_BUS_ADDRESS', 'unix:path=/run/user/1030/bus'), ('COLORTERM', 'truecolor'), ('COLCON_PREFIX_PATH', '/home/asdfr-30/ASDfR_3/install'), ('ROS_DISTRO', 'humble'), ('LOGNAME', 'asdfr-30'), ('_', '/usr/bin/colcon'), ('ROS_VERSION', '2'), ('XDG_SESSION_CLASS', 'user'), ('TERM', 'xterm-256color'), ('XDG_SESSION_ID', '4'), ('ROS_LOCALHOST_ONLY', '1'), ('PATH', '/home/asdfr-30/.vscode-server/cli/servers/Stable-4949701c880d4bdb949e3c0e6b400288da7f474b/server/bin/remote-cli:/opt/ros/humble/bin:/usr/local/sbin:/usr/local/bin:/usr/sbin:/usr/bin:/sbin:/bin:/usr/games:/usr/local/games:/snap/bin:/usr/evl/bin:/opt/relbot-software/bin:/usr/evl/bin:/opt/relbot-software/bin'), ('XDG_RUNTIME_DIR', '/run/user/1030'), ('SSL_CERT_DIR', '/usr/lib/ssl/certs'), ('LANG', 'C.UTF-8'), ('LS_COLORS', 'rs=0:di=01;34:ln=01;36:mh=00:pi=40;33:so=01;35:do=01;35:bd=40;33;01:cd=40;33;01:or=40;31;01:mi=00:su=37;41:sg=30;43:ca=30;41:tw=30;42:ow=34;42:st=37;44:ex=01;32:*.tar=01;31:*.tgz=01;31:*.arc=01;31:*.arj=01;31:*.taz=01;31:*.lha=01;31:*.lz4=01;31:*.lzh=01;31:*.lzma=01;31:*.tlz=01;31:*.txz=01;31:*.tzo=01;31:*.t7z=01;31:*.zip=01;31:*.z=01;31:*.dz=01;31:*.gz=01;31:*.lrz=01;31:*.lz=01;31:*.lzo=01;31:*.xz=01;31:*.zst=01;31:*.tzst=01;31:*.bz2=01;31:*.bz=01;31:*.tbz=01;31:*.tbz2=01;31:*.tz=01;31:*.deb=01;31:*.rpm=01;31:*.jar=01;31:*.war=01;31:*.ear=01;31:*.sar=01;31:*.rar=01;31:*.alz=01;31:*.ace=01;31:*.zoo=01;31:*.cpio=01;31:*.7z=01;31:*.rz=01;31:*.cab=01;31:*.wim=01;31:*.swm=01;31:*.dwm=01;31:*.esd=01;31:*.jpg=01;35:*.jpeg=01;35:*.mjpg=01;35:*.mjpeg=01;35:*.gif=01;35:*.bmp=01;35:*.pbm=01;35:*.pgm=01;35:*.ppm=01;35:*.tga=01;35:*.xbm=01;35:*.xpm=01;35:*.tif=01;35:*.tiff=01;35:*.png=01;35:*.svg=01;35:*.svgz=01;35:*.mng=01;35:*.pcx=01;35:*.mov=01;35:*.mpg=01;35:*.mpeg=01;35:*.m2v=01;35:*.mkv=01;35:*.webm=01;35:*.webp=01;35:*.ogm=01;35:*.mp4=01;35:*.m4v=01;35:*.mp4v=01;35:*.vob=01;35:*.qt=01;35:*.nuv=01;35:*.wmv=01;35:*.asf=01;35:*.rm=01;35:*.rmvb=01;35:*.flc=01;35:*.avi=01;35:*.fli=01;35:*.flv=01;35:*.gl=01;35:*.dl=01;35:*.xcf=01;35:*.xwd=01;35:*.yuv=01;35:*.cgm=01;35:*.emf=01;35:*.ogv=01;35:*.ogx=01;35:*.aac=00;36:*.au=00;36:*.flac=00;36:*.m4a=00;36:*.mid=00;36:*.midi=00;36:*.mka=00;36:*.mp3=00;36:*.mpc=00;36:*.ogg=00;36:*.ra=00;36:*.wav=00;36:*.oga=00;36:*.opus=00;36:*.spx=00;36:*.xspf=00;36:'), ('VSCODE_GIT_IPC_HANDLE', '/run/user/1030/vscode-git-f2a4e88bd3.sock'), ('TERM_PROGRAM', 'vscode'), ('AMENT_PREFIX_PATH', '/home/asdfr-30/ASDfR_3/install/xrf2_msgs:/home/asdfr-30/ASDfR_3/install/cam2image_vm2ros:/home/asdfr-30/ASDfR_3/install/ball_tracker:/opt/ros/humble'), ('SHELL', '/bin/bash'), ('LESSCLOSE', '/usr/bin/lesspipe %s %s'), ('VSCODE_GIT_ASKPASS_EXTRA_ARGS', ''), ('PWD', '/home/asdfr-30/ASDfR_3/build/relbot_simulator'), ('SSH_CONNECTION', '10.0.100.232 3317 10.0.28.103 22'), ('PYTHONPATH', '/home/asdfr-30/ASDfR_3/install/xrf2_msgs/local/lib/python3.10/dist-packages:/opt/ros/humble/lib/python3.10/site-packages:/opt/ros/humble/local/lib/python3.10/dist-packages'), ('COLCON', '1'), ('CMAKE_PREFIX_PATH', '/home/asdfr-30/ASDfR_3/install/xrf2_msgs:/home/asdfr-30/ASDfR_3/install/cam2image_vm2ros:/home/asdfr-30/ASDfR_3/install/ball_tracker:/opt/ros/humble')]), 'shell': False}
[4.243814] (cam2image_vm2ros) StdoutLine: {'line': b'\x1b[35m\x1b[1mConsolidate compiler generated dependencies of target cam2image_vm2ros\x1b[0m\n'}
[4.263760] (-) TimerEvent: {}
[4.306508] (cam2image_vm2ros) StdoutLine: {'line': b'\x1b[35m\x1b[1mConsolidate compiler generated dependencies of target cam2image\x1b[0m\n'}
[4.325278] (relbot_simulator) StdoutLine: {'line': b'-- Found ament_cmake: 1.3.11 (/opt/ros/humble/share/ament_cmake/cmake)\n'}
[4.363993] (-) TimerEvent: {}
[4.465884] (-) TimerEvent: {}
[4.566842] (-) TimerEvent: {}
[4.668092] (-) TimerEvent: {}
[4.734142] (ball_tracker) StdoutLine: {'line': b'[ 50%] \x1b[32mBuilding CXX object CMakeFiles/ball_tracker.dir/src/ball_tracker.cpp.o\x1b[0m\n'}
[4.779053] (-) TimerEvent: {}
[4.882228] (-) TimerEvent: {}
[4.983692] (-) TimerEvent: {}
[5.066673] (cam2image_vm2ros) StdoutLine: {'line': b'[ 20%] \x1b[32mBuilding CXX object CMakeFiles/cam2image.dir/rclcpp_components/node_main_cam2image.cpp.o\x1b[0m\n'}
[5.081271] (relbot_simulator) StdoutLine: {'line': b'-- Found rclcpp: 16.0.11 (/opt/ros/humble/share/rclcpp/cmake)\n'}
[5.084090] (-) TimerEvent: {}
[5.185515] (-) TimerEvent: {}
[5.255546] (relbot_simulator) StdoutLine: {'line': b'-- Found rosidl_generator_c: 3.1.6 (/opt/ros/humble/share/rosidl_generator_c/cmake)\n'}
[5.276575] (relbot_simulator) StdoutLine: {'line': b'-- Found rosidl_adapter: 3.1.6 (/opt/ros/humble/share/rosidl_adapter/cmake)\n'}
[5.286012] (-) TimerEvent: {}
[5.330647] (relbot_simulator) StdoutLine: {'line': b'-- Found rosidl_generator_cpp: 3.1.6 (/opt/ros/humble/share/rosidl_generator_cpp/cmake)\n'}
[5.386258] (-) TimerEvent: {}
[5.445932] (relbot_simulator) StdoutLine: {'line': b'-- Using all available rosidl_typesupport_c: rosidl_typesupport_fastrtps_c;rosidl_typesupport_introspection_c\n'}
[5.486575] (-) TimerEvent: {}
[5.506917] (relbot_simulator) StdoutLine: {'line': b'-- Using all available rosidl_typesupport_cpp: rosidl_typesupport_fastrtps_cpp;rosidl_typesupport_introspection_cpp\n'}
[5.593883] (-) TimerEvent: {}
[5.698466] (-) TimerEvent: {}
[5.772167] (relbot_simulator) StdoutLine: {'line': b'-- Found rmw_implementation_cmake: 6.1.2 (/opt/ros/humble/share/rmw_implementation_cmake/cmake)\n'}
[5.790620] (relbot_simulator) StdoutLine: {'line': b'-- Found rmw_fastrtps_cpp: 6.2.7 (/opt/ros/humble/share/rmw_fastrtps_cpp/cmake)\n'}
[5.798653] (-) TimerEvent: {}
[5.900159] (-) TimerEvent: {}
[6.003856] (-) TimerEvent: {}
[6.105312] (-) TimerEvent: {}
[6.206946] (-) TimerEvent: {}
[6.308401] (-) TimerEvent: {}
[6.394336] (relbot_simulator) StdoutLine: {'line': b"-- Using RMW implementation 'rmw_fastrtps_cpp' as default\n"}
[6.408609] (-) TimerEvent: {}
[6.510705] (-) TimerEvent: {}
[6.542814] (cam2image_vm2ros) StdoutLine: {'line': b'[ 40%] \x1b[32mBuilding CXX object CMakeFiles/cam2image_vm2ros.dir/src/remote_capture.cpp.o\x1b[0m\n'}
[6.571165] (cam2image_vm2ros) StdoutLine: {'line': b'[ 60%] \x1b[32mBuilding CXX object CMakeFiles/cam2image_vm2ros.dir/src/cam2image.cpp.o\x1b[0m\n'}
[6.611795] (-) TimerEvent: {}
[6.716313] (-) TimerEvent: {}
[6.758474] (relbot_simulator) StdoutLine: {'line': b'-- Found example_interfaces: 0.9.3 (/opt/ros/humble/share/example_interfaces/cmake)\n'}
[6.816834] (-) TimerEvent: {}
[6.918343] (-) TimerEvent: {}
[7.019722] (-) TimerEvent: {}
[7.121161] (-) TimerEvent: {}
[7.222238] (relbot_simulator) StdoutLine: {'line': b'-- Found geometry_msgs: 4.2.4 (/opt/ros/humble/share/geometry_msgs/cmake)\n'}
[7.225911] (-) TimerEvent: {}
[7.327323] (-) TimerEvent: {}
[7.342389] (relbot_simulator) StdoutLine: {'line': b'-- Found sensor_msgs: 4.2.4 (/opt/ros/humble/share/sensor_msgs/cmake)\n'}
[7.427535] (-) TimerEvent: {}
[7.529017] (-) TimerEvent: {}
[7.545015] (relbot_simulator) StdoutLine: {'line': b'-- Found cv_bridge: 3.2.1 (/opt/ros/humble/share/cv_bridge/cmake)\n'}
[7.602179] (relbot_simulator) StdoutLine: {'line': b'-- Found ament_lint_auto: 0.12.11 (/opt/ros/humble/share/ament_lint_auto/cmake)\n'}
[7.629266] (-) TimerEvent: {}
[7.730843] (-) TimerEvent: {}
[7.833670] (-) TimerEvent: {}
[7.936010] (-) TimerEvent: {}
[8.039012] (-) TimerEvent: {}
[8.141800] (-) TimerEvent: {}
[8.244065] (-) TimerEvent: {}
[8.347350] (-) TimerEvent: {}
[8.450157] (-) TimerEvent: {}
[8.534576] (relbot_simulator) StdoutLine: {'line': b"-- Added test 'copyright' to check source files copyright and LICENSE\n"}
[8.545897] (relbot_simulator) StdoutLine: {'line': b"-- Added test 'cppcheck' to perform static code analysis on C / C++ code\n"}
[8.550409] (-) TimerEvent: {}
[8.563397] (relbot_simulator) StdoutLine: {'line': b'-- Configured cppcheck include dirs: /home/asdfr-30/ASDfR_3/src/relbot_simulator/include;/home/asdfr-30/ASDfR_3/src/relbot_simulator/common;$<BUILD_INTERFACE:/home/asdfr-30/ASDfR_3/src/relbot_simulator/include>;$<BUILD_INTERFACE:/home/asdfr-30/ASDfR_3/src/relbot_simulator/common>\n'}
[8.571565] (relbot_simulator) StdoutLine: {'line': b'-- Configured cppcheck exclude dirs and/or files: \n'}
[8.583095] (relbot_simulator) StdoutLine: {'line': b"-- Added test 'cpplint' to check C / C++ code against the Google style\n"}
[8.588195] (relbot_simulator) StdoutLine: {'line': b'-- Configured cpplint exclude dirs and/or files: \n'}
[8.597051] (relbot_simulator) StdoutLine: {'line': b"-- Added test 'flake8' to check Python code syntax and style conventions\n"}
[8.604759] (relbot_simulator) StdoutLine: {'line': b"-- Added test 'lint_cmake' to check CMake code style\n"}
[8.614132] (relbot_simulator) StdoutLine: {'line': b"-- Added test 'pep257' to check Python code against some of the docstring style conventions in PEP 257\n"}
[8.628485] (relbot_simulator) StdoutLine: {'line': b"-- Added test 'uncrustify' to check C / C++ code style\n"}
[8.634502] (relbot_simulator) StdoutLine: {'line': b'-- Configured uncrustify additional arguments: \n'}
[8.645197] (relbot_simulator) StdoutLine: {'line': b"-- Added test 'xmllint' to check XML markup files\n"}
[8.650693] (-) TimerEvent: {}
[8.679147] (relbot_simulator) StdoutLine: {'line': b'-- Configuring done\n'}
[8.750912] (-) TimerEvent: {}
[8.813641] (relbot_simulator) StdoutLine: {'line': b'-- Generating done\n'}
[8.851190] (-) TimerEvent: {}
[8.934769] (relbot_simulator) StdoutLine: {'line': b'-- Build files have been written to: /home/asdfr-30/ASDfR_3/build/relbot_simulator\n'}
[8.951429] (-) TimerEvent: {}
[9.054183] (-) TimerEvent: {}
[9.157008] (-) TimerEvent: {}
[9.227847] (relbot_simulator) StdoutLine: {'line': b'\x1b[35m\x1b[1mConsolidate compiler generated dependencies of target relbot_simulator\x1b[0m\n'}
[9.259146] (-) TimerEvent: {}
[9.362285] (-) TimerEvent: {}
[9.466217] (-) TimerEvent: {}
[9.567191] (-) TimerEvent: {}
[9.668932] (-) TimerEvent: {}
[9.770924] (-) TimerEvent: {}
[9.872728] (-) TimerEvent: {}
[9.974854] (-) TimerEvent: {}
[10.077580] (-) TimerEvent: {}
[10.180567] (-) TimerEvent: {}
[10.283428] (-) TimerEvent: {}
[10.385486] (-) TimerEvent: {}
[10.489908] (-) TimerEvent: {}
[10.594959] (-) TimerEvent: {}
[10.697505] (-) TimerEvent: {}
[10.799596] (-) TimerEvent: {}
[10.901409] (-) TimerEvent: {}
[11.009888] (-) TimerEvent: {}
[11.110858] (-) TimerEvent: {}
[11.212065] (-) TimerEvent: {}
[11.274458] (relbot_simulator) StdoutLine: {'line': b'[ 11%] \x1b[32mBuilding CXX object CMakeFiles/relbot_simulator.dir/src/Plant.cpp.o\x1b[0m\n'}
[11.288796] (relbot_simulator) StdoutLine: {'line': b'[ 22%] \x1b[32mBuilding CXX object CMakeFiles/relbot_simulator.dir/src/relbot_simulator.cpp.o\x1b[0m\n'}
[11.312322] (-) TimerEvent: {}
[11.316788] (relbot_simulator) StdoutLine: {'line': b'[ 33%] \x1b[32mBuilding CXX object CMakeFiles/relbot_simulator.dir/common/EulerAngles.cpp.o\x1b[0m\n'}
[11.412820] (-) TimerEvent: {}
[11.515262] (-) TimerEvent: {}
[11.547726] (relbot_simulator) StdoutLine: {'line': b'[ 44%] \x1b[32mBuilding CXX object CMakeFiles/relbot_simulator.dir/common/MotionProfiles.cpp.o\x1b[0m\n'}
[11.615510] (-) TimerEvent: {}
[11.717437] (-) TimerEvent: {}
[11.819039] (-) TimerEvent: {}
[11.860284] (relbot_simulator) StdoutLine: {'line': b'[ 55%] \x1b[32mBuilding CXX object CMakeFiles/relbot_simulator.dir/common/xxfuncs.cpp.o\x1b[0m\n'}
[11.921334] (-) TimerEvent: {}
[12.024977] (-) TimerEvent: {}
[12.126473] (-) TimerEvent: {}
[12.228928] (-) TimerEvent: {}
[12.331930] (-) TimerEvent: {}
[12.436311] (-) TimerEvent: {}
[12.538774] (-) TimerEvent: {}
[12.641106] (-) TimerEvent: {}
[12.743754] (-) TimerEvent: {}
[12.846524] (-) TimerEvent: {}
[12.949101] (-) TimerEvent: {}
[13.051437] (-) TimerEvent: {}
[13.153898] (-) TimerEvent: {}
[13.256369] (-) TimerEvent: {}
[13.358814] (-) TimerEvent: {}
[13.461173] (-) TimerEvent: {}
[13.563486] (-) TimerEvent: {}
[13.665820] (-) TimerEvent: {}
[13.768264] (-) TimerEvent: {}
[13.871006] (-) TimerEvent: {}
[13.974030] (-) TimerEvent: {}
[14.076282] (-) TimerEvent: {}
[14.178614] (-) TimerEvent: {}
[14.281411] (-) TimerEvent: {}
[14.384031] (-) TimerEvent: {}
[14.485534] (-) TimerEvent: {}
[14.488937] (relbot_simulator) StdoutLine: {'line': b'[ 66%] \x1b[32mBuilding CXX object CMakeFiles/relbot_simulator.dir/common/xxinteg.cpp.o\x1b[0m\n'}
[14.585830] (-) TimerEvent: {}
[14.687338] (-) TimerEvent: {}
[14.790010] (-) TimerEvent: {}
[14.891137] (-) TimerEvent: {}
[14.992662] (-) TimerEvent: {}
[15.093912] (-) TimerEvent: {}
[15.148735] (relbot_simulator) StdoutLine: {'line': b'[ 77%] \x1b[32mBuilding CXX object CMakeFiles/relbot_simulator.dir/common/xxinverse.cpp.o\x1b[0m\n'}
[15.194122] (-) TimerEvent: {}
[15.295302] (-) TimerEvent: {}
[15.396434] (-) TimerEvent: {}
[15.498568] (-) TimerEvent: {}
[15.601913] (-) TimerEvent: {}
[15.703142] (-) TimerEvent: {}
[15.804639] (-) TimerEvent: {}
[15.905762] (-) TimerEvent: {}
[16.006903] (-) TimerEvent: {}
[16.107937] (-) TimerEvent: {}
[16.209081] (-) TimerEvent: {}
[16.310355] (-) TimerEvent: {}
[16.412337] (-) TimerEvent: {}
[16.514104] (-) TimerEvent: {}
[16.536094] (relbot_simulator) StdoutLine: {'line': b'[ 88%] \x1b[32mBuilding CXX object CMakeFiles/relbot_simulator.dir/common/xxmatrix.cpp.o\x1b[0m\n'}
[16.614347] (-) TimerEvent: {}
[16.715762] (-) TimerEvent: {}
[16.817189] (-) TimerEvent: {}
[16.918631] (-) TimerEvent: {}
[17.020213] (-) TimerEvent: {}
[17.121653] (-) TimerEvent: {}
[17.223615] (-) TimerEvent: {}
[17.325013] (-) TimerEvent: {}
[17.427459] (-) TimerEvent: {}
[17.530557] (-) TimerEvent: {}
[17.632937] (-) TimerEvent: {}
[17.735517] (-) TimerEvent: {}
[17.837890] (-) TimerEvent: {}
[17.940423] (-) TimerEvent: {}
[18.042894] (-) TimerEvent: {}
[18.145338] (-) TimerEvent: {}
[18.247668] (-) TimerEvent: {}
[18.349971] (-) TimerEvent: {}
[18.452323] (-) TimerEvent: {}
[18.555137] (-) TimerEvent: {}
[18.657759] (-) TimerEvent: {}
[18.760031] (-) TimerEvent: {}
[18.862304] (-) TimerEvent: {}
[18.964513] (-) TimerEvent: {}
[19.067089] (-) TimerEvent: {}
[19.168227] (-) TimerEvent: {}
[19.270258] (-) TimerEvent: {}
[19.372256] (-) TimerEvent: {}
[19.474529] (-) TimerEvent: {}
[19.576903] (-) TimerEvent: {}
[19.679324] (-) TimerEvent: {}
[19.781516] (-) TimerEvent: {}
[19.883799] (-) TimerEvent: {}
[19.985985] (-) TimerEvent: {}
[20.088287] (-) TimerEvent: {}
[20.190700] (-) TimerEvent: {}
[20.293092] (-) TimerEvent: {}
[20.395741] (-) TimerEvent: {}
[20.499500] (-) TimerEvent: {}
[20.602073] (-) TimerEvent: {}
[20.707980] (-) TimerEvent: {}
[20.810416] (-) TimerEvent: {}
[20.912677] (-) TimerEvent: {}
[21.014998] (-) TimerEvent: {}
[21.118240] (-) TimerEvent: {}
[21.220629] (-) TimerEvent: {}
[21.322897] (-) TimerEvent: {}
[21.426149] (-) TimerEvent: {}
[21.528330] (-) TimerEvent: {}
[21.630670] (-) TimerEvent: {}
[21.733235] (-) TimerEvent: {}
[21.836207] (-) TimerEvent: {}
[21.938557] (-) TimerEvent: {}
[22.040940] (-) TimerEvent: {}
[22.142601] (-) TimerEvent: {}
[22.244890] (-) TimerEvent: {}
[22.347229] (-) TimerEvent: {}
[22.449754] (-) TimerEvent: {}
[22.552131] (-) TimerEvent: {}
[22.654480] (-) TimerEvent: {}
[22.756892] (-) TimerEvent: {}
[22.859633] (-) TimerEvent: {}
[22.962561] (-) TimerEvent: {}
[23.064926] (-) TimerEvent: {}
[23.167239] (-) TimerEvent: {}
[23.269646] (-) TimerEvent: {}
[23.372146] (-) TimerEvent: {}
[23.474539] (-) TimerEvent: {}
[23.576921] (-) TimerEvent: {}
[23.681413] (-) TimerEvent: {}
[23.783753] (-) TimerEvent: {}
[23.887070] (-) TimerEvent: {}
[23.989414] (-) TimerEvent: {}
[24.092640] (-) TimerEvent: {}
[24.195030] (-) TimerEvent: {}
[24.296554] (-) TimerEvent: {}
[24.398200] (-) TimerEvent: {}
[24.500630] (-) TimerEvent: {}
[24.603101] (-) TimerEvent: {}
[24.704654] (-) TimerEvent: {}
[24.807618] (-) TimerEvent: {}
[24.911015] (-) TimerEvent: {}
[25.013594] (-) TimerEvent: {}
[25.115977] (-) TimerEvent: {}
[25.218497] (-) TimerEvent: {}
[25.320808] (-) TimerEvent: {}
[25.425079] (-) TimerEvent: {}
[25.526972] (-) TimerEvent: {}
[25.629857] (-) TimerEvent: {}
[25.732139] (-) TimerEvent: {}
[25.834903] (-) TimerEvent: {}
[25.937214] (-) TimerEvent: {}
[26.039668] (-) TimerEvent: {}
[26.142151] (-) TimerEvent: {}
[26.244403] (-) TimerEvent: {}
[26.346638] (-) TimerEvent: {}
[26.448935] (-) TimerEvent: {}
[26.551262] (-) TimerEvent: {}
[26.654545] (-) TimerEvent: {}
[26.757456] (-) TimerEvent: {}
[26.869034] (-) TimerEvent: {}
[26.971766] (-) TimerEvent: {}
[27.075293] (-) TimerEvent: {}
[27.176768] (-) TimerEvent: {}
[27.279123] (-) TimerEvent: {}
[27.383926] (-) TimerEvent: {}
[27.488243] (-) TimerEvent: {}
[27.590851] (-) TimerEvent: {}
[27.693302] (-) TimerEvent: {}
[27.795774] (-) TimerEvent: {}
[27.898143] (-) TimerEvent: {}
[28.000499] (-) TimerEvent: {}
[28.102853] (-) TimerEvent: {}
[28.205236] (-) TimerEvent: {}
[28.307954] (-) TimerEvent: {}
[28.411256] (-) TimerEvent: {}
[28.513626] (-) TimerEvent: {}
[28.615800] (-) TimerEvent: {}
[28.718031] (-) TimerEvent: {}
[28.820359] (-) TimerEvent: {}
[28.922685] (-) TimerEvent: {}
[29.025124] (-) TimerEvent: {}
[29.127789] (-) TimerEvent: {}
[29.230536] (-) TimerEvent: {}
[29.346185] (-) TimerEvent: {}
[29.448491] (-) TimerEvent: {}
[29.551030] (-) TimerEvent: {}
[29.653803] (-) TimerEvent: {}
[29.756144] (-) TimerEvent: {}
[29.858479] (-) TimerEvent: {}
[29.960816] (-) TimerEvent: {}
[30.062315] (-) TimerEvent: {}
[30.163801] (-) TimerEvent: {}
[30.265331] (-) TimerEvent: {}
[30.367005] (-) TimerEvent: {}
[30.468693] (-) TimerEvent: {}
[30.570286] (-) TimerEvent: {}
[30.674823] (-) TimerEvent: {}
[30.778306] (-) TimerEvent: {}
[30.880144] (-) TimerEvent: {}
[30.983691] (-) TimerEvent: {}
[31.087079] (-) TimerEvent: {}
[31.189289] (-) TimerEvent: {}
[31.291537] (-) TimerEvent: {}
[31.394121] (-) TimerEvent: {}
[31.496350] (-) TimerEvent: {}
[31.598649] (-) TimerEvent: {}
[31.700819] (-) TimerEvent: {}
[31.804015] (-) TimerEvent: {}
[31.909534] (-) TimerEvent: {}
[32.013086] (-) TimerEvent: {}
[32.114680] (-) TimerEvent: {}
[32.216192] (-) TimerEvent: {}
[32.318560] (-) TimerEvent: {}
[32.421220] (-) TimerEvent: {}
[32.523573] (-) TimerEvent: {}
[32.626165] (-) TimerEvent: {}
[32.727323] (-) TimerEvent: {}
[32.828541] (-) TimerEvent: {}
[32.929795] (-) TimerEvent: {}
[33.030953] (-) TimerEvent: {}
[33.132070] (-) TimerEvent: {}
[33.233286] (-) TimerEvent: {}
[33.334469] (-) TimerEvent: {}
[33.435590] (-) TimerEvent: {}
[33.536740] (-) TimerEvent: {}
[33.637876] (-) TimerEvent: {}
[33.739040] (-) TimerEvent: {}
[33.841897] (-) TimerEvent: {}
[33.943025] (-) TimerEvent: {}
[34.044118] (-) TimerEvent: {}
[34.145232] (-) TimerEvent: {}
[34.246390] (-) TimerEvent: {}
[34.347484] (-) TimerEvent: {}
[34.448624] (-) TimerEvent: {}
[34.549797] (-) TimerEvent: {}
[34.650898] (-) TimerEvent: {}
[34.752101] (-) TimerEvent: {}
[34.853300] (-) TimerEvent: {}
[34.954622] (-) TimerEvent: {}
[35.055701] (-) TimerEvent: {}
[35.156792] (-) TimerEvent: {}
[35.259251] (-) TimerEvent: {}
[35.361507] (-) TimerEvent: {}
[35.463053] (-) TimerEvent: {}
[35.566061] (-) TimerEvent: {}
[35.668965] (-) TimerEvent: {}
[35.772559] (-) TimerEvent: {}
[35.874906] (-) TimerEvent: {}
[35.976378] (-) TimerEvent: {}
[36.077853] (-) TimerEvent: {}
[36.179275] (-) TimerEvent: {}
[36.280746] (-) TimerEvent: {}
[36.382273] (-) TimerEvent: {}
[36.483861] (-) TimerEvent: {}
[36.585320] (-) TimerEvent: {}
[36.686798] (-) TimerEvent: {}
[36.789177] (-) TimerEvent: {}
[36.894342] (-) TimerEvent: {}
[36.997449] (-) TimerEvent: {}
[37.099850] (-) TimerEvent: {}
[37.202184] (-) TimerEvent: {}
[37.303625] (-) TimerEvent: {}
[37.405077] (-) TimerEvent: {}
[37.506843] (-) TimerEvent: {}
[37.608655] (-) TimerEvent: {}
[37.710113] (-) TimerEvent: {}
[37.812865] (-) TimerEvent: {}
[37.914807] (-) TimerEvent: {}
[38.016729] (-) TimerEvent: {}
[38.118713] (-) TimerEvent: {}
[38.219919] (-) TimerEvent: {}
[38.321214] (-) TimerEvent: {}
[38.423019] (-) TimerEvent: {}
[38.457832] (cam2image_vm2ros) StdoutLine: {'line': b'[ 80%] \x1b[32m\x1b[1mLinking CXX executable cam2image\x1b[0m\n'}
[38.523272] (-) TimerEvent: {}
[38.624494] (-) TimerEvent: {}
[38.726652] (-) TimerEvent: {}
[38.829295] (-) TimerEvent: {}
[38.931268] (-) TimerEvent: {}
[39.034045] (-) TimerEvent: {}
[39.136649] (-) TimerEvent: {}
[39.239044] (-) TimerEvent: {}
[39.340870] (-) TimerEvent: {}
[39.442374] (-) TimerEvent: {}
[39.547003] (-) TimerEvent: {}
[39.649233] (-) TimerEvent: {}
[39.751786] (-) TimerEvent: {}
[39.853663] (-) TimerEvent: {}
[39.955536] (-) TimerEvent: {}
[40.021099] (cam2image_vm2ros) StdoutLine: {'line': b'[ 80%] Built target cam2image\n'}
[40.055782] (-) TimerEvent: {}
[40.156898] (-) TimerEvent: {}
[40.258021] (-) TimerEvent: {}
[40.359447] (-) TimerEvent: {}
[40.460837] (-) TimerEvent: {}
[40.562307] (-) TimerEvent: {}
[40.663798] (-) TimerEvent: {}
[40.765291] (-) TimerEvent: {}
[40.867549] (-) TimerEvent: {}
[40.971561] (-) TimerEvent: {}
[41.074784] (-) TimerEvent: {}
[41.177037] (-) TimerEvent: {}
[41.279265] (-) TimerEvent: {}
[41.380665] (-) TimerEvent: {}
[41.484693] (-) TimerEvent: {}
[41.587206] (-) TimerEvent: {}
[41.689442] (-) TimerEvent: {}
[41.794138] (-) TimerEvent: {}
[41.896351] (-) TimerEvent: {}
[41.998632] (-) TimerEvent: {}
[42.100876] (-) TimerEvent: {}
[42.203098] (-) TimerEvent: {}
[42.305382] (-) TimerEvent: {}
[42.414277] (-) TimerEvent: {}
[42.518558] (-) TimerEvent: {}
[42.620908] (-) TimerEvent: {}
[42.723281] (-) TimerEvent: {}
[42.825606] (-) TimerEvent: {}
[42.928277] (-) TimerEvent: {}
[43.030742] (-) TimerEvent: {}
[43.133035] (-) TimerEvent: {}
[43.235338] (-) TimerEvent: {}
[43.337637] (-) TimerEvent: {}
[43.440170] (-) TimerEvent: {}
[43.542573] (-) TimerEvent: {}
[43.645043] (-) TimerEvent: {}
[43.747410] (-) TimerEvent: {}
[43.849791] (-) TimerEvent: {}
[43.951980] (-) TimerEvent: {}
[44.054320] (-) TimerEvent: {}
[44.156752] (-) TimerEvent: {}
[44.259197] (-) TimerEvent: {}
[44.361385] (-) TimerEvent: {}
[44.462832] (-) TimerEvent: {}
[44.565084] (-) TimerEvent: {}
[44.667285] (-) TimerEvent: {}
[44.769609] (-) TimerEvent: {}
[44.871965] (-) TimerEvent: {}
[44.975103] (-) TimerEvent: {}
[45.077424] (-) TimerEvent: {}
[45.179703] (-) TimerEvent: {}
[45.281969] (-) TimerEvent: {}
[45.384200] (-) TimerEvent: {}
[45.485756] (-) TimerEvent: {}
[45.587720] (-) TimerEvent: {}
[45.689898] (-) TimerEvent: {}
[45.791370] (-) TimerEvent: {}
[45.893611] (-) TimerEvent: {}
[45.995842] (-) TimerEvent: {}
[46.098786] (-) TimerEvent: {}
[46.200827] (-) TimerEvent: {}
[46.303111] (-) TimerEvent: {}
[46.405366] (-) TimerEvent: {}
[46.507643] (-) TimerEvent: {}
[46.609824] (-) TimerEvent: {}
[46.712128] (-) TimerEvent: {}
[46.815023] (-) TimerEvent: {}
[46.917284] (-) TimerEvent: {}
[47.019478] (-) TimerEvent: {}
[47.121834] (-) TimerEvent: {}
[47.224089] (-) TimerEvent: {}
[47.326291] (-) TimerEvent: {}
[47.428516] (-) TimerEvent: {}
[47.530367] (-) TimerEvent: {}
[47.631759] (-) TimerEvent: {}
[47.733221] (-) TimerEvent: {}
[47.835519] (-) TimerEvent: {}
[47.937753] (-) TimerEvent: {}
[48.039927] (-) TimerEvent: {}
[48.142359] (-) TimerEvent: {}
[48.244475] (-) TimerEvent: {}
[48.346718] (-) TimerEvent: {}
[48.448902] (-) TimerEvent: {}
[48.551535] (-) TimerEvent: {}
[48.653799] (-) TimerEvent: {}
[48.756034] (-) TimerEvent: {}
[48.857453] (-) TimerEvent: {}
[48.958871] (-) TimerEvent: {}
[49.060279] (-) TimerEvent: {}
[49.161741] (-) TimerEvent: {}
[49.263211] (-) TimerEvent: {}
[49.364665] (-) TimerEvent: {}
[49.466903] (-) TimerEvent: {}
[49.569141] (-) TimerEvent: {}
[49.671360] (-) TimerEvent: {}
[49.773521] (-) TimerEvent: {}
[49.874958] (-) TimerEvent: {}
[49.977994] (-) TimerEvent: {}
[50.080220] (-) TimerEvent: {}
[50.182488] (-) TimerEvent: {}
[50.285871] (-) TimerEvent: {}
[50.388159] (-) TimerEvent: {}
[50.492528] (-) TimerEvent: {}
[50.594012] (-) TimerEvent: {}
[50.698314] (-) TimerEvent: {}
[50.799670] (-) TimerEvent: {}
[50.901833] (-) TimerEvent: {}
[51.003981] (-) TimerEvent: {}
[51.106259] (-) TimerEvent: {}
[51.209023] (-) TimerEvent: {}
[51.311261] (-) TimerEvent: {}
[51.413476] (-) TimerEvent: {}
[51.515692] (-) TimerEvent: {}
[51.617836] (-) TimerEvent: {}
[51.719997] (-) TimerEvent: {}
[51.822255] (-) TimerEvent: {}
[51.925373] (-) TimerEvent: {}
[52.027604] (-) TimerEvent: {}
[52.129734] (-) TimerEvent: {}
[52.231887] (-) TimerEvent: {}
[52.333989] (-) TimerEvent: {}
[52.437405] (-) TimerEvent: {}
[52.540500] (-) TimerEvent: {}
[52.643319] (-) TimerEvent: {}
[52.745399] (-) TimerEvent: {}
[52.847676] (-) TimerEvent: {}
[52.949141] (-) TimerEvent: {}
[53.050620] (-) TimerEvent: {}
[53.152031] (-) TimerEvent: {}
[53.253412] (-) TimerEvent: {}
[53.355662] (-) TimerEvent: {}
[53.458157] (-) TimerEvent: {}
[53.560415] (-) TimerEvent: {}
[53.662732] (-) TimerEvent: {}
[53.765007] (-) TimerEvent: {}
[53.867264] (-) TimerEvent: {}
[53.968745] (-) TimerEvent: {}
[54.071139] (-) TimerEvent: {}
[54.173331] (-) TimerEvent: {}
[54.275524] (-) TimerEvent: {}
[54.377846] (-) TimerEvent: {}
[54.480184] (-) TimerEvent: {}
[54.582520] (-) TimerEvent: {}
[54.685088] (-) TimerEvent: {}
[54.787700] (-) TimerEvent: {}
[54.890257] (-) TimerEvent: {}
[54.992776] (-) TimerEvent: {}
[55.095282] (-) TimerEvent: {}
[55.198484] (-) TimerEvent: {}
[55.301125] (-) TimerEvent: {}
[55.403380] (-) TimerEvent: {}
[55.509361] (-) TimerEvent: {}
[55.611026] (-) TimerEvent: {}
[55.714093] (-) TimerEvent: {}
[55.816064] (-) TimerEvent: {}
[55.918161] (-) TimerEvent: {}
[56.019517] (-) TimerEvent: {}
[56.121516] (-) TimerEvent: {}
[56.227528] (-) TimerEvent: {}
[56.330075] (-) TimerEvent: {}
[56.432217] (-) TimerEvent: {}
[56.534495] (-) TimerEvent: {}
[56.638111] (-) TimerEvent: {}
[56.739360] (-) TimerEvent: {}
[56.841860] (-) TimerEvent: {}
[56.944237] (-) TimerEvent: {}
[57.045680] (-) TimerEvent: {}
[57.147277] (-) TimerEvent: {}
[57.249242] (-) TimerEvent: {}
[57.350645] (-) TimerEvent: {}
[57.452377] (-) TimerEvent: {}
[57.553845] (-) TimerEvent: {}
[57.656964] (-) TimerEvent: {}
[57.758702] (-) TimerEvent: {}
[57.860116] (-) TimerEvent: {}
[57.961784] (-) TimerEvent: {}
[58.064903] (-) TimerEvent: {}
[58.166766] (-) TimerEvent: {}
[58.268741] (-) TimerEvent: {}
[58.370673] (-) TimerEvent: {}
[58.472126] (-) TimerEvent: {}
[58.573624] (-) TimerEvent: {}
[58.675059] (-) TimerEvent: {}
[58.776714] (-) TimerEvent: {}
[58.878155] (-) TimerEvent: {}
[58.979515] (-) TimerEvent: {}
[59.080982] (-) TimerEvent: {}
[59.182521] (-) TimerEvent: {}
[59.284907] (-) TimerEvent: {}
[59.386056] (-) TimerEvent: {}
[59.487474] (-) TimerEvent: {}
[59.588916] (-) TimerEvent: {}
[59.690475] (-) TimerEvent: {}
[59.791916] (-) TimerEvent: {}
[59.893380] (-) TimerEvent: {}
[59.994822] (-) TimerEvent: {}
[60.096284] (-) TimerEvent: {}
[60.197792] (-) TimerEvent: {}
[60.299336] (-) TimerEvent: {}
[60.400756] (-) TimerEvent: {}
[60.502983] (-) TimerEvent: {}
[60.606151] (-) TimerEvent: {}
[60.709189] (-) TimerEvent: {}
[60.811452] (-) TimerEvent: {}
[60.914745] (-) TimerEvent: {}
[61.017916] (-) TimerEvent: {}
[61.119416] (-) TimerEvent: {}
[61.223385] (-) TimerEvent: {}
[61.324801] (-) TimerEvent: {}
[61.426260] (-) TimerEvent: {}
[61.527702] (-) TimerEvent: {}
[61.629368] (-) TimerEvent: {}
[61.730796] (-) TimerEvent: {}
[61.834697] (-) TimerEvent: {}
[61.936863] (-) TimerEvent: {}
[62.039077] (-) TimerEvent: {}
[62.140515] (-) TimerEvent: {}
[62.242766] (-) TimerEvent: {}
[62.344196] (-) TimerEvent: {}
[62.445642] (-) TimerEvent: {}
[62.547166] (-) TimerEvent: {}
[62.648617] (-) TimerEvent: {}
[62.750074] (-) TimerEvent: {}
[62.851522] (-) TimerEvent: {}
[62.953014] (-) TimerEvent: {}
[63.054531] (-) TimerEvent: {}
[63.155991] (-) TimerEvent: {}
[63.257634] (-) TimerEvent: {}
[63.359096] (-) TimerEvent: {}
[63.460542] (-) TimerEvent: {}
[63.561927] (-) TimerEvent: {}
[63.663227] (-) TimerEvent: {}
[63.764764] (-) TimerEvent: {}
[63.866274] (-) TimerEvent: {}
[63.967750] (-) TimerEvent: {}
[64.069207] (-) TimerEvent: {}
[64.170752] (-) TimerEvent: {}
[64.273133] (-) TimerEvent: {}
[64.375471] (-) TimerEvent: {}
[64.485914] (-) TimerEvent: {}
[64.586996] (-) TimerEvent: {}
[64.688377] (-) TimerEvent: {}
[64.789837] (-) TimerEvent: {}
[64.891332] (-) TimerEvent: {}
[64.992820] (-) TimerEvent: {}
[65.094350] (-) TimerEvent: {}
[65.195828] (-) TimerEvent: {}
[65.297331] (-) TimerEvent: {}
[65.398851] (-) TimerEvent: {}
[65.500371] (-) TimerEvent: {}
[65.601904] (-) TimerEvent: {}
[65.705052] (-) TimerEvent: {}
[65.807425] (-) TimerEvent: {}
[65.909800] (-) TimerEvent: {}
[66.011324] (-) TimerEvent: {}
[66.112846] (-) TimerEvent: {}
[66.214365] (-) TimerEvent: {}
[66.315864] (-) TimerEvent: {}
[66.417385] (-) TimerEvent: {}
[66.518906] (-) TimerEvent: {}
[66.620368] (-) TimerEvent: {}
[66.722410] (-) TimerEvent: {}
[66.823942] (-) TimerEvent: {}
[66.925948] (-) TimerEvent: {}
[67.027454] (-) TimerEvent: {}
[67.128978] (-) TimerEvent: {}
[67.230453] (-) TimerEvent: {}
[67.332815] (-) TimerEvent: {}
[67.434599] (-) TimerEvent: {}
[67.541449] (-) TimerEvent: {}
[67.643238] (-) TimerEvent: {}
[67.745127] (-) TimerEvent: {}
[67.847150] (-) TimerEvent: {}
[67.949042] (-) TimerEvent: {}
[68.050920] (-) TimerEvent: {}
[68.153833] (-) TimerEvent: {}
[68.256326] (-) TimerEvent: {}
[68.357784] (-) TimerEvent: {}
[68.459279] (-) TimerEvent: {}
[68.560731] (-) TimerEvent: {}
[68.662324] (-) TimerEvent: {}
[68.763847] (-) TimerEvent: {}
[68.865656] (-) TimerEvent: {}
[68.967432] (-) TimerEvent: {}
[69.068952] (-) TimerEvent: {}
[69.170506] (-) TimerEvent: {}
[69.271890] (-) TimerEvent: {}
[69.373403] (-) TimerEvent: {}
[69.474911] (-) TimerEvent: {}
[69.576294] (-) TimerEvent: {}
[69.677814] (-) TimerEvent: {}
[69.779345] (-) TimerEvent: {}
[69.881332] (-) TimerEvent: {}
[69.982935] (-) TimerEvent: {}
[70.084426] (-) TimerEvent: {}
[70.186095] (-) TimerEvent: {}
[70.287653] (-) TimerEvent: {}
[70.389265] (-) TimerEvent: {}
[70.490812] (-) TimerEvent: {}
[70.593338] (-) TimerEvent: {}
[70.695815] (-) TimerEvent: {}
[70.798064] (-) TimerEvent: {}
[70.900318] (-) TimerEvent: {}
[71.002622] (-) TimerEvent: {}
[71.106095] (-) TimerEvent: {}
[71.207826] (-) TimerEvent: {}
[71.309280] (-) TimerEvent: {}
[71.410776] (-) TimerEvent: {}
[71.512242] (-) TimerEvent: {}
[71.613677] (-) TimerEvent: {}
[71.718278] (-) TimerEvent: {}
[71.819385] (-) TimerEvent: {}
[71.921825] (-) TimerEvent: {}
[72.023328] (-) TimerEvent: {}
[72.124811] (-) TimerEvent: {}
[72.226306] (-) TimerEvent: {}
[72.327729] (-) TimerEvent: {}
[72.429219] (-) TimerEvent: {}
[72.530707] (-) TimerEvent: {}
[72.632208] (-) TimerEvent: {}
[72.733782] (-) TimerEvent: {}
[72.835257] (-) TimerEvent: {}
[72.936674] (-) TimerEvent: {}
[73.038189] (-) TimerEvent: {}
[73.139734] (-) TimerEvent: {}
[73.241258] (-) TimerEvent: {}
[73.342866] (-) TimerEvent: {}
[73.444383] (-) TimerEvent: {}
[73.545901] (-) TimerEvent: {}
[73.647356] (-) TimerEvent: {}
[73.749034] (-) TimerEvent: {}
[73.850656] (-) TimerEvent: {}
[73.952296] (-) TimerEvent: {}
[74.053646] (-) TimerEvent: {}
[74.155054] (-) TimerEvent: {}
[74.256451] (-) TimerEvent: {}
[74.357889] (-) TimerEvent: {}
[74.459316] (-) TimerEvent: {}
[74.560788] (-) TimerEvent: {}
[74.662245] (-) TimerEvent: {}
[74.763674] (-) TimerEvent: {}
[74.865102] (-) TimerEvent: {}
[74.966526] (-) TimerEvent: {}
[75.068148] (-) TimerEvent: {}
[75.169626] (-) TimerEvent: {}
[75.271076] (-) TimerEvent: {}
[75.372523] (-) TimerEvent: {}
[75.473954] (-) TimerEvent: {}
[75.575261] (-) TimerEvent: {}
[75.676694] (-) TimerEvent: {}
[75.778103] (-) TimerEvent: {}
[75.879534] (-) TimerEvent: {}
[75.981051] (-) TimerEvent: {}
[76.083166] (-) TimerEvent: {}
[76.185746] (-) TimerEvent: {}
[76.287176] (-) TimerEvent: {}
[76.388592] (-) TimerEvent: {}
[76.490923] (-) TimerEvent: {}
[76.592392] (-) TimerEvent: {}
[76.694823] (-) TimerEvent: {}
[76.797890] (-) TimerEvent: {}
[76.899834] (-) TimerEvent: {}
[77.001786] (-) TimerEvent: {}
[77.103931] (-) TimerEvent: {}
[77.205218] (-) TimerEvent: {}
[77.306486] (-) TimerEvent: {}
[77.402019] (ball_tracker) StdoutLine: {'line': b'[100%] \x1b[32m\x1b[1mLinking CXX executable ball_tracker\x1b[0m\n'}
[77.406720] (-) TimerEvent: {}
[77.508109] (-) TimerEvent: {}
[77.609569] (-) TimerEvent: {}
[77.711016] (-) TimerEvent: {}
[77.812449] (-) TimerEvent: {}
[77.914003] (-) TimerEvent: {}
[78.016215] (-) TimerEvent: {}
[78.118461] (-) TimerEvent: {}
[78.220224] (-) TimerEvent: {}
[78.321742] (-) TimerEvent: {}
[78.423155] (-) TimerEvent: {}
[78.524573] (-) TimerEvent: {}
[78.625948] (-) TimerEvent: {}
[78.727387] (-) TimerEvent: {}
[78.828919] (-) TimerEvent: {}
[78.931230] (-) TimerEvent: {}
[79.034191] (-) TimerEvent: {}
[79.136279] (-) TimerEvent: {}
[79.237951] (-) TimerEvent: {}
[79.340482] (-) TimerEvent: {}
[79.442918] (-) TimerEvent: {}
[79.544350] (-) TimerEvent: {}
[79.646318] (-) TimerEvent: {}
[79.747778] (-) TimerEvent: {}
[79.849898] (-) TimerEvent: {}
[79.951919] (-) TimerEvent: {}
[80.054101] (-) TimerEvent: {}
[80.162330] (-) TimerEvent: {}
[80.264957] (-) TimerEvent: {}
[80.368090] (-) TimerEvent: {}
[80.472247] (-) TimerEvent: {}
[80.573537] (-) TimerEvent: {}
[80.675288] (-) TimerEvent: {}
[80.776901] (-) TimerEvent: {}
[80.878948] (-) TimerEvent: {}
[80.981040] (-) TimerEvent: {}
[81.086957] (-) TimerEvent: {}
[81.188553] (-) TimerEvent: {}
[81.290184] (-) TimerEvent: {}
[81.391889] (-) TimerEvent: {}
[81.493875] (-) TimerEvent: {}
[81.595122] (-) TimerEvent: {}
[81.698773] (-) TimerEvent: {}
[81.801088] (-) TimerEvent: {}
[81.902589] (-) TimerEvent: {}
[82.004184] (-) TimerEvent: {}
[82.106128] (-) TimerEvent: {}
[82.207677] (-) TimerEvent: {}
[82.308744] (-) TimerEvent: {}
[82.409882] (-) TimerEvent: {}
[82.510901] (-) TimerEvent: {}
[82.612841] (-) TimerEvent: {}
[82.714669] (-) TimerEvent: {}
[82.816537] (-) TimerEvent: {}
[82.918575] (-) TimerEvent: {}
[83.021303] (-) TimerEvent: {}
[83.122960] (-) TimerEvent: {}
[83.196926] (ball_tracker) StdoutLine: {'line': b'[100%] Built target ball_tracker\n'}
[83.223204] (-) TimerEvent: {}
[83.243287] (ball_tracker) CommandEnded: {'returncode': 0}
[83.245990] (ball_tracker) JobProgress: {'identifier': 'ball_tracker', 'progress': 'install'}
[83.246451] (ball_tracker) Command: {'cmd': ['/usr/bin/cmake', '--install', '/home/asdfr-30/ASDfR_3/build/ball_tracker'], 'cwd': '/home/asdfr-30/ASDfR_3/build/ball_tracker', 'env': OrderedDict([('LESSOPEN', '| /usr/bin/lesspipe %s'), ('USER', 'asdfr-30'), ('SSH_CLIENT', '10.0.100.232 3317 22'), ('XDG_SESSION_TYPE', 'tty'), ('GIT_ASKPASS', '/home/asdfr-30/.vscode-server/cli/servers/Stable-4949701c880d4bdb949e3c0e6b400288da7f474b/server/extensions/git/dist/askpass.sh'), ('SHLVL', '1'), ('LD_LIBRARY_PATH', '/home/asdfr-30/ASDfR_3/install/xrf2_msgs/lib:/home/asdfr-30/ASDfR_3/install/cam2image_vm2ros/lib:/opt/ros/humble/opt/rviz_ogre_vendor/lib:/opt/ros/humble/lib/aarch64-linux-gnu:/opt/ros/humble/lib'), ('BROWSER', '/home/asdfr-30/.vscode-server/cli/servers/Stable-4949701c880d4bdb949e3c0e6b400288da7f474b/server/bin/helpers/browser.sh'), ('MOTD_SHOWN', 'pam'), ('HOME', '/home/asdfr-30'), ('OLDPWD', '/home/asdfr-30/.vscode-server'), ('TERM_PROGRAM_VERSION', '1.99.2'), ('VSCODE_IPC_HOOK_CLI', '/run/user/1030/vscode-ipc-34bd0855-1d55-4cbf-af3f-d14f0fcfffd2.sock'), ('ROS_PYTHON_VERSION', '3'), ('VSCODE_GIT_ASKPASS_MAIN', '/home/asdfr-30/.vscode-server/cli/servers/Stable-4949701c880d4bdb949e3c0e6b400288da7f474b/server/extensions/git/dist/askpass-main.js'), ('VSCODE_GIT_ASKPASS_NODE', '/home/asdfr-30/.vscode-server/cli/servers/Stable-4949701c880d4bdb949e3c0e6b400288da7f474b/server/node'), ('SSL_CERT_FILE', '/usr/lib/ssl/certs/ca-certificates.crt'), ('DBUS_SESSION_BUS_ADDRESS', 'unix:path=/run/user/1030/bus'), ('COLORTERM', 'truecolor'), ('COLCON_PREFIX_PATH', '/home/asdfr-30/ASDfR_3/install'), ('ROS_DISTRO', 'humble'), ('LOGNAME', 'asdfr-30'), ('_', '/usr/bin/colcon'), ('ROS_VERSION', '2'), ('XDG_SESSION_CLASS', 'user'), ('TERM', 'xterm-256color'), ('XDG_SESSION_ID', '4'), ('ROS_LOCALHOST_ONLY', '1'), ('PATH', '/home/asdfr-30/.vscode-server/cli/servers/Stable-4949701c880d4bdb949e3c0e6b400288da7f474b/server/bin/remote-cli:/opt/ros/humble/bin:/usr/local/sbin:/usr/local/bin:/usr/sbin:/usr/bin:/sbin:/bin:/usr/games:/usr/local/games:/snap/bin:/usr/evl/bin:/opt/relbot-software/bin:/usr/evl/bin:/opt/relbot-software/bin'), ('XDG_RUNTIME_DIR', '/run/user/1030'), ('SSL_CERT_DIR', '/usr/lib/ssl/certs'), ('LANG', 'C.UTF-8'), ('LS_COLORS', 'rs=0:di=01;34:ln=01;36:mh=00:pi=40;33:so=01;35:do=01;35:bd=40;33;01:cd=40;33;01:or=40;31;01:mi=00:su=37;41:sg=30;43:ca=30;41:tw=30;42:ow=34;42:st=37;44:ex=01;32:*.tar=01;31:*.tgz=01;31:*.arc=01;31:*.arj=01;31:*.taz=01;31:*.lha=01;31:*.lz4=01;31:*.lzh=01;31:*.lzma=01;31:*.tlz=01;31:*.txz=01;31:*.tzo=01;31:*.t7z=01;31:*.zip=01;31:*.z=01;31:*.dz=01;31:*.gz=01;31:*.lrz=01;31:*.lz=01;31:*.lzo=01;31:*.xz=01;31:*.zst=01;31:*.tzst=01;31:*.bz2=01;31:*.bz=01;31:*.tbz=01;31:*.tbz2=01;31:*.tz=01;31:*.deb=01;31:*.rpm=01;31:*.jar=01;31:*.war=01;31:*.ear=01;31:*.sar=01;31:*.rar=01;31:*.alz=01;31:*.ace=01;31:*.zoo=01;31:*.cpio=01;31:*.7z=01;31:*.rz=01;31:*.cab=01;31:*.wim=01;31:*.swm=01;31:*.dwm=01;31:*.esd=01;31:*.jpg=01;35:*.jpeg=01;35:*.mjpg=01;35:*.mjpeg=01;35:*.gif=01;35:*.bmp=01;35:*.pbm=01;35:*.pgm=01;35:*.ppm=01;35:*.tga=01;35:*.xbm=01;35:*.xpm=01;35:*.tif=01;35:*.tiff=01;35:*.png=01;35:*.svg=01;35:*.svgz=01;35:*.mng=01;35:*.pcx=01;35:*.mov=01;35:*.mpg=01;35:*.mpeg=01;35:*.m2v=01;35:*.mkv=01;35:*.webm=01;35:*.webp=01;35:*.ogm=01;35:*.mp4=01;35:*.m4v=01;35:*.mp4v=01;35:*.vob=01;35:*.qt=01;35:*.nuv=01;35:*.wmv=01;35:*.asf=01;35:*.rm=01;35:*.rmvb=01;35:*.flc=01;35:*.avi=01;35:*.fli=01;35:*.flv=01;35:*.gl=01;35:*.dl=01;35:*.xcf=01;35:*.xwd=01;35:*.yuv=01;35:*.cgm=01;35:*.emf=01;35:*.ogv=01;35:*.ogx=01;35:*.aac=00;36:*.au=00;36:*.flac=00;36:*.m4a=00;36:*.mid=00;36:*.midi=00;36:*.mka=00;36:*.mp3=00;36:*.mpc=00;36:*.ogg=00;36:*.ra=00;36:*.wav=00;36:*.oga=00;36:*.opus=00;36:*.spx=00;36:*.xspf=00;36:'), ('VSCODE_GIT_IPC_HANDLE', '/run/user/1030/vscode-git-f2a4e88bd3.sock'), ('TERM_PROGRAM', 'vscode'), ('AMENT_PREFIX_PATH', '/home/asdfr-30/ASDfR_3/install/xrf2_msgs:/home/asdfr-30/ASDfR_3/install/cam2image_vm2ros:/home/asdfr-30/ASDfR_3/install/ball_tracker:/opt/ros/humble'), ('SHELL', '/bin/bash'), ('LESSCLOSE', '/usr/bin/lesspipe %s %s'), ('VSCODE_GIT_ASKPASS_EXTRA_ARGS', ''), ('PWD', '/home/asdfr-30/ASDfR_3/build/ball_tracker'), ('SSH_CONNECTION', '10.0.100.232 3317 10.0.28.103 22'), ('PYTHONPATH', '/home/asdfr-30/ASDfR_3/install/xrf2_msgs/local/lib/python3.10/dist-packages:/opt/ros/humble/lib/python3.10/site-packages:/opt/ros/humble/local/lib/python3.10/dist-packages'), ('COLCON', '1'), ('CMAKE_PREFIX_PATH', '/home/asdfr-30/ASDfR_3/install/xrf2_msgs:/home/asdfr-30/ASDfR_3/install/cam2image_vm2ros:/home/asdfr-30/ASDfR_3/install/ball_tracker:/opt/ros/humble')]), 'shell': False}
[83.275502] (ball_tracker) StdoutLine: {'line': b'-- Install configuration: ""\n'}
[83.280026] (ball_tracker) StdoutLine: {'line': b'-- Installing: /home/asdfr-30/ASDfR_3/install/ball_tracker/lib/ball_tracker/ball_tracker\n'}
[83.323525] (-) TimerEvent: {}
[83.424958] (-) TimerEvent: {}
[83.452786] (ball_tracker) StdoutLine: {'line': b'-- Set runtime path of "/home/asdfr-30/ASDfR_3/install/ball_tracker/lib/ball_tracker/ball_tracker" to ""\n'}
[83.455893] (ball_tracker) StdoutLine: {'line': b'-- Up-to-date: /home/asdfr-30/ASDfR_3/install/ball_tracker/include\n'}
[83.459730] (ball_tracker) StdoutLine: {'line': b'-- Installing: /home/asdfr-30/ASDfR_3/install/ball_tracker/include/ball_tracker.hpp\n'}
[83.467040] (ball_tracker) StdoutLine: {'line': b'-- Installing: /home/asdfr-30/ASDfR_3/install/ball_tracker/share/ball_tracker/package.xml\n'}
[83.474314] (ball_tracker) StdoutLine: {'line': b'-- Installing: /home/asdfr-30/ASDfR_3/install/ball_tracker/share/ament_index/resource_index/package_run_dependencies/ball_tracker\n'}
[83.479364] (ball_tracker) StdoutLine: {'line': b'-- Installing: /home/asdfr-30/ASDfR_3/install/ball_tracker/share/ament_index/resource_index/parent_prefix_path/ball_tracker\n'}
[83.484644] (ball_tracker) StdoutLine: {'line': b'-- Installing: /home/asdfr-30/ASDfR_3/install/ball_tracker/share/ball_tracker/environment/ament_prefix_path.sh\n'}
[83.492127] (ball_tracker) StdoutLine: {'line': b'-- Installing: /home/asdfr-30/ASDfR_3/install/ball_tracker/share/ball_tracker/environment/ament_prefix_path.dsv\n'}
[83.500076] (ball_tracker) StdoutLine: {'line': b'-- Installing: /home/asdfr-30/ASDfR_3/install/ball_tracker/share/ball_tracker/environment/path.sh\n'}
[83.507580] (ball_tracker) StdoutLine: {'line': b'-- Installing: /home/asdfr-30/ASDfR_3/install/ball_tracker/share/ball_tracker/environment/path.dsv\n'}
[83.515332] (ball_tracker) StdoutLine: {'line': b'-- Installing: /home/asdfr-30/ASDfR_3/install/ball_tracker/share/ball_tracker/local_setup.bash\n'}
[83.522591] (ball_tracker) StdoutLine: {'line': b'-- Installing: /home/asdfr-30/ASDfR_3/install/ball_tracker/share/ball_tracker/local_setup.sh\n'}
[83.525590] (-) TimerEvent: {}
[83.531449] (ball_tracker) StdoutLine: {'line': b'-- Installing: /home/asdfr-30/ASDfR_3/install/ball_tracker/share/ball_tracker/local_setup.zsh\n'}
[83.538660] (ball_tracker) StdoutLine: {'line': b'-- Installing: /home/asdfr-30/ASDfR_3/install/ball_tracker/share/ball_tracker/local_setup.dsv\n'}
[83.545981] (ball_tracker) StdoutLine: {'line': b'-- Installing: /home/asdfr-30/ASDfR_3/install/ball_tracker/share/ball_tracker/package.dsv\n'}
[83.552985] (ball_tracker) StdoutLine: {'line': b'-- Installing: /home/asdfr-30/ASDfR_3/install/ball_tracker/share/ament_index/resource_index/packages/ball_tracker\n'}
[83.557892] (ball_tracker) StdoutLine: {'line': b'-- Installing: /home/asdfr-30/ASDfR_3/install/ball_tracker/share/ball_tracker/cmake/ball_trackerConfig.cmake\n'}
[83.562940] (ball_tracker) StdoutLine: {'line': b'-- Installing: /home/asdfr-30/ASDfR_3/install/ball_tracker/share/ball_tracker/cmake/ball_trackerConfig-version.cmake\n'}
[83.567755] (ball_tracker) StdoutLine: {'line': b'-- Up-to-date: /home/asdfr-30/ASDfR_3/install/ball_tracker/share/ball_tracker/package.xml\n'}
[83.584705] (ball_tracker) CommandEnded: {'returncode': 0}
[83.626712] (-) TimerEvent: {}
[83.698772] (ball_tracker) JobEnded: {'identifier': 'ball_tracker', 'rc': 0}
[83.703235] (ros_xeno_bridge) JobStarted: {'identifier': 'ros_xeno_bridge'}
[83.726993] (-) TimerEvent: {}
[83.745116] (ros_xeno_bridge) JobProgress: {'identifier': 'ros_xeno_bridge', 'progress': 'cmake'}
[83.750200] (ros_xeno_bridge) JobProgress: {'identifier': 'ros_xeno_bridge', 'progress': 'build'}
[83.752321] (ros_xeno_bridge) Command: {'cmd': ['/usr/bin/cmake', '--build', '/home/asdfr-30/ASDfR_3/build/ros_xeno_bridge', '--', '-j3', '-l3'], 'cwd': '/home/asdfr-30/ASDfR_3/build/ros_xeno_bridge', 'env': OrderedDict([('LESSOPEN', '| /usr/bin/lesspipe %s'), ('USER', 'asdfr-30'), ('SSH_CLIENT', '10.0.100.232 3317 22'), ('XDG_SESSION_TYPE', 'tty'), ('GIT_ASKPASS', '/home/asdfr-30/.vscode-server/cli/servers/Stable-4949701c880d4bdb949e3c0e6b400288da7f474b/server/extensions/git/dist/askpass.sh'), ('SHLVL', '1'), ('LD_LIBRARY_PATH', '/home/asdfr-30/ASDfR_3/install/xrf2_msgs/lib:/home/asdfr-30/ASDfR_3/install/cam2image_vm2ros/lib:/opt/ros/humble/opt/rviz_ogre_vendor/lib:/opt/ros/humble/lib/aarch64-linux-gnu:/opt/ros/humble/lib'), ('BROWSER', '/home/asdfr-30/.vscode-server/cli/servers/Stable-4949701c880d4bdb949e3c0e6b400288da7f474b/server/bin/helpers/browser.sh'), ('MOTD_SHOWN', 'pam'), ('HOME', '/home/asdfr-30'), ('OLDPWD', '/home/asdfr-30/.vscode-server'), ('TERM_PROGRAM_VERSION', '1.99.2'), ('VSCODE_IPC_HOOK_CLI', '/run/user/1030/vscode-ipc-34bd0855-1d55-4cbf-af3f-d14f0fcfffd2.sock'), ('ROS_PYTHON_VERSION', '3'), ('VSCODE_GIT_ASKPASS_MAIN', '/home/asdfr-30/.vscode-server/cli/servers/Stable-4949701c880d4bdb949e3c0e6b400288da7f474b/server/extensions/git/dist/askpass-main.js'), ('VSCODE_GIT_ASKPASS_NODE', '/home/asdfr-30/.vscode-server/cli/servers/Stable-4949701c880d4bdb949e3c0e6b400288da7f474b/server/node'), ('SSL_CERT_FILE', '/usr/lib/ssl/certs/ca-certificates.crt'), ('DBUS_SESSION_BUS_ADDRESS', 'unix:path=/run/user/1030/bus'), ('COLORTERM', 'truecolor'), ('COLCON_PREFIX_PATH', '/home/asdfr-30/ASDfR_3/install'), ('ROS_DISTRO', 'humble'), ('LOGNAME', 'asdfr-30'), ('_', '/usr/bin/colcon'), ('ROS_VERSION', '2'), ('XDG_SESSION_CLASS', 'user'), ('TERM', 'xterm-256color'), ('XDG_SESSION_ID', '4'), ('ROS_LOCALHOST_ONLY', '1'), ('PATH', '/home/asdfr-30/.vscode-server/cli/servers/Stable-4949701c880d4bdb949e3c0e6b400288da7f474b/server/bin/remote-cli:/opt/ros/humble/bin:/usr/local/sbin:/usr/local/bin:/usr/sbin:/usr/bin:/sbin:/bin:/usr/games:/usr/local/games:/snap/bin:/usr/evl/bin:/opt/relbot-software/bin:/usr/evl/bin:/opt/relbot-software/bin'), ('XDG_RUNTIME_DIR', '/run/user/1030'), ('SSL_CERT_DIR', '/usr/lib/ssl/certs'), ('LANG', 'C.UTF-8'), ('LS_COLORS', 'rs=0:di=01;34:ln=01;36:mh=00:pi=40;33:so=01;35:do=01;35:bd=40;33;01:cd=40;33;01:or=40;31;01:mi=00:su=37;41:sg=30;43:ca=30;41:tw=30;42:ow=34;42:st=37;44:ex=01;32:*.tar=01;31:*.tgz=01;31:*.arc=01;31:*.arj=01;31:*.taz=01;31:*.lha=01;31:*.lz4=01;31:*.lzh=01;31:*.lzma=01;31:*.tlz=01;31:*.txz=01;31:*.tzo=01;31:*.t7z=01;31:*.zip=01;31:*.z=01;31:*.dz=01;31:*.gz=01;31:*.lrz=01;31:*.lz=01;31:*.lzo=01;31:*.xz=01;31:*.zst=01;31:*.tzst=01;31:*.bz2=01;31:*.bz=01;31:*.tbz=01;31:*.tbz2=01;31:*.tz=01;31:*.deb=01;31:*.rpm=01;31:*.jar=01;31:*.war=01;31:*.ear=01;31:*.sar=01;31:*.rar=01;31:*.alz=01;31:*.ace=01;31:*.zoo=01;31:*.cpio=01;31:*.7z=01;31:*.rz=01;31:*.cab=01;31:*.wim=01;31:*.swm=01;31:*.dwm=01;31:*.esd=01;31:*.jpg=01;35:*.jpeg=01;35:*.mjpg=01;35:*.mjpeg=01;35:*.gif=01;35:*.bmp=01;35:*.pbm=01;35:*.pgm=01;35:*.ppm=01;35:*.tga=01;35:*.xbm=01;35:*.xpm=01;35:*.tif=01;35:*.tiff=01;35:*.png=01;35:*.svg=01;35:*.svgz=01;35:*.mng=01;35:*.pcx=01;35:*.mov=01;35:*.mpg=01;35:*.mpeg=01;35:*.m2v=01;35:*.mkv=01;35:*.webm=01;35:*.webp=01;35:*.ogm=01;35:*.mp4=01;35:*.m4v=01;35:*.mp4v=01;35:*.vob=01;35:*.qt=01;35:*.nuv=01;35:*.wmv=01;35:*.asf=01;35:*.rm=01;35:*.rmvb=01;35:*.flc=01;35:*.avi=01;35:*.fli=01;35:*.flv=01;35:*.gl=01;35:*.dl=01;35:*.xcf=01;35:*.xwd=01;35:*.yuv=01;35:*.cgm=01;35:*.emf=01;35:*.ogv=01;35:*.ogx=01;35:*.aac=00;36:*.au=00;36:*.flac=00;36:*.m4a=00;36:*.mid=00;36:*.midi=00;36:*.mka=00;36:*.mp3=00;36:*.mpc=00;36:*.ogg=00;36:*.ra=00;36:*.wav=00;36:*.oga=00;36:*.opus=00;36:*.spx=00;36:*.xspf=00;36:'), ('VSCODE_GIT_IPC_HANDLE', '/run/user/1030/vscode-git-f2a4e88bd3.sock'), ('TERM_PROGRAM', 'vscode'), ('AMENT_PREFIX_PATH', '/home/asdfr-30/ASDfR_3/install/xrf2_msgs:/home/asdfr-30/ASDfR_3/install/cam2image_vm2ros:/home/asdfr-30/ASDfR_3/install/ball_tracker:/opt/ros/humble'), ('SHELL', '/bin/bash'), ('LESSCLOSE', '/usr/bin/lesspipe %s %s'), ('VSCODE_GIT_ASKPASS_EXTRA_ARGS', ''), ('PWD', '/home/asdfr-30/ASDfR_3/build/ros_xeno_bridge'), ('SSH_CONNECTION', '10.0.100.232 3317 10.0.28.103 22'), ('PYTHONPATH', '/home/asdfr-30/ASDfR_3/install/xrf2_msgs/local/lib/python3.10/dist-packages:/opt/ros/humble/lib/python3.10/site-packages:/opt/ros/humble/local/lib/python3.10/dist-packages'), ('COLCON', '1'), ('CMAKE_PREFIX_PATH', '/home/asdfr-30/ASDfR_3/install/xrf2_msgs:/home/asdfr-30/ASDfR_3/install/cam2image_vm2ros:/home/asdfr-30/ASDfR_3/install/ball_tracker:/opt/ros/humble')]), 'shell': False}
[83.827236] (-) TimerEvent: {}
[83.849109] (ros_xeno_bridge) StdoutLine: {'line': b'-- Found ament_cmake: 1.3.11 (/opt/ros/humble/share/ament_cmake/cmake)\n'}
[83.927471] (-) TimerEvent: {}
[84.029951] (-) TimerEvent: {}
[84.131382] (-) TimerEvent: {}
[84.232845] (-) TimerEvent: {}
[84.334295] (-) TimerEvent: {}
[84.435737] (-) TimerEvent: {}
[84.530488] (ros_xeno_bridge) StdoutLine: {'line': b'-- Found rclcpp: 16.0.11 (/opt/ros/humble/share/rclcpp/cmake)\n'}
[84.536000] (-) TimerEvent: {}
[84.637442] (-) TimerEvent: {}
[84.683798] (ros_xeno_bridge) StdoutLine: {'line': b'-- Found rosidl_generator_c: 3.1.6 (/opt/ros/humble/share/rosidl_generator_c/cmake)\n'}
[84.698716] (ros_xeno_bridge) StdoutLine: {'line': b'-- Found rosidl_adapter: 3.1.6 (/opt/ros/humble/share/rosidl_adapter/cmake)\n'}
[84.727357] (ros_xeno_bridge) StdoutLine: {'line': b'-- Found rosidl_generator_cpp: 3.1.6 (/opt/ros/humble/share/rosidl_generator_cpp/cmake)\n'}
[84.737722] (-) TimerEvent: {}
[84.774292] (ros_xeno_bridge) StdoutLine: {'line': b'-- Using all available rosidl_typesupport_c: rosidl_typesupport_fastrtps_c;rosidl_typesupport_introspection_c\n'}
[84.832818] (ros_xeno_bridge) StdoutLine: {'line': b'-- Using all available rosidl_typesupport_cpp: rosidl_typesupport_fastrtps_cpp;rosidl_typesupport_introspection_cpp\n'}
[84.837954] (-) TimerEvent: {}
[84.939471] (-) TimerEvent: {}
[84.981963] (ros_xeno_bridge) StdoutLine: {'line': b'-- Found rmw_implementation_cmake: 6.1.2 (/opt/ros/humble/share/rmw_implementation_cmake/cmake)\n'}
[84.991648] (ros_xeno_bridge) StdoutLine: {'line': b'-- Found rmw_fastrtps_cpp: 6.2.7 (/opt/ros/humble/share/rmw_fastrtps_cpp/cmake)\n'}
[85.039714] (-) TimerEvent: {}
[85.141219] (-) TimerEvent: {}
[85.242803] (-) TimerEvent: {}
[85.320182] (ros_xeno_bridge) StdoutLine: {'line': b"-- Using RMW implementation 'rmw_fastrtps_cpp' as default\n"}
[85.343051] (-) TimerEvent: {}
[85.445686] (-) TimerEvent: {}
[85.548344] (-) TimerEvent: {}
[85.632991] (ros_xeno_bridge) StdoutLine: {'line': b'-- Found xrf2_msgs: 0.0.0 (/home/asdfr-30/ASDfR_3/install/xrf2_msgs/share/xrf2_msgs/cmake)\n'}
[85.648586] (-) TimerEvent: {}
[85.749902] (-) TimerEvent: {}
[85.851323] (-) TimerEvent: {}
[85.952896] (-) TimerEvent: {}
[86.054674] (-) TimerEvent: {}
[86.102012] (ros_xeno_bridge) StdoutLine: {'line': b'-- Configuring done\n'}
[86.154988] (-) TimerEvent: {}
[86.176587] (ros_xeno_bridge) StdoutLine: {'line': b'-- Generating done\n'}
[86.217087] (ros_xeno_bridge) StdoutLine: {'line': b'-- Build files have been written to: /home/asdfr-30/ASDfR_3/build/ros_xeno_bridge\n'}
[86.255190] (-) TimerEvent: {}
[86.717986] (ros_xeno_bridge) StdoutLine: {'line': b'\x1b[35m\x1b[1mConsolidate compiler generated dependencies of target RosXenoBridge\x1b[0m\n'}
[86.720973] (-) TimerEvent: {}
[86.822544] (-) TimerEvent: {}
[86.923958] (-) TimerEvent: {}
[87.025474] (-) TimerEvent: {}
[87.126870] (-) TimerEvent: {}
[87.228477] (-) TimerEvent: {}
[87.329942] (-) TimerEvent: {}
[87.431422] (-) TimerEvent: {}
[87.532793] (-) TimerEvent: {}
[87.634074] (-) TimerEvent: {}
[87.735541] (-) TimerEvent: {}
[87.836911] (-) TimerEvent: {}
[87.858331] (ros_xeno_bridge) StdoutLine: {'line': b'[ 50%] \x1b[32mBuilding CXX object CMakeFiles/RosXenoBridge.dir/src/RosXenoBridge.cpp.o\x1b[0m\n'}
[87.937135] (-) TimerEvent: {}
[88.039030] (-) TimerEvent: {}
[88.140863] (-) TimerEvent: {}
[88.243390] (-) TimerEvent: {}
[88.345273] (-) TimerEvent: {}
[88.448047] (-) TimerEvent: {}
[88.553190] (-) TimerEvent: {}
[88.659370] (-) TimerEvent: {}
[88.761284] (-) TimerEvent: {}
[88.864044] (-) TimerEvent: {}
[88.967741] (-) TimerEvent: {}
[89.070580] (-) TimerEvent: {}
[89.173012] (-) TimerEvent: {}
[89.279624] (-) TimerEvent: {}
[89.387150] (-) TimerEvent: {}
[89.493411] (-) TimerEvent: {}
[89.595646] (-) TimerEvent: {}
[89.698837] (-) TimerEvent: {}
[89.801126] (-) TimerEvent: {}
[89.859781] (cam2image_vm2ros) StdoutLine: {'line': b'[100%] \x1b[32m\x1b[1mLinking CXX shared library libcam2image_vm2ros.so\x1b[0m\n'}
[89.901380] (-) TimerEvent: {}
[90.003468] (-) TimerEvent: {}
[90.105731] (-) TimerEvent: {}
[90.208691] (-) TimerEvent: {}
[90.311433] (-) TimerEvent: {}
[90.414281] (-) TimerEvent: {}
[90.518525] (-) TimerEvent: {}
[90.619720] (-) TimerEvent: {}
[90.721247] (-) TimerEvent: {}
[90.823495] (-) TimerEvent: {}
[90.925902] (-) TimerEvent: {}
[91.028920] (-) TimerEvent: {}
[91.131114] (-) TimerEvent: {}
[91.233545] (-) TimerEvent: {}
[91.336056] (-) TimerEvent: {}
[91.439302] (-) TimerEvent: {}
[91.541018] (-) TimerEvent: {}
[91.642676] (-) TimerEvent: {}
[91.744112] (-) TimerEvent: {}
[91.846938] (-) TimerEvent: {}
[91.948976] (-) TimerEvent: {}
[92.052485] (-) TimerEvent: {}
[92.154781] (-) TimerEvent: {}
[92.256978] (-) TimerEvent: {}
[92.359054] (-) TimerEvent: {}
[92.461895] (-) TimerEvent: {}
[92.564057] (-) TimerEvent: {}
[92.665732] (-) TimerEvent: {}
[92.767121] (-) TimerEvent: {}
[92.868508] (-) TimerEvent: {}
[92.969942] (-) TimerEvent: {}
[93.072336] (-) TimerEvent: {}
[93.173779] (-) TimerEvent: {}
[93.275237] (-) TimerEvent: {}
[93.376718] (-) TimerEvent: {}
[93.478327] (-) TimerEvent: {}
[93.579769] (-) TimerEvent: {}
[93.681145] (-) TimerEvent: {}
[93.782681] (-) TimerEvent: {}
[93.884271] (-) TimerEvent: {}
[93.985877] (-) TimerEvent: {}
[94.087296] (-) TimerEvent: {}
[94.188766] (-) TimerEvent: {}
[94.290166] (-) TimerEvent: {}
[94.391839] (-) TimerEvent: {}
[94.493198] (-) TimerEvent: {}
[94.594692] (-) TimerEvent: {}
[94.696177] (-) TimerEvent: {}
[94.797683] (-) TimerEvent: {}
[94.899116] (-) TimerEvent: {}
[95.000548] (-) TimerEvent: {}
[95.101999] (-) TimerEvent: {}
[95.191549] (cam2image_vm2ros) StdoutLine: {'line': b'[100%] Built target cam2image_vm2ros\n'}
[95.202227] (-) TimerEvent: {}
[95.234163] (cam2image_vm2ros) CommandEnded: {'returncode': 0}
[95.236782] (cam2image_vm2ros) JobProgress: {'identifier': 'cam2image_vm2ros', 'progress': 'install'}
[95.240232] (cam2image_vm2ros) Command: {'cmd': ['/usr/bin/cmake', '--install', '/home/asdfr-30/ASDfR_3/build/cam2image_vm2ros'], 'cwd': '/home/asdfr-30/ASDfR_3/build/cam2image_vm2ros', 'env': OrderedDict([('LESSOPEN', '| /usr/bin/lesspipe %s'), ('USER', 'asdfr-30'), ('SSH_CLIENT', '10.0.100.232 3317 22'), ('XDG_SESSION_TYPE', 'tty'), ('GIT_ASKPASS', '/home/asdfr-30/.vscode-server/cli/servers/Stable-4949701c880d4bdb949e3c0e6b400288da7f474b/server/extensions/git/dist/askpass.sh'), ('SHLVL', '1'), ('LD_LIBRARY_PATH', '/home/asdfr-30/ASDfR_3/install/xrf2_msgs/lib:/home/asdfr-30/ASDfR_3/install/cam2image_vm2ros/lib:/opt/ros/humble/opt/rviz_ogre_vendor/lib:/opt/ros/humble/lib/aarch64-linux-gnu:/opt/ros/humble/lib'), ('BROWSER', '/home/asdfr-30/.vscode-server/cli/servers/Stable-4949701c880d4bdb949e3c0e6b400288da7f474b/server/bin/helpers/browser.sh'), ('MOTD_SHOWN', 'pam'), ('HOME', '/home/asdfr-30'), ('OLDPWD', '/home/asdfr-30/.vscode-server'), ('TERM_PROGRAM_VERSION', '1.99.2'), ('VSCODE_IPC_HOOK_CLI', '/run/user/1030/vscode-ipc-34bd0855-1d55-4cbf-af3f-d14f0fcfffd2.sock'), ('ROS_PYTHON_VERSION', '3'), ('VSCODE_GIT_ASKPASS_MAIN', '/home/asdfr-30/.vscode-server/cli/servers/Stable-4949701c880d4bdb949e3c0e6b400288da7f474b/server/extensions/git/dist/askpass-main.js'), ('VSCODE_GIT_ASKPASS_NODE', '/home/asdfr-30/.vscode-server/cli/servers/Stable-4949701c880d4bdb949e3c0e6b400288da7f474b/server/node'), ('SSL_CERT_FILE', '/usr/lib/ssl/certs/ca-certificates.crt'), ('DBUS_SESSION_BUS_ADDRESS', 'unix:path=/run/user/1030/bus'), ('COLORTERM', 'truecolor'), ('COLCON_PREFIX_PATH', '/home/asdfr-30/ASDfR_3/install'), ('ROS_DISTRO', 'humble'), ('LOGNAME', 'asdfr-30'), ('_', '/usr/bin/colcon'), ('ROS_VERSION', '2'), ('XDG_SESSION_CLASS', 'user'), ('TERM', 'xterm-256color'), ('XDG_SESSION_ID', '4'), ('ROS_LOCALHOST_ONLY', '1'), ('PATH', '/home/asdfr-30/.vscode-server/cli/servers/Stable-4949701c880d4bdb949e3c0e6b400288da7f474b/server/bin/remote-cli:/opt/ros/humble/bin:/usr/local/sbin:/usr/local/bin:/usr/sbin:/usr/bin:/sbin:/bin:/usr/games:/usr/local/games:/snap/bin:/usr/evl/bin:/opt/relbot-software/bin:/usr/evl/bin:/opt/relbot-software/bin'), ('XDG_RUNTIME_DIR', '/run/user/1030'), ('SSL_CERT_DIR', '/usr/lib/ssl/certs'), ('LANG', 'C.UTF-8'), ('LS_COLORS', 'rs=0:di=01;34:ln=01;36:mh=00:pi=40;33:so=01;35:do=01;35:bd=40;33;01:cd=40;33;01:or=40;31;01:mi=00:su=37;41:sg=30;43:ca=30;41:tw=30;42:ow=34;42:st=37;44:ex=01;32:*.tar=01;31:*.tgz=01;31:*.arc=01;31:*.arj=01;31:*.taz=01;31:*.lha=01;31:*.lz4=01;31:*.lzh=01;31:*.lzma=01;31:*.tlz=01;31:*.txz=01;31:*.tzo=01;31:*.t7z=01;31:*.zip=01;31:*.z=01;31:*.dz=01;31:*.gz=01;31:*.lrz=01;31:*.lz=01;31:*.lzo=01;31:*.xz=01;31:*.zst=01;31:*.tzst=01;31:*.bz2=01;31:*.bz=01;31:*.tbz=01;31:*.tbz2=01;31:*.tz=01;31:*.deb=01;31:*.rpm=01;31:*.jar=01;31:*.war=01;31:*.ear=01;31:*.sar=01;31:*.rar=01;31:*.alz=01;31:*.ace=01;31:*.zoo=01;31:*.cpio=01;31:*.7z=01;31:*.rz=01;31:*.cab=01;31:*.wim=01;31:*.swm=01;31:*.dwm=01;31:*.esd=01;31:*.jpg=01;35:*.jpeg=01;35:*.mjpg=01;35:*.mjpeg=01;35:*.gif=01;35:*.bmp=01;35:*.pbm=01;35:*.pgm=01;35:*.ppm=01;35:*.tga=01;35:*.xbm=01;35:*.xpm=01;35:*.tif=01;35:*.tiff=01;35:*.png=01;35:*.svg=01;35:*.svgz=01;35:*.mng=01;35:*.pcx=01;35:*.mov=01;35:*.mpg=01;35:*.mpeg=01;35:*.m2v=01;35:*.mkv=01;35:*.webm=01;35:*.webp=01;35:*.ogm=01;35:*.mp4=01;35:*.m4v=01;35:*.mp4v=01;35:*.vob=01;35:*.qt=01;35:*.nuv=01;35:*.wmv=01;35:*.asf=01;35:*.rm=01;35:*.rmvb=01;35:*.flc=01;35:*.avi=01;35:*.fli=01;35:*.flv=01;35:*.gl=01;35:*.dl=01;35:*.xcf=01;35:*.xwd=01;35:*.yuv=01;35:*.cgm=01;35:*.emf=01;35:*.ogv=01;35:*.ogx=01;35:*.aac=00;36:*.au=00;36:*.flac=00;36:*.m4a=00;36:*.mid=00;36:*.midi=00;36:*.mka=00;36:*.mp3=00;36:*.mpc=00;36:*.ogg=00;36:*.ra=00;36:*.wav=00;36:*.oga=00;36:*.opus=00;36:*.spx=00;36:*.xspf=00;36:'), ('VSCODE_GIT_IPC_HANDLE', '/run/user/1030/vscode-git-f2a4e88bd3.sock'), ('TERM_PROGRAM', 'vscode'), ('AMENT_PREFIX_PATH', '/home/asdfr-30/ASDfR_3/install/xrf2_msgs:/home/asdfr-30/ASDfR_3/install/cam2image_vm2ros:/home/asdfr-30/ASDfR_3/install/ball_tracker:/opt/ros/humble'), ('SHELL', '/bin/bash'), ('LESSCLOSE', '/usr/bin/lesspipe %s %s'), ('VSCODE_GIT_ASKPASS_EXTRA_ARGS', ''), ('PWD', '/home/asdfr-30/ASDfR_3/build/cam2image_vm2ros'), ('SSH_CONNECTION', '10.0.100.232 3317 10.0.28.103 22'), ('PYTHONPATH', '/home/asdfr-30/ASDfR_3/install/xrf2_msgs/local/lib/python3.10/dist-packages:/opt/ros/humble/lib/python3.10/site-packages:/opt/ros/humble/local/lib/python3.10/dist-packages'), ('COLCON', '1'), ('CMAKE_PREFIX_PATH', '/home/asdfr-30/ASDfR_3/install/xrf2_msgs:/home/asdfr-30/ASDfR_3/install/cam2image_vm2ros:/home/asdfr-30/ASDfR_3/install/ball_tracker:/opt/ros/humble')]), 'shell': False}
[95.268619] (cam2image_vm2ros) StdoutLine: {'line': b'-- Install configuration: ""\n'}
[95.271894] (cam2image_vm2ros) StdoutLine: {'line': b'-- Installing: /home/asdfr-30/ASDfR_3/install/cam2image_vm2ros/lib/cam2image_vm2ros/cam2image\n'}
[95.286761] (cam2image_vm2ros) StdoutLine: {'line': b'-- Set runtime path of "/home/asdfr-30/ASDfR_3/install/cam2image_vm2ros/lib/cam2image_vm2ros/cam2image" to ""\n'}
[95.289560] (cam2image_vm2ros) StdoutLine: {'line': b'-- Installing: /home/asdfr-30/ASDfR_3/install/cam2image_vm2ros/lib/libcam2image_vm2ros.so\n'}
[95.302496] (-) TimerEvent: {}
[95.403943] (-) TimerEvent: {}
[95.506019] (-) TimerEvent: {}
[95.607755] (-) TimerEvent: {}
[95.709491] (-) TimerEvent: {}
[95.762181] (cam2image_vm2ros) StdoutLine: {'line': b'-- Set runtime path of "/home/asdfr-30/ASDfR_3/install/cam2image_vm2ros/lib/libcam2image_vm2ros.so" to ""\n'}
[95.764322] (cam2image_vm2ros) StdoutLine: {'line': b'-- Up-to-date: /home/asdfr-30/ASDfR_3/install/cam2image_vm2ros/include/cam2image_vm2ros\n'}
[95.766562] (cam2image_vm2ros) StdoutLine: {'line': b'-- Installing: /home/asdfr-30/ASDfR_3/install/cam2image_vm2ros/include/cam2image_vm2ros/remote_capture.hpp\n'}
[95.770061] (cam2image_vm2ros) StdoutLine: {'line': b'-- Installing: /home/asdfr-30/ASDfR_3/install/cam2image_vm2ros/include/cam2image_vm2ros/cam2image.hpp\n'}
[95.774081] (cam2image_vm2ros) StdoutLine: {'line': b'-- Installing: /home/asdfr-30/ASDfR_3/install/cam2image_vm2ros/include/cam2image_vm2ros/visibility_control.h\n'}
[95.777309] (cam2image_vm2ros) StdoutLine: {'line': b'-- Installing: /home/asdfr-30/ASDfR_3/install/cam2image_vm2ros/include/cam2image_vm2ros/base64.hpp\n'}
[95.780766] (cam2image_vm2ros) StdoutLine: {'line': b'-- Up-to-date: /home/asdfr-30/ASDfR_3/install/cam2image_vm2ros/share/cam2image_vm2ros/config\n'}
[95.783027] (cam2image_vm2ros) StdoutLine: {'line': b'-- Installing: /home/asdfr-30/ASDfR_3/install/cam2image_vm2ros/share/cam2image_vm2ros/config/cam2image.yaml\n'}
[95.786361] (cam2image_vm2ros) StdoutLine: {'line': b'-- Installing: /home/asdfr-30/ASDfR_3/install/cam2image_vm2ros/share/cam2image_vm2ros/config/cam2image_relbot.yaml\n'}
[95.791783] (cam2image_vm2ros) StdoutLine: {'line': b'-- Installing: /home/asdfr-30/ASDfR_3/install/cam2image_vm2ros/share/cam2image_vm2ros/environment/library_path.sh\n'}
[95.796043] (cam2image_vm2ros) StdoutLine: {'line': b'-- Installing: /home/asdfr-30/ASDfR_3/install/cam2image_vm2ros/share/cam2image_vm2ros/environment/library_path.dsv\n'}
[95.799556] (cam2image_vm2ros) StdoutLine: {'line': b'-- Installing: /home/asdfr-30/ASDfR_3/install/cam2image_vm2ros/share/ament_index/resource_index/package_run_dependencies/cam2image_vm2ros\n'}
[95.803132] (cam2image_vm2ros) StdoutLine: {'line': b'-- Installing: /home/asdfr-30/ASDfR_3/install/cam2image_vm2ros/share/ament_index/resource_index/parent_prefix_path/cam2image_vm2ros\n'}
[95.806614] (cam2image_vm2ros) StdoutLine: {'line': b'-- Installing: /home/asdfr-30/ASDfR_3/install/cam2image_vm2ros/share/cam2image_vm2ros/environment/ament_prefix_path.sh\n'}
[95.810152] (cam2image_vm2ros) StdoutLine: {'line': b'-- Installing: /home/asdfr-30/ASDfR_3/install/cam2image_vm2ros/share/cam2image_vm2ros/environment/ament_prefix_path.dsv\n'}
[95.811716] (-) TimerEvent: {}
[95.815186] (cam2image_vm2ros) StdoutLine: {'line': b'-- Installing: /home/asdfr-30/ASDfR_3/install/cam2image_vm2ros/share/cam2image_vm2ros/environment/path.sh\n'}
[95.820470] (cam2image_vm2ros) StdoutLine: {'line': b'-- Installing: /home/asdfr-30/ASDfR_3/install/cam2image_vm2ros/share/cam2image_vm2ros/environment/path.dsv\n'}
[95.824182] (cam2image_vm2ros) StdoutLine: {'line': b'-- Installing: /home/asdfr-30/ASDfR_3/install/cam2image_vm2ros/share/cam2image_vm2ros/local_setup.bash\n'}
[95.828409] (cam2image_vm2ros) StdoutLine: {'line': b'-- Installing: /home/asdfr-30/ASDfR_3/install/cam2image_vm2ros/share/cam2image_vm2ros/local_setup.sh\n'}
[95.836071] (cam2image_vm2ros) StdoutLine: {'line': b'-- Installing: /home/asdfr-30/ASDfR_3/install/cam2image_vm2ros/share/cam2image_vm2ros/local_setup.zsh\n'}
[95.839732] (cam2image_vm2ros) StdoutLine: {'line': b'-- Installing: /home/asdfr-30/ASDfR_3/install/cam2image_vm2ros/share/cam2image_vm2ros/local_setup.dsv\n'}
[95.843286] (cam2image_vm2ros) StdoutLine: {'line': b'-- Installing: /home/asdfr-30/ASDfR_3/install/cam2image_vm2ros/share/cam2image_vm2ros/package.dsv\n'}
[95.846890] (cam2image_vm2ros) StdoutLine: {'line': b'-- Installing: /home/asdfr-30/ASDfR_3/install/cam2image_vm2ros/share/ament_index/resource_index/packages/cam2image_vm2ros\n'}
[95.850267] (cam2image_vm2ros) StdoutLine: {'line': b'-- Installing: /home/asdfr-30/ASDfR_3/install/cam2image_vm2ros/share/ament_index/resource_index/rclcpp_components/cam2image_vm2ros\n'}
[95.853965] (cam2image_vm2ros) StdoutLine: {'line': b'-- Installing: /home/asdfr-30/ASDfR_3/install/cam2image_vm2ros/share/cam2image_vm2ros/cmake/cam2image_vm2rosExport.cmake\n'}
[95.857589] (cam2image_vm2ros) StdoutLine: {'line': b'-- Installing: /home/asdfr-30/ASDfR_3/install/cam2image_vm2ros/share/cam2image_vm2ros/cmake/cam2image_vm2rosExport-noconfig.cmake\n'}
[95.861215] (cam2image_vm2ros) StdoutLine: {'line': b'-- Installing: /home/asdfr-30/ASDfR_3/install/cam2image_vm2ros/share/cam2image_vm2ros/cmake/ament_cmake_export_libraries-extras.cmake\n'}
[95.864784] (cam2image_vm2ros) StdoutLine: {'line': b'-- Installing: /home/asdfr-30/ASDfR_3/install/cam2image_vm2ros/share/cam2image_vm2ros/cmake/ament_cmake_export_targets-extras.cmake\n'}
[95.868248] (cam2image_vm2ros) StdoutLine: {'line': b'-- Installing: /home/asdfr-30/ASDfR_3/install/cam2image_vm2ros/share/cam2image_vm2ros/cmake/ament_cmake_export_dependencies-extras.cmake\n'}
[95.871711] (cam2image_vm2ros) StdoutLine: {'line': b'-- Installing: /home/asdfr-30/ASDfR_3/install/cam2image_vm2ros/share/cam2image_vm2ros/cmake/cam2image_vm2rosConfig.cmake\n'}
[95.874960] (cam2image_vm2ros) StdoutLine: {'line': b'-- Installing: /home/asdfr-30/ASDfR_3/install/cam2image_vm2ros/share/cam2image_vm2ros/cmake/cam2image_vm2rosConfig-version.cmake\n'}
[95.878604] (cam2image_vm2ros) StdoutLine: {'line': b'-- Installing: /home/asdfr-30/ASDfR_3/install/cam2image_vm2ros/share/cam2image_vm2ros/package.xml\n'}
[95.901978] (cam2image_vm2ros) CommandEnded: {'returncode': 0}
[95.911918] (-) TimerEvent: {}
[96.014656] (-) TimerEvent: {}
[96.034348] (cam2image_vm2ros) JobEnded: {'identifier': 'cam2image_vm2ros', 'rc': 0}
[96.044969] (sequence_controller) JobStarted: {'identifier': 'sequence_controller'}
[96.101806] (sequence_controller) JobProgress: {'identifier': 'sequence_controller', 'progress': 'cmake'}
[96.108494] (sequence_controller) Command: {'cmd': ['/usr/bin/cmake', '/home/asdfr-30/ASDfR_3/src/sequence_controller', '-DCMAKE_INSTALL_PREFIX=/home/asdfr-30/ASDfR_3/install/sequence_controller'], 'cwd': '/home/asdfr-30/ASDfR_3/build/sequence_controller', 'env': OrderedDict([('LESSOPEN', '| /usr/bin/lesspipe %s'), ('USER', 'asdfr-30'), ('SSH_CLIENT', '10.0.100.232 3317 22'), ('XDG_SESSION_TYPE', 'tty'), ('GIT_ASKPASS', '/home/asdfr-30/.vscode-server/cli/servers/Stable-4949701c880d4bdb949e3c0e6b400288da7f474b/server/extensions/git/dist/askpass.sh'), ('SHLVL', '1'), ('LD_LIBRARY_PATH', '/home/asdfr-30/ASDfR_3/install/xrf2_msgs/lib:/home/asdfr-30/ASDfR_3/install/cam2image_vm2ros/lib:/opt/ros/humble/opt/rviz_ogre_vendor/lib:/opt/ros/humble/lib/aarch64-linux-gnu:/opt/ros/humble/lib'), ('BROWSER', '/home/asdfr-30/.vscode-server/cli/servers/Stable-4949701c880d4bdb949e3c0e6b400288da7f474b/server/bin/helpers/browser.sh'), ('MOTD_SHOWN', 'pam'), ('HOME', '/home/asdfr-30'), ('OLDPWD', '/home/asdfr-30/.vscode-server'), ('TERM_PROGRAM_VERSION', '1.99.2'), ('VSCODE_IPC_HOOK_CLI', '/run/user/1030/vscode-ipc-34bd0855-1d55-4cbf-af3f-d14f0fcfffd2.sock'), ('ROS_PYTHON_VERSION', '3'), ('VSCODE_GIT_ASKPASS_MAIN', '/home/asdfr-30/.vscode-server/cli/servers/Stable-4949701c880d4bdb949e3c0e6b400288da7f474b/server/extensions/git/dist/askpass-main.js'), ('VSCODE_GIT_ASKPASS_NODE', '/home/asdfr-30/.vscode-server/cli/servers/Stable-4949701c880d4bdb949e3c0e6b400288da7f474b/server/node'), ('SSL_CERT_FILE', '/usr/lib/ssl/certs/ca-certificates.crt'), ('DBUS_SESSION_BUS_ADDRESS', 'unix:path=/run/user/1030/bus'), ('COLORTERM', 'truecolor'), ('COLCON_PREFIX_PATH', '/home/asdfr-30/ASDfR_3/install'), ('ROS_DISTRO', 'humble'), ('LOGNAME', 'asdfr-30'), ('_', '/usr/bin/colcon'), ('ROS_VERSION', '2'), ('XDG_SESSION_CLASS', 'user'), ('TERM', 'xterm-256color'), ('XDG_SESSION_ID', '4'), ('ROS_LOCALHOST_ONLY', '1'), ('PATH', '/home/asdfr-30/.vscode-server/cli/servers/Stable-4949701c880d4bdb949e3c0e6b400288da7f474b/server/bin/remote-cli:/opt/ros/humble/bin:/usr/local/sbin:/usr/local/bin:/usr/sbin:/usr/bin:/sbin:/bin:/usr/games:/usr/local/games:/snap/bin:/usr/evl/bin:/opt/relbot-software/bin:/usr/evl/bin:/opt/relbot-software/bin'), ('XDG_RUNTIME_DIR', '/run/user/1030'), ('SSL_CERT_DIR', '/usr/lib/ssl/certs'), ('LANG', 'C.UTF-8'), ('LS_COLORS', 'rs=0:di=01;34:ln=01;36:mh=00:pi=40;33:so=01;35:do=01;35:bd=40;33;01:cd=40;33;01:or=40;31;01:mi=00:su=37;41:sg=30;43:ca=30;41:tw=30;42:ow=34;42:st=37;44:ex=01;32:*.tar=01;31:*.tgz=01;31:*.arc=01;31:*.arj=01;31:*.taz=01;31:*.lha=01;31:*.lz4=01;31:*.lzh=01;31:*.lzma=01;31:*.tlz=01;31:*.txz=01;31:*.tzo=01;31:*.t7z=01;31:*.zip=01;31:*.z=01;31:*.dz=01;31:*.gz=01;31:*.lrz=01;31:*.lz=01;31:*.lzo=01;31:*.xz=01;31:*.zst=01;31:*.tzst=01;31:*.bz2=01;31:*.bz=01;31:*.tbz=01;31:*.tbz2=01;31:*.tz=01;31:*.deb=01;31:*.rpm=01;31:*.jar=01;31:*.war=01;31:*.ear=01;31:*.sar=01;31:*.rar=01;31:*.alz=01;31:*.ace=01;31:*.zoo=01;31:*.cpio=01;31:*.7z=01;31:*.rz=01;31:*.cab=01;31:*.wim=01;31:*.swm=01;31:*.dwm=01;31:*.esd=01;31:*.jpg=01;35:*.jpeg=01;35:*.mjpg=01;35:*.mjpeg=01;35:*.gif=01;35:*.bmp=01;35:*.pbm=01;35:*.pgm=01;35:*.ppm=01;35:*.tga=01;35:*.xbm=01;35:*.xpm=01;35:*.tif=01;35:*.tiff=01;35:*.png=01;35:*.svg=01;35:*.svgz=01;35:*.mng=01;35:*.pcx=01;35:*.mov=01;35:*.mpg=01;35:*.mpeg=01;35:*.m2v=01;35:*.mkv=01;35:*.webm=01;35:*.webp=01;35:*.ogm=01;35:*.mp4=01;35:*.m4v=01;35:*.mp4v=01;35:*.vob=01;35:*.qt=01;35:*.nuv=01;35:*.wmv=01;35:*.asf=01;35:*.rm=01;35:*.rmvb=01;35:*.flc=01;35:*.avi=01;35:*.fli=01;35:*.flv=01;35:*.gl=01;35:*.dl=01;35:*.xcf=01;35:*.xwd=01;35:*.yuv=01;35:*.cgm=01;35:*.emf=01;35:*.ogv=01;35:*.ogx=01;35:*.aac=00;36:*.au=00;36:*.flac=00;36:*.m4a=00;36:*.mid=00;36:*.midi=00;36:*.mka=00;36:*.mp3=00;36:*.mpc=00;36:*.ogg=00;36:*.ra=00;36:*.wav=00;36:*.oga=00;36:*.opus=00;36:*.spx=00;36:*.xspf=00;36:'), ('VSCODE_GIT_IPC_HANDLE', '/run/user/1030/vscode-git-f2a4e88bd3.sock'), ('TERM_PROGRAM', 'vscode'), ('AMENT_PREFIX_PATH', '/home/asdfr-30/ASDfR_3/install/xrf2_msgs:/home/asdfr-30/ASDfR_3/install/cam2image_vm2ros:/home/asdfr-30/ASDfR_3/install/ball_tracker:/opt/ros/humble'), ('SHELL', '/bin/bash'), ('LESSCLOSE', '/usr/bin/lesspipe %s %s'), ('VSCODE_GIT_ASKPASS_EXTRA_ARGS', ''), ('PWD', '/home/asdfr-30/ASDfR_3/build/sequence_controller'), ('SSH_CONNECTION', '10.0.100.232 3317 10.0.28.103 22'), ('PYTHONPATH', '/home/asdfr-30/ASDfR_3/install/xrf2_msgs/local/lib/python3.10/dist-packages:/opt/ros/humble/lib/python3.10/site-packages:/opt/ros/humble/local/lib/python3.10/dist-packages'), ('COLCON', '1'), ('CMAKE_PREFIX_PATH', '/home/asdfr-30/ASDfR_3/install/xrf2_msgs:/home/asdfr-30/ASDfR_3/install/cam2image_vm2ros:/home/asdfr-30/ASDfR_3/install/ball_tracker:/opt/ros/humble')]), 'shell': False}
[96.116689] (-) TimerEvent: {}
[96.169379] (sequence_controller) StdoutLine: {'line': b'-- Found ament_cmake: 1.3.11 (/opt/ros/humble/share/ament_cmake/cmake)\n'}
[96.217625] (-) TimerEvent: {}
[96.319428] (-) TimerEvent: {}
[96.421252] (-) TimerEvent: {}
[96.523030] (-) TimerEvent: {}
[96.624783] (-) TimerEvent: {}
[96.727861] (-) TimerEvent: {}
[96.829785] (-) TimerEvent: {}
[96.923655] (sequence_controller) StdoutLine: {'line': b'-- Found rclcpp: 16.0.11 (/opt/ros/humble/share/rclcpp/cmake)\n'}
[96.929975] (-) TimerEvent: {}
[97.032140] (-) TimerEvent: {}
[97.046100] (sequence_controller) StdoutLine: {'line': b'-- Found rosidl_generator_c: 3.1.6 (/opt/ros/humble/share/rosidl_generator_c/cmake)\n'}
[97.063621] (sequence_controller) StdoutLine: {'line': b'-- Found rosidl_adapter: 3.1.6 (/opt/ros/humble/share/rosidl_adapter/cmake)\n'}
[97.097159] (sequence_controller) StdoutLine: {'line': b'-- Found rosidl_generator_cpp: 3.1.6 (/opt/ros/humble/share/rosidl_generator_cpp/cmake)\n'}
[97.132384] (-) TimerEvent: {}
[97.151327] (sequence_controller) StdoutLine: {'line': b'-- Using all available rosidl_typesupport_c: rosidl_typesupport_fastrtps_c;rosidl_typesupport_introspection_c\n'}
[97.210203] (sequence_controller) StdoutLine: {'line': b'-- Using all available rosidl_typesupport_cpp: rosidl_typesupport_fastrtps_cpp;rosidl_typesupport_introspection_cpp\n'}
[97.232633] (-) TimerEvent: {}
[97.335019] (-) TimerEvent: {}
[97.379470] (sequence_controller) StdoutLine: {'line': b'-- Found rmw_implementation_cmake: 6.1.2 (/opt/ros/humble/share/rmw_implementation_cmake/cmake)\n'}
[97.389233] (sequence_controller) StdoutLine: {'line': b'-- Found rmw_fastrtps_cpp: 6.2.7 (/opt/ros/humble/share/rmw_fastrtps_cpp/cmake)\n'}
[97.435241] (-) TimerEvent: {}
[97.537376] (-) TimerEvent: {}
[97.642451] (-) TimerEvent: {}
[97.744026] (-) TimerEvent: {}
[97.748355] (sequence_controller) StdoutLine: {'line': b"-- Using RMW implementation 'rmw_fastrtps_cpp' as default\n"}
[97.844250] (-) TimerEvent: {}
[97.945325] (-) TimerEvent: {}
[97.996086] (sequence_controller) StdoutLine: {'line': b'-- Found geometry_msgs: 4.2.4 (/opt/ros/humble/share/geometry_msgs/cmake)\n'}
[98.045563] (-) TimerEvent: {}
[98.059819] (sequence_controller) StdoutLine: {'line': b'-- Found xrf2_msgs: 0.0.0 (/home/asdfr-30/ASDfR_3/install/xrf2_msgs/share/xrf2_msgs/cmake)\n'}
[98.110467] (sequence_controller) StdoutLine: {'line': b'-- Found ament_lint_auto: 0.12.11 (/opt/ros/humble/share/ament_lint_auto/cmake)\n'}
[98.145796] (-) TimerEvent: {}
[98.246841] (-) TimerEvent: {}
[98.347842] (-) TimerEvent: {}
[98.449203] (-) TimerEvent: {}
[98.519180] (sequence_controller) StdoutLine: {'line': b"-- Added test 'cppcheck' to perform static code analysis on C / C++ code\n"}
[98.521542] (sequence_controller) StdoutLine: {'line': b'-- Configured cppcheck include dirs: /home/asdfr-30/ASDfR_3/src/sequence_controller/include\n'}
[98.523177] (sequence_controller) StdoutLine: {'line': b'-- Configured cppcheck exclude dirs and/or files: \n'}
[98.526520] (sequence_controller) StdoutLine: {'line': b"-- Added test 'flake8' to check Python code syntax and style conventions\n"}
[98.530148] (sequence_controller) StdoutLine: {'line': b"-- Added test 'lint_cmake' to check CMake code style\n"}
[98.534444] (sequence_controller) StdoutLine: {'line': b"-- Added test 'pep257' to check Python code against some of the docstring style conventions in PEP 257\n"}
[98.539486] (sequence_controller) StdoutLine: {'line': b"-- Added test 'uncrustify' to check C / C++ code style\n"}
[98.541005] (sequence_controller) StdoutLine: {'line': b'-- Configured uncrustify additional arguments: \n'}
[98.544248] (sequence_controller) StdoutLine: {'line': b"-- Added test 'xmllint' to check XML markup files\n"}
[98.549350] (-) TimerEvent: {}
[98.556958] (sequence_controller) StdoutLine: {'line': b'-- Configuring done\n'}
[98.572638] (sequence_controller) StderrLine: {'line': b'\x1b[31mCMake Error at CMakeLists.txt:15 (add_executable):\n'}
[98.574616] (sequence_controller) StderrLine: {'line': b'  Cannot find source file:\n'}
[98.576072] (sequence_controller) StderrLine: {'line': b'\n'}
[98.577435] (sequence_controller) StderrLine: {'line': b'    src/sequence_controller.cpp\n'}
[98.579286] (sequence_controller) StderrLine: {'line': b'\n'}
[98.580667] (sequence_controller) StderrLine: {'line': b'  Tried extensions .c .C .c++ .cc .cpp .cxx .cu .mpp .m .M .mm .ixx .cppm .h\n'}
[98.582086] (sequence_controller) StderrLine: {'line': b'  .hh .h++ .hm .hpp .hxx .in .txx .f .F .for .f77 .f90 .f95 .f03 .hip .ispc\n'}
[98.583464] (sequence_controller) StderrLine: {'line': b'\n'}
[98.599480] (sequence_controller) StderrLine: {'line': b'\x1b[0m\n'}
[98.601051] (sequence_controller) StderrLine: {'line': b'\x1b[31mCMake Error at CMakeLists.txt:15 (add_executable):\n'}
[98.602811] (sequence_controller) StderrLine: {'line': b'  No SOURCES given to target: sequence_controller\n'}
[98.604485] (sequence_controller) StderrLine: {'line': b'\n'}
[98.606191] (sequence_controller) StderrLine: {'line': b'\x1b[0m\n'}
[98.607884] (sequence_controller) StderrLine: {'line': b'\x1b[0mCMake Generate step failed.  Build files cannot be regenerated correctly.\x1b[0m\n'}
[98.632307] (sequence_controller) CommandEnded: {'returncode': 1}
[98.649594] (-) TimerEvent: {}
[98.715642] (sequence_controller) JobEnded: {'identifier': 'sequence_controller', 'rc': 1}
[98.751405] (-) TimerEvent: {}
[98.853149] (-) TimerEvent: {}
[98.954980] (-) TimerEvent: {}
[99.056995] (-) TimerEvent: {}
[99.159079] (-) TimerEvent: {}
[99.261202] (-) TimerEvent: {}
[99.362481] (-) TimerEvent: {}
[99.463592] (-) TimerEvent: {}
[99.564684] (-) TimerEvent: {}
[99.665768] (-) TimerEvent: {}
[99.766807] (-) TimerEvent: {}
[99.867871] (-) TimerEvent: {}
[99.973120] (-) TimerEvent: {}
[100.074099] (-) TimerEvent: {}
[100.175364] (-) TimerEvent: {}
[100.276583] (-) TimerEvent: {}
[100.377610] (-) TimerEvent: {}
[100.479654] (-) TimerEvent: {}
[100.580701] (-) TimerEvent: {}
[100.681756] (-) TimerEvent: {}
[100.782839] (-) TimerEvent: {}
[100.883847] (-) TimerEvent: {}
[100.984899] (-) TimerEvent: {}
[101.086008] (-) TimerEvent: {}
[101.187061] (-) TimerEvent: {}
[101.288185] (-) TimerEvent: {}
[101.389320] (-) TimerEvent: {}
[101.490391] (-) TimerEvent: {}
[101.591590] (-) TimerEvent: {}
[101.692612] (-) TimerEvent: {}
[101.793598] (-) TimerEvent: {}
[101.894646] (-) TimerEvent: {}
[101.995644] (-) TimerEvent: {}
[102.097793] (-) TimerEvent: {}
[102.199759] (-) TimerEvent: {}
[102.301658] (-) TimerEvent: {}
[102.402740] (-) TimerEvent: {}
[102.503812] (-) TimerEvent: {}
[102.604864] (-) TimerEvent: {}
[102.705900] (-) TimerEvent: {}
[102.806879] (-) TimerEvent: {}
[102.907910] (-) TimerEvent: {}
[103.008937] (-) TimerEvent: {}
[103.110017] (-) TimerEvent: {}
[103.211044] (-) TimerEvent: {}
[103.312059] (-) TimerEvent: {}
[103.413059] (-) TimerEvent: {}
[103.514154] (-) TimerEvent: {}
[103.615187] (-) TimerEvent: {}
[103.716229] (-) TimerEvent: {}
[103.817328] (-) TimerEvent: {}
[103.918951] (-) TimerEvent: {}
[104.020908] (-) TimerEvent: {}
[104.122236] (-) TimerEvent: {}
[104.223783] (-) TimerEvent: {}
[104.324960] (-) TimerEvent: {}
[104.426147] (-) TimerEvent: {}
[104.527297] (-) TimerEvent: {}
[104.628694] (-) TimerEvent: {}
[104.729892] (-) TimerEvent: {}
[104.831172] (-) TimerEvent: {}
[104.933015] (-) TimerEvent: {}
[105.034079] (-) TimerEvent: {}
[105.134985] (-) TimerEvent: {}
[105.235900] (-) TimerEvent: {}
[105.336821] (-) TimerEvent: {}
[105.441886] (-) TimerEvent: {}
[105.543023] (-) TimerEvent: {}
[105.644002] (-) TimerEvent: {}
[105.745575] (-) TimerEvent: {}
[105.846748] (-) TimerEvent: {}
[105.948670] (-) TimerEvent: {}
[106.049592] (-) TimerEvent: {}
[106.150778] (-) TimerEvent: {}
[106.252794] (-) TimerEvent: {}
[106.353717] (-) TimerEvent: {}
[106.454684] (-) TimerEvent: {}
[106.538592] (relbot_simulator) StdoutLine: {'line': b'[100%] \x1b[32m\x1b[1mLinking CXX executable relbot_simulator\x1b[0m\n'}
[106.554930] (-) TimerEvent: {}
[106.657064] (-) TimerEvent: {}
[106.760571] (-) TimerEvent: {}
[106.864826] (-) TimerEvent: {}
[106.967145] (-) TimerEvent: {}
[107.069937] (-) TimerEvent: {}
[107.172488] (-) TimerEvent: {}
[107.275049] (-) TimerEvent: {}
[107.376504] (-) TimerEvent: {}
[107.480176] (-) TimerEvent: {}
[107.584918] (-) TimerEvent: {}
[107.687520] (-) TimerEvent: {}
[107.788969] (-) TimerEvent: {}
[107.890469] (-) TimerEvent: {}
[107.992198] (-) TimerEvent: {}
[108.094653] (-) TimerEvent: {}
[108.196266] (-) TimerEvent: {}
[108.297755] (-) TimerEvent: {}
[108.403543] (-) TimerEvent: {}
[108.505964] (-) TimerEvent: {}
[108.607724] (-) TimerEvent: {}
[108.709532] (-) TimerEvent: {}
[108.811396] (-) TimerEvent: {}
[108.913209] (-) TimerEvent: {}
[109.014577] (-) TimerEvent: {}
[109.115864] (-) TimerEvent: {}
[109.217153] (-) TimerEvent: {}
[109.318856] (-) TimerEvent: {}
[109.419934] (-) TimerEvent: {}
[109.521041] (-) TimerEvent: {}
[109.622911] (-) TimerEvent: {}
[109.723849] (-) TimerEvent: {}
[109.824819] (-) TimerEvent: {}
[109.925824] (-) TimerEvent: {}
[110.026941] (-) TimerEvent: {}
[110.128473] (-) TimerEvent: {}
[110.229443] (-) TimerEvent: {}
[110.330498] (-) TimerEvent: {}
[110.433537] (-) TimerEvent: {}
[110.535107] (-) TimerEvent: {}
[110.636451] (-) TimerEvent: {}
[110.737629] (-) TimerEvent: {}
[110.838915] (-) TimerEvent: {}
[110.940262] (-) TimerEvent: {}
[111.042530] (-) TimerEvent: {}
[111.143658] (-) TimerEvent: {}
[111.244606] (-) TimerEvent: {}
[111.345575] (-) TimerEvent: {}
[111.446536] (-) TimerEvent: {}
[111.547606] (-) TimerEvent: {}
[111.650348] (-) TimerEvent: {}
[111.751440] (-) TimerEvent: {}
[111.852709] (-) TimerEvent: {}
[111.954064] (-) TimerEvent: {}
[112.055361] (-) TimerEvent: {}
[112.156689] (-) TimerEvent: {}
[112.257944] (-) TimerEvent: {}
[112.359253] (-) TimerEvent: {}
[112.460517] (-) TimerEvent: {}
[112.563073] (-) TimerEvent: {}
[112.577267] (relbot_simulator) StdoutLine: {'line': b'[100%] Built target relbot_simulator\n'}
[112.610832] (relbot_simulator) JobEnded: {'identifier': 'relbot_simulator', 'rc': 'SIGINT'}
[112.663283] (-) TimerEvent: {}
[112.764285] (-) TimerEvent: {}
[112.865292] (-) TimerEvent: {}
[112.966319] (-) TimerEvent: {}
[113.067341] (-) TimerEvent: {}
[113.168355] (-) TimerEvent: {}
[113.269383] (-) TimerEvent: {}
[113.370687] (-) TimerEvent: {}
[113.471690] (-) TimerEvent: {}
[113.572639] (-) TimerEvent: {}
[113.673593] (-) TimerEvent: {}
[113.774582] (-) TimerEvent: {}
[113.875539] (-) TimerEvent: {}
[113.976492] (-) TimerEvent: {}
[114.077439] (-) TimerEvent: {}
[114.178436] (-) TimerEvent: {}
[114.279393] (-) TimerEvent: {}
[114.380355] (-) TimerEvent: {}
[114.481335] (-) TimerEvent: {}
[114.582320] (-) TimerEvent: {}
[114.683195] (-) TimerEvent: {}
[114.784084] (-) TimerEvent: {}
[114.884991] (-) TimerEvent: {}
[114.985865] (-) TimerEvent: {}
[115.086737] (-) TimerEvent: {}
[115.187598] (-) TimerEvent: {}
[115.288502] (-) TimerEvent: {}
[115.389484] (-) TimerEvent: {}
[115.490488] (-) TimerEvent: {}
[115.591472] (-) TimerEvent: {}
[115.692485] (-) TimerEvent: {}
[115.793479] (-) TimerEvent: {}
[115.894525] (-) TimerEvent: {}
[115.995494] (-) TimerEvent: {}
[116.096493] (-) TimerEvent: {}
[116.197749] (-) TimerEvent: {}
[116.298763] (-) TimerEvent: {}
[116.400167] (-) TimerEvent: {}
[116.501790] (-) TimerEvent: {}
[116.602772] (-) TimerEvent: {}
[116.703778] (-) TimerEvent: {}
[116.804790] (-) TimerEvent: {}
[116.905827] (-) TimerEvent: {}
[117.006759] (-) TimerEvent: {}
[117.107710] (-) TimerEvent: {}
[117.208686] (-) TimerEvent: {}
[117.310089] (-) TimerEvent: {}
[117.411263] (-) TimerEvent: {}
[117.512572] (-) TimerEvent: {}
[117.613853] (-) TimerEvent: {}
[117.714835] (-) TimerEvent: {}
[117.815801] (-) TimerEvent: {}
[117.916937] (-) TimerEvent: {}
[118.018193] (-) TimerEvent: {}
[118.119141] (-) TimerEvent: {}
[118.220112] (-) TimerEvent: {}
[118.321064] (-) TimerEvent: {}
[118.422057] (-) TimerEvent: {}
[118.523009] (-) TimerEvent: {}
[118.623970] (-) TimerEvent: {}
[118.724951] (-) TimerEvent: {}
[118.825894] (-) TimerEvent: {}
[118.926840] (-) TimerEvent: {}
[119.027867] (-) TimerEvent: {}
[119.128830] (-) TimerEvent: {}
[119.229862] (-) TimerEvent: {}
[119.330868] (-) TimerEvent: {}
[119.431819] (-) TimerEvent: {}
[119.532781] (-) TimerEvent: {}
[119.633761] (-) TimerEvent: {}
[119.734701] (-) TimerEvent: {}
[119.835665] (-) TimerEvent: {}
[119.936638] (-) TimerEvent: {}
[120.037580] (-) TimerEvent: {}
[120.138586] (-) TimerEvent: {}
[120.239556] (-) TimerEvent: {}
[120.340497] (-) TimerEvent: {}
[120.441485] (-) TimerEvent: {}
[120.542528] (-) TimerEvent: {}
[120.643474] (-) TimerEvent: {}
[120.744418] (-) TimerEvent: {}
[120.845371] (-) TimerEvent: {}
[120.946320] (-) TimerEvent: {}
[121.047266] (-) TimerEvent: {}
[121.148273] (-) TimerEvent: {}
[121.249251] (-) TimerEvent: {}
[121.350275] (-) TimerEvent: {}
[121.451233] (-) TimerEvent: {}
[121.552185] (-) TimerEvent: {}
[121.653146] (-) TimerEvent: {}
[121.754147] (-) TimerEvent: {}
[121.855087] (-) TimerEvent: {}
[121.956012] (-) TimerEvent: {}
[122.056970] (-) TimerEvent: {}
[122.157982] (-) TimerEvent: {}
[122.258928] (-) TimerEvent: {}
[122.359880] (-) TimerEvent: {}
[122.460858] (-) TimerEvent: {}
[122.561801] (-) TimerEvent: {}
[122.662731] (-) TimerEvent: {}
[122.763674] (-) TimerEvent: {}
[122.864655] (-) TimerEvent: {}
[122.965606] (-) TimerEvent: {}
[123.066589] (-) TimerEvent: {}
[123.167552] (-) TimerEvent: {}
[123.268514] (-) TimerEvent: {}
[123.369469] (-) TimerEvent: {}
[123.470471] (-) TimerEvent: {}
[123.571443] (-) TimerEvent: {}
[123.672427] (-) TimerEvent: {}
[123.773478] (-) TimerEvent: {}
[123.874489] (-) TimerEvent: {}
[123.975404] (-) TimerEvent: {}
[124.076352] (-) TimerEvent: {}
[124.177334] (-) TimerEvent: {}
[124.278328] (-) TimerEvent: {}
[124.379251] (-) TimerEvent: {}
[124.480211] (-) TimerEvent: {}
[124.581171] (-) TimerEvent: {}
[124.682177] (-) TimerEvent: {}
[124.783156] (-) TimerEvent: {}
[124.884120] (-) TimerEvent: {}
[124.985102] (-) TimerEvent: {}
[125.086098] (-) TimerEvent: {}
[125.187072] (-) TimerEvent: {}
[125.287996] (-) TimerEvent: {}
[125.388962] (-) TimerEvent: {}
[125.489898] (-) TimerEvent: {}
[125.590855] (-) TimerEvent: {}
[125.691819] (-) TimerEvent: {}
[125.792784] (-) TimerEvent: {}
[125.893800] (-) TimerEvent: {}
[125.994757] (-) TimerEvent: {}
[126.095729] (-) TimerEvent: {}
[126.196670] (-) TimerEvent: {}
[126.297641] (-) TimerEvent: {}
[126.398625] (-) TimerEvent: {}
[126.499592] (-) TimerEvent: {}
[126.600646] (-) TimerEvent: {}
[126.701582] (-) TimerEvent: {}
[126.802587] (-) TimerEvent: {}
[126.903570] (-) TimerEvent: {}
[127.004503] (-) TimerEvent: {}
[127.105448] (-) TimerEvent: {}
[127.206433] (-) TimerEvent: {}
[127.307413] (-) TimerEvent: {}
[127.408347] (-) TimerEvent: {}
[127.509395] (-) TimerEvent: {}
[127.610434] (-) TimerEvent: {}
[127.711373] (-) TimerEvent: {}
[127.812332] (-) TimerEvent: {}
[127.913281] (-) TimerEvent: {}
[128.014260] (-) TimerEvent: {}
[128.115214] (-) TimerEvent: {}
[128.216172] (-) TimerEvent: {}
[128.317137] (-) TimerEvent: {}
[128.418108] (-) TimerEvent: {}
[128.519047] (-) TimerEvent: {}
[128.620113] (-) TimerEvent: {}
[128.721375] (-) TimerEvent: {}
[128.822366] (-) TimerEvent: {}
[128.923307] (-) TimerEvent: {}
[129.024282] (-) TimerEvent: {}
[129.125456] (-) TimerEvent: {}
[129.226446] (-) TimerEvent: {}
[129.327409] (-) TimerEvent: {}
[129.428429] (-) TimerEvent: {}
[129.529445] (-) TimerEvent: {}
[129.630498] (-) TimerEvent: {}
[129.731489] (-) TimerEvent: {}
[129.832547] (-) TimerEvent: {}
[129.933675] (-) TimerEvent: {}
[130.034750] (-) TimerEvent: {}
[130.135850] (-) TimerEvent: {}
[130.236786] (-) TimerEvent: {}
[130.337790] (-) TimerEvent: {}
[130.438740] (-) TimerEvent: {}
[130.539699] (-) TimerEvent: {}
[130.640599] (-) TimerEvent: {}
[130.741554] (-) TimerEvent: {}
[130.842582] (-) TimerEvent: {}
[130.943592] (-) TimerEvent: {}
[131.044541] (-) TimerEvent: {}
[131.145482] (-) TimerEvent: {}
[131.246467] (-) TimerEvent: {}
[131.347429] (-) TimerEvent: {}
[131.448377] (-) TimerEvent: {}
[131.549326] (-) TimerEvent: {}
[131.650343] (-) TimerEvent: {}
[131.751313] (-) TimerEvent: {}
[131.852276] (-) TimerEvent: {}
[131.953294] (-) TimerEvent: {}
[132.054300] (-) TimerEvent: {}
[132.155247] (-) TimerEvent: {}
[132.256221] (-) TimerEvent: {}
[132.357167] (-) TimerEvent: {}
[132.458153] (-) TimerEvent: {}
[132.559105] (-) TimerEvent: {}
[132.660018] (-) TimerEvent: {}
[132.760989] (-) TimerEvent: {}
[132.862035] (-) TimerEvent: {}
[132.962995] (-) TimerEvent: {}
[133.063952] (-) TimerEvent: {}
[133.164901] (-) TimerEvent: {}
[133.265876] (-) TimerEvent: {}
[133.366818] (-) TimerEvent: {}
[133.467766] (-) TimerEvent: {}
[133.568748] (-) TimerEvent: {}
[133.669770] (-) TimerEvent: {}
[133.770702] (-) TimerEvent: {}
[133.871746] (-) TimerEvent: {}
[133.973188] (-) TimerEvent: {}
[134.074495] (-) TimerEvent: {}
[134.175492] (-) TimerEvent: {}
[134.276716] (-) TimerEvent: {}
[134.377930] (-) TimerEvent: {}
[134.479142] (-) TimerEvent: {}
[134.580695] (-) TimerEvent: {}
[134.681668] (-) TimerEvent: {}
[134.782656] (-) TimerEvent: {}
[134.883642] (-) TimerEvent: {}
[134.984586] (-) TimerEvent: {}
[135.085613] (-) TimerEvent: {}
[135.186616] (-) TimerEvent: {}
[135.287527] (-) TimerEvent: {}
[135.388462] (-) TimerEvent: {}
[135.489460] (-) TimerEvent: {}
[135.590717] (-) TimerEvent: {}
[135.691657] (-) TimerEvent: {}
[135.792617] (-) TimerEvent: {}
[135.893600] (-) TimerEvent: {}
[135.994578] (-) TimerEvent: {}
[136.095520] (-) TimerEvent: {}
[136.196493] (-) TimerEvent: {}
[136.297468] (-) TimerEvent: {}
[136.398478] (-) TimerEvent: {}
[136.499483] (-) TimerEvent: {}
[136.600577] (-) TimerEvent: {}
[136.701878] (-) TimerEvent: {}
[136.803015] (-) TimerEvent: {}
[136.904344] (-) TimerEvent: {}
[137.005278] (-) TimerEvent: {}
[137.106346] (-) TimerEvent: {}
[137.207550] (-) TimerEvent: {}
[137.308586] (-) TimerEvent: {}
[137.409535] (-) TimerEvent: {}
[137.510452] (-) TimerEvent: {}
[137.611224] (-) TimerEvent: {}
[137.712001] (-) TimerEvent: {}
[137.812775] (-) TimerEvent: {}
[137.913579] (-) TimerEvent: {}
[138.014543] (-) TimerEvent: {}
[138.115359] (-) TimerEvent: {}
[138.216140] (-) TimerEvent: {}
[138.316999] (-) TimerEvent: {}
[138.379584] (ros_xeno_bridge) StdoutLine: {'line': b'[100%] \x1b[32m\x1b[1mLinking CXX executable RosXenoBridge\x1b[0m\n'}
[138.417212] (-) TimerEvent: {}
[138.518588] (-) TimerEvent: {}
[138.620054] (-) TimerEvent: {}
[138.721648] (-) TimerEvent: {}
[138.823157] (-) TimerEvent: {}
[138.924741] (-) TimerEvent: {}
[139.025970] (-) TimerEvent: {}
[139.127590] (-) TimerEvent: {}
[139.228999] (-) TimerEvent: {}
[139.330558] (-) TimerEvent: {}
[139.431984] (-) TimerEvent: {}
[139.533499] (-) TimerEvent: {}
[139.634501] (-) TimerEvent: {}
[139.736043] (-) TimerEvent: {}
[139.837086] (-) TimerEvent: {}
[139.937969] (-) TimerEvent: {}
[140.038829] (-) TimerEvent: {}
[140.139697] (-) TimerEvent: {}
[140.240635] (-) TimerEvent: {}
[140.342273] (-) TimerEvent: {}
[140.443636] (-) TimerEvent: {}
[140.545057] (-) TimerEvent: {}
[140.645904] (-) TimerEvent: {}
[140.746654] (-) TimerEvent: {}
[140.847429] (-) TimerEvent: {}
[140.948252] (-) TimerEvent: {}
[141.049043] (-) TimerEvent: {}
[141.149918] (-) TimerEvent: {}
[141.165354] (ros_xeno_bridge) StdoutLine: {'line': b'[100%] Built target RosXenoBridge\n'}
[141.198475] (ros_xeno_bridge) JobEnded: {'identifier': 'ros_xeno_bridge', 'rc': 'SIGINT'}
[141.213580] (xeno_loop) JobSkipped: {'identifier': 'xeno_loop'}
[141.214756] (-) EventReactorShutdown: {}
