[0.469s] DEBUG:colcon:Command line arguments: ['/usr/bin/colcon', 'build']
[0.470s] DEBUG:colcon:Parsed command line arguments: Namespace(log_base=None, log_level=None, verb_name='build', build_base='build', install_base='install', merge_install=False, symlink_install=False, test_result_base=None, continue_on_error=False, executor='parallel', parallel_workers=3, event_handlers=None, ignore_user_meta=False, metas=['./colcon.meta'], base_paths=['.'], packages_ignore=None, packages_ignore_regex=None, paths=None, packages_up_to=None, packages_up_to_regex=None, packages_above=None, packages_above_and_dependencies=None, packages_above_depth=None, packages_select_by_dep=None, packages_skip_by_dep=None, packages_skip_up_to=None, packages_select_build_failed=False, packages_skip_build_finished=False, packages_select_test_failures=False, packages_skip_test_passed=False, packages_select=None, packages_skip=None, packages_select_regex=None, packages_skip_regex=None, packages_start=None, packages_end=None, allow_overriding=[], cmake_args=None, cmake_target=None, cmake_target_skip_unavailable=False, cmake_clean_cache=False, cmake_clean_first=False, cmake_force_configure=False, ament_cmake_args=None, catkin_cmake_args=None, catkin_skip_building_tests=False, mixin_files=None, mixin=None, verb_parser=<colcon_mixin.mixin.mixin_argument.MixinArgumentDecorator object at 0xffffb8645150>, verb_extension=<colcon_core.verb.build.BuildVerb object at 0xffffb8644be0>, main=<bound method BuildVerb.main of <colcon_core.verb.build.BuildVerb object at 0xffffb8644be0>>, mixin_verb=('build',))
[1.213s] Level 1:colcon.colcon_core.package_discovery:discover_packages(colcon_meta) check parameters
[1.213s] Level 1:colcon.colcon_core.package_discovery:discover_packages(recursive) check parameters
[1.214s] Level 1:colcon.colcon_core.package_discovery:discover_packages(ignore) check parameters
[1.214s] Level 1:colcon.colcon_core.package_discovery:discover_packages(path) check parameters
[1.214s] Level 1:colcon.colcon_core.package_discovery:discover_packages(colcon_meta) discover
[1.215s] Level 1:colcon.colcon_core.package_discovery:discover_packages(recursive) discover
[1.215s] INFO:colcon.colcon_core.package_discovery:Crawling recursively for packages in '/home/asdfr-30/ASDfR_3'
[1.216s] Level 1:colcon.colcon_core.package_identification:_identify(.) by extensions ['ignore', 'ignore_ament_install']
[1.216s] Level 1:colcon.colcon_core.package_identification:_identify(.) by extension 'ignore'
[1.216s] Level 1:colcon.colcon_core.package_identification:_identify(.) by extension 'ignore_ament_install'
[1.217s] Level 1:colcon.colcon_core.package_identification:_identify(.) by extensions ['colcon_pkg']
[1.217s] Level 1:colcon.colcon_core.package_identification:_identify(.) by extension 'colcon_pkg'
[1.217s] Level 1:colcon.colcon_core.package_identification:_identify(.) by extensions ['colcon_meta']
[1.218s] Level 1:colcon.colcon_core.package_identification:_identify(.) by extension 'colcon_meta'
[1.218s] Level 1:colcon.colcon_core.package_identification:_identify(.) by extensions ['ros']
[1.218s] Level 1:colcon.colcon_core.package_identification:_identify(.) by extension 'ros'
[1.259s] Level 1:colcon.colcon_core.package_identification:_identify(.) by extensions ['cmake', 'python']
[1.260s] Level 1:colcon.colcon_core.package_identification:_identify(.) by extension 'cmake'
[1.260s] Level 1:colcon.colcon_core.package_identification:_identify(.) by extension 'python'
[1.260s] Level 1:colcon.colcon_core.package_identification:_identify(.) by extensions ['python_setup_py']
[1.261s] Level 1:colcon.colcon_core.package_identification:_identify(.) by extension 'python_setup_py'
[1.261s] Level 1:colcon.colcon_core.package_identification:_identify(build) by extensions ['ignore', 'ignore_ament_install']
[1.262s] Level 1:colcon.colcon_core.package_identification:_identify(build) by extension 'ignore'
[1.262s] Level 1:colcon.colcon_core.package_identification:_identify(build) ignored
[1.263s] Level 1:colcon.colcon_core.package_identification:_identify(install) by extensions ['ignore', 'ignore_ament_install']
[1.264s] Level 1:colcon.colcon_core.package_identification:_identify(install) by extension 'ignore'
[1.264s] Level 1:colcon.colcon_core.package_identification:_identify(install) ignored
[1.265s] Level 1:colcon.colcon_core.package_identification:_identify(log) by extensions ['ignore', 'ignore_ament_install']
[1.266s] Level 1:colcon.colcon_core.package_identification:_identify(log) by extension 'ignore'
[1.266s] Level 1:colcon.colcon_core.package_identification:_identify(log) ignored
[1.267s] Level 1:colcon.colcon_core.package_identification:_identify(src) by extensions ['ignore', 'ignore_ament_install']
[1.267s] Level 1:colcon.colcon_core.package_identification:_identify(src) by extension 'ignore'
[1.267s] Level 1:colcon.colcon_core.package_identification:_identify(src) by extension 'ignore_ament_install'
[1.268s] Level 1:colcon.colcon_core.package_identification:_identify(src) by extensions ['colcon_pkg']
[1.268s] Level 1:colcon.colcon_core.package_identification:_identify(src) by extension 'colcon_pkg'
[1.268s] Level 1:colcon.colcon_core.package_identification:_identify(src) by extensions ['colcon_meta']
[1.269s] Level 1:colcon.colcon_core.package_identification:_identify(src) by extension 'colcon_meta'
[1.269s] Level 1:colcon.colcon_core.package_identification:_identify(src) by extensions ['ros']
[1.269s] Level 1:colcon.colcon_core.package_identification:_identify(src) by extension 'ros'
[1.270s] Level 1:colcon.colcon_core.package_identification:_identify(src) by extensions ['cmake', 'python']
[1.270s] Level 1:colcon.colcon_core.package_identification:_identify(src) by extension 'cmake'
[1.270s] Level 1:colcon.colcon_core.package_identification:_identify(src) by extension 'python'
[1.271s] Level 1:colcon.colcon_core.package_identification:_identify(src) by extensions ['python_setup_py']
[1.271s] Level 1:colcon.colcon_core.package_identification:_identify(src) by extension 'python_setup_py'
[1.272s] Level 1:colcon.colcon_core.package_identification:_identify(src/XRF2) by extensions ['ignore', 'ignore_ament_install']
[1.272s] Level 1:colcon.colcon_core.package_identification:_identify(src/XRF2) by extension 'ignore'
[1.272s] Level 1:colcon.colcon_core.package_identification:_identify(src/XRF2) by extension 'ignore_ament_install'
[1.273s] Level 1:colcon.colcon_core.package_identification:_identify(src/XRF2) by extensions ['colcon_pkg']
[1.273s] Level 1:colcon.colcon_core.package_identification:_identify(src/XRF2) by extension 'colcon_pkg'
[1.273s] Level 1:colcon.colcon_core.package_identification:_identify(src/XRF2) by extensions ['colcon_meta']
[1.274s] Level 1:colcon.colcon_core.package_identification:_identify(src/XRF2) by extension 'colcon_meta'
[1.274s] Level 1:colcon.colcon_core.package_identification:_identify(src/XRF2) by extensions ['ros']
[1.274s] Level 1:colcon.colcon_core.package_identification:_identify(src/XRF2) by extension 'ros'
[1.275s] Level 1:colcon.colcon_core.package_identification:_identify(src/XRF2) by extensions ['cmake', 'python']
[1.275s] Level 1:colcon.colcon_core.package_identification:_identify(src/XRF2) by extension 'cmake'
[1.275s] Level 1:colcon.colcon_core.package_identification:_identify(src/XRF2) by extension 'python'
[1.276s] Level 1:colcon.colcon_core.package_identification:_identify(src/XRF2) by extensions ['python_setup_py']
[1.276s] Level 1:colcon.colcon_core.package_identification:_identify(src/XRF2) by extension 'python_setup_py'
[1.277s] Level 1:colcon.colcon_core.package_identification:_identify(src/XRF2/Template) by extensions ['ignore', 'ignore_ament_install']
[1.277s] Level 1:colcon.colcon_core.package_identification:_identify(src/XRF2/Template) by extension 'ignore'
[1.277s] Level 1:colcon.colcon_core.package_identification:_identify(src/XRF2/Template) ignored
[1.278s] Level 1:colcon.colcon_core.package_identification:_identify(src/XRF2/XenoRosFramework) by extensions ['ignore', 'ignore_ament_install']
[1.279s] Level 1:colcon.colcon_core.package_identification:_identify(src/XRF2/XenoRosFramework) by extension 'ignore'
[1.279s] Level 1:colcon.colcon_core.package_identification:_identify(src/XRF2/XenoRosFramework) by extension 'ignore_ament_install'
[1.280s] Level 1:colcon.colcon_core.package_identification:_identify(src/XRF2/XenoRosFramework) by extensions ['colcon_pkg']
[1.280s] Level 1:colcon.colcon_core.package_identification:_identify(src/XRF2/XenoRosFramework) by extension 'colcon_pkg'
[1.280s] Level 1:colcon.colcon_core.package_identification:_identify(src/XRF2/XenoRosFramework) by extensions ['colcon_meta']
[1.280s] Level 1:colcon.colcon_core.package_identification:_identify(src/XRF2/XenoRosFramework) by extension 'colcon_meta'
[1.281s] Level 1:colcon.colcon_core.package_identification:_identify(src/XRF2/XenoRosFramework) by extensions ['ros']
[1.281s] Level 1:colcon.colcon_core.package_identification:_identify(src/XRF2/XenoRosFramework) by extension 'ros'
[1.282s] Level 1:colcon.colcon_core.package_identification:_identify(src/XRF2/XenoRosFramework) by extensions ['cmake', 'python']
[1.282s] Level 1:colcon.colcon_core.package_identification:_identify(src/XRF2/XenoRosFramework) by extension 'cmake'
[1.282s] Level 1:colcon.colcon_core.package_identification:_identify(src/XRF2/XenoRosFramework) by extension 'python'
[1.283s] Level 1:colcon.colcon_core.package_identification:_identify(src/XRF2/XenoRosFramework) by extensions ['python_setup_py']
[1.283s] Level 1:colcon.colcon_core.package_identification:_identify(src/XRF2/XenoRosFramework) by extension 'python_setup_py'
[1.283s] Level 1:colcon.colcon_core.package_identification:_identify(src/XRF2/XenoRosFramework/Common) by extensions ['ignore', 'ignore_ament_install']
[1.284s] Level 1:colcon.colcon_core.package_identification:_identify(src/XRF2/XenoRosFramework/Common) by extension 'ignore'
[1.284s] Level 1:colcon.colcon_core.package_identification:_identify(src/XRF2/XenoRosFramework/Common) by extension 'ignore_ament_install'
[1.285s] Level 1:colcon.colcon_core.package_identification:_identify(src/XRF2/XenoRosFramework/Common) by extensions ['colcon_pkg']
[1.285s] Level 1:colcon.colcon_core.package_identification:_identify(src/XRF2/XenoRosFramework/Common) by extension 'colcon_pkg'
[1.285s] Level 1:colcon.colcon_core.package_identification:_identify(src/XRF2/XenoRosFramework/Common) by extensions ['colcon_meta']
[1.285s] Level 1:colcon.colcon_core.package_identification:_identify(src/XRF2/XenoRosFramework/Common) by extension 'colcon_meta'
[1.286s] Level 1:colcon.colcon_core.package_identification:_identify(src/XRF2/XenoRosFramework/Common) by extensions ['ros']
[1.286s] Level 1:colcon.colcon_core.package_identification:_identify(src/XRF2/XenoRosFramework/Common) by extension 'ros'
[1.287s] Level 1:colcon.colcon_core.package_identification:_identify(src/XRF2/XenoRosFramework/Common) by extensions ['cmake', 'python']
[1.287s] Level 1:colcon.colcon_core.package_identification:_identify(src/XRF2/XenoRosFramework/Common) by extension 'cmake'
[1.287s] Level 1:colcon.colcon_core.package_identification:_identify(src/XRF2/XenoRosFramework/Common) by extension 'python'
[1.288s] Level 1:colcon.colcon_core.package_identification:_identify(src/XRF2/XenoRosFramework/Common) by extensions ['python_setup_py']
[1.288s] Level 1:colcon.colcon_core.package_identification:_identify(src/XRF2/XenoRosFramework/Common) by extension 'python_setup_py'
[1.289s] Level 1:colcon.colcon_core.package_identification:_identify(src/XRF2/XenoRosFramework/Common/XRF2_msgs) by extensions ['ignore', 'ignore_ament_install']
[1.289s] Level 1:colcon.colcon_core.package_identification:_identify(src/XRF2/XenoRosFramework/Common/XRF2_msgs) by extension 'ignore'
[1.290s] Level 1:colcon.colcon_core.package_identification:_identify(src/XRF2/XenoRosFramework/Common/XRF2_msgs) by extension 'ignore_ament_install'
[1.290s] Level 1:colcon.colcon_core.package_identification:_identify(src/XRF2/XenoRosFramework/Common/XRF2_msgs) by extensions ['colcon_pkg']
[1.291s] Level 1:colcon.colcon_core.package_identification:_identify(src/XRF2/XenoRosFramework/Common/XRF2_msgs) by extension 'colcon_pkg'
[1.291s] Level 1:colcon.colcon_core.package_identification:_identify(src/XRF2/XenoRosFramework/Common/XRF2_msgs) by extensions ['colcon_meta']
[1.292s] Level 1:colcon.colcon_core.package_identification:_identify(src/XRF2/XenoRosFramework/Common/XRF2_msgs) by extension 'colcon_meta'
[1.292s] Level 1:colcon.colcon_core.package_identification:_identify(src/XRF2/XenoRosFramework/Common/XRF2_msgs) by extensions ['ros']
[1.292s] Level 1:colcon.colcon_core.package_identification:_identify(src/XRF2/XenoRosFramework/Common/XRF2_msgs) by extension 'ros'
[1.300s] DEBUG:colcon.colcon_core.package_identification:Package 'src/XRF2/XenoRosFramework/Common/XRF2_msgs' with type 'ros.ament_cmake' and name 'xrf2_msgs'
[1.301s] Level 1:colcon.colcon_core.package_identification:_identify(src/XRF2/XenoRosFramework/Common/XenoFrtLogger_decoder) by extensions ['ignore', 'ignore_ament_install']
[1.302s] Level 1:colcon.colcon_core.package_identification:_identify(src/XRF2/XenoRosFramework/Common/XenoFrtLogger_decoder) by extension 'ignore'
[1.302s] Level 1:colcon.colcon_core.package_identification:_identify(src/XRF2/XenoRosFramework/Common/XenoFrtLogger_decoder) by extension 'ignore_ament_install'
[1.302s] Level 1:colcon.colcon_core.package_identification:_identify(src/XRF2/XenoRosFramework/Common/XenoFrtLogger_decoder) by extensions ['colcon_pkg']
[1.303s] Level 1:colcon.colcon_core.package_identification:_identify(src/XRF2/XenoRosFramework/Common/XenoFrtLogger_decoder) by extension 'colcon_pkg'
[1.303s] Level 1:colcon.colcon_core.package_identification:_identify(src/XRF2/XenoRosFramework/Common/XenoFrtLogger_decoder) by extensions ['colcon_meta']
[1.303s] Level 1:colcon.colcon_core.package_identification:_identify(src/XRF2/XenoRosFramework/Common/XenoFrtLogger_decoder) by extension 'colcon_meta'
[1.304s] Level 1:colcon.colcon_core.package_identification:_identify(src/XRF2/XenoRosFramework/Common/XenoFrtLogger_decoder) by extensions ['ros']
[1.304s] Level 1:colcon.colcon_core.package_identification:_identify(src/XRF2/XenoRosFramework/Common/XenoFrtLogger_decoder) by extension 'ros'
[1.305s] Level 1:colcon.colcon_core.package_identification:_identify(src/XRF2/XenoRosFramework/Common/XenoFrtLogger_decoder) by extensions ['cmake', 'python']
[1.305s] Level 1:colcon.colcon_core.package_identification:_identify(src/XRF2/XenoRosFramework/Common/XenoFrtLogger_decoder) by extension 'cmake'
[1.305s] Level 1:colcon.colcon_core.package_identification:_identify(src/XRF2/XenoRosFramework/Common/XenoFrtLogger_decoder) by extension 'python'
[1.305s] Level 1:colcon.colcon_core.package_identification:_identify(src/XRF2/XenoRosFramework/Common/XenoFrtLogger_decoder) by extensions ['python_setup_py']
[1.306s] Level 1:colcon.colcon_core.package_identification:_identify(src/XRF2/XenoRosFramework/Common/XenoFrtLogger_decoder) by extension 'python_setup_py'
[1.306s] Level 1:colcon.colcon_core.package_identification:_identify(src/XRF2/XenoRosFramework/Common/include) by extensions ['ignore', 'ignore_ament_install']
[1.307s] Level 1:colcon.colcon_core.package_identification:_identify(src/XRF2/XenoRosFramework/Common/include) by extension 'ignore'
[1.307s] Level 1:colcon.colcon_core.package_identification:_identify(src/XRF2/XenoRosFramework/Common/include) by extension 'ignore_ament_install'
[1.308s] Level 1:colcon.colcon_core.package_identification:_identify(src/XRF2/XenoRosFramework/Common/include) by extensions ['colcon_pkg']
[1.308s] Level 1:colcon.colcon_core.package_identification:_identify(src/XRF2/XenoRosFramework/Common/include) by extension 'colcon_pkg'
[1.308s] Level 1:colcon.colcon_core.package_identification:_identify(src/XRF2/XenoRosFramework/Common/include) by extensions ['colcon_meta']
[1.309s] Level 1:colcon.colcon_core.package_identification:_identify(src/XRF2/XenoRosFramework/Common/include) by extension 'colcon_meta'
[1.309s] Level 1:colcon.colcon_core.package_identification:_identify(src/XRF2/XenoRosFramework/Common/include) by extensions ['ros']
[1.310s] Level 1:colcon.colcon_core.package_identification:_identify(src/XRF2/XenoRosFramework/Common/include) by extension 'ros'
[1.310s] Level 1:colcon.colcon_core.package_identification:_identify(src/XRF2/XenoRosFramework/Common/include) by extensions ['cmake', 'python']
[1.311s] Level 1:colcon.colcon_core.package_identification:_identify(src/XRF2/XenoRosFramework/Common/include) by extension 'cmake'
[1.312s] Level 1:colcon.colcon_core.package_identification:_identify(src/XRF2/XenoRosFramework/Common/include) by extension 'python'
[1.312s] Level 1:colcon.colcon_core.package_identification:_identify(src/XRF2/XenoRosFramework/Common/include) by extensions ['python_setup_py']
[1.312s] Level 1:colcon.colcon_core.package_identification:_identify(src/XRF2/XenoRosFramework/Common/include) by extension 'python_setup_py'
[1.313s] Level 1:colcon.colcon_core.package_identification:_identify(src/XRF2/XenoRosFramework/Common/python_script) by extensions ['ignore', 'ignore_ament_install']
[1.314s] Level 1:colcon.colcon_core.package_identification:_identify(src/XRF2/XenoRosFramework/Common/python_script) by extension 'ignore'
[1.314s] Level 1:colcon.colcon_core.package_identification:_identify(src/XRF2/XenoRosFramework/Common/python_script) by extension 'ignore_ament_install'
[1.314s] Level 1:colcon.colcon_core.package_identification:_identify(src/XRF2/XenoRosFramework/Common/python_script) by extensions ['colcon_pkg']
[1.315s] Level 1:colcon.colcon_core.package_identification:_identify(src/XRF2/XenoRosFramework/Common/python_script) by extension 'colcon_pkg'
[1.315s] Level 1:colcon.colcon_core.package_identification:_identify(src/XRF2/XenoRosFramework/Common/python_script) by extensions ['colcon_meta']
[1.315s] Level 1:colcon.colcon_core.package_identification:_identify(src/XRF2/XenoRosFramework/Common/python_script) by extension 'colcon_meta'
[1.316s] Level 1:colcon.colcon_core.package_identification:_identify(src/XRF2/XenoRosFramework/Common/python_script) by extensions ['ros']
[1.316s] Level 1:colcon.colcon_core.package_identification:_identify(src/XRF2/XenoRosFramework/Common/python_script) by extension 'ros'
[1.316s] Level 1:colcon.colcon_core.package_identification:_identify(src/XRF2/XenoRosFramework/Common/python_script) by extensions ['cmake', 'python']
[1.317s] Level 1:colcon.colcon_core.package_identification:_identify(src/XRF2/XenoRosFramework/Common/python_script) by extension 'cmake'
[1.317s] Level 1:colcon.colcon_core.package_identification:_identify(src/XRF2/XenoRosFramework/Common/python_script) by extension 'python'
[1.317s] Level 1:colcon.colcon_core.package_identification:_identify(src/XRF2/XenoRosFramework/Common/python_script) by extensions ['python_setup_py']
[1.318s] Level 1:colcon.colcon_core.package_identification:_identify(src/XRF2/XenoRosFramework/Common/python_script) by extension 'python_setup_py'
[1.318s] Level 1:colcon.colcon_core.package_identification:_identify(src/XRF2/XenoRosFramework/Common/xbuf_dev_rule) by extensions ['ignore', 'ignore_ament_install']
[1.319s] Level 1:colcon.colcon_core.package_identification:_identify(src/XRF2/XenoRosFramework/Common/xbuf_dev_rule) by extension 'ignore'
[1.319s] Level 1:colcon.colcon_core.package_identification:_identify(src/XRF2/XenoRosFramework/Common/xbuf_dev_rule) by extension 'ignore_ament_install'
[1.319s] Level 1:colcon.colcon_core.package_identification:_identify(src/XRF2/XenoRosFramework/Common/xbuf_dev_rule) by extensions ['colcon_pkg']
[1.320s] Level 1:colcon.colcon_core.package_identification:_identify(src/XRF2/XenoRosFramework/Common/xbuf_dev_rule) by extension 'colcon_pkg'
[1.320s] Level 1:colcon.colcon_core.package_identification:_identify(src/XRF2/XenoRosFramework/Common/xbuf_dev_rule) by extensions ['colcon_meta']
[1.320s] Level 1:colcon.colcon_core.package_identification:_identify(src/XRF2/XenoRosFramework/Common/xbuf_dev_rule) by extension 'colcon_meta'
[1.321s] Level 1:colcon.colcon_core.package_identification:_identify(src/XRF2/XenoRosFramework/Common/xbuf_dev_rule) by extensions ['ros']
[1.321s] Level 1:colcon.colcon_core.package_identification:_identify(src/XRF2/XenoRosFramework/Common/xbuf_dev_rule) by extension 'ros'
[1.322s] Level 1:colcon.colcon_core.package_identification:_identify(src/XRF2/XenoRosFramework/Common/xbuf_dev_rule) by extensions ['cmake', 'python']
[1.322s] Level 1:colcon.colcon_core.package_identification:_identify(src/XRF2/XenoRosFramework/Common/xbuf_dev_rule) by extension 'cmake'
[1.322s] Level 1:colcon.colcon_core.package_identification:_identify(src/XRF2/XenoRosFramework/Common/xbuf_dev_rule) by extension 'python'
[1.323s] Level 1:colcon.colcon_core.package_identification:_identify(src/XRF2/XenoRosFramework/Common/xbuf_dev_rule) by extensions ['python_setup_py']
[1.323s] Level 1:colcon.colcon_core.package_identification:_identify(src/XRF2/XenoRosFramework/Common/xbuf_dev_rule) by extension 'python_setup_py'
[1.324s] Level 1:colcon.colcon_core.package_identification:_identify(src/XRF2/XenoRosFramework/Ros) by extensions ['ignore', 'ignore_ament_install']
[1.324s] Level 1:colcon.colcon_core.package_identification:_identify(src/XRF2/XenoRosFramework/Ros) by extension 'ignore'
[1.325s] Level 1:colcon.colcon_core.package_identification:_identify(src/XRF2/XenoRosFramework/Ros) by extension 'ignore_ament_install'
[1.325s] Level 1:colcon.colcon_core.package_identification:_identify(src/XRF2/XenoRosFramework/Ros) by extensions ['colcon_pkg']
[1.325s] Level 1:colcon.colcon_core.package_identification:_identify(src/XRF2/XenoRosFramework/Ros) by extension 'colcon_pkg'
[1.326s] Level 1:colcon.colcon_core.package_identification:_identify(src/XRF2/XenoRosFramework/Ros) by extensions ['colcon_meta']
[1.326s] Level 1:colcon.colcon_core.package_identification:_identify(src/XRF2/XenoRosFramework/Ros) by extension 'colcon_meta'
[1.326s] Level 1:colcon.colcon_core.package_identification:_identify(src/XRF2/XenoRosFramework/Ros) by extensions ['ros']
[1.327s] Level 1:colcon.colcon_core.package_identification:_identify(src/XRF2/XenoRosFramework/Ros) by extension 'ros'
[1.327s] Level 1:colcon.colcon_core.package_identification:_identify(src/XRF2/XenoRosFramework/Ros) by extensions ['cmake', 'python']
[1.327s] Level 1:colcon.colcon_core.package_identification:_identify(src/XRF2/XenoRosFramework/Ros) by extension 'cmake'
[1.328s] Level 1:colcon.colcon_core.package_identification:_identify(src/XRF2/XenoRosFramework/Ros) by extension 'python'
[1.328s] Level 1:colcon.colcon_core.package_identification:_identify(src/XRF2/XenoRosFramework/Ros) by extensions ['python_setup_py']
[1.328s] Level 1:colcon.colcon_core.package_identification:_identify(src/XRF2/XenoRosFramework/Ros) by extension 'python_setup_py'
[1.329s] Level 1:colcon.colcon_core.package_identification:_identify(src/XRF2/XenoRosFramework/Ros/ros_xeno_bridge) by extensions ['ignore', 'ignore_ament_install']
[1.329s] Level 1:colcon.colcon_core.package_identification:_identify(src/XRF2/XenoRosFramework/Ros/ros_xeno_bridge) by extension 'ignore'
[1.330s] Level 1:colcon.colcon_core.package_identification:_identify(src/XRF2/XenoRosFramework/Ros/ros_xeno_bridge) by extension 'ignore_ament_install'
[1.330s] Level 1:colcon.colcon_core.package_identification:_identify(src/XRF2/XenoRosFramework/Ros/ros_xeno_bridge) by extensions ['colcon_pkg']
[1.330s] Level 1:colcon.colcon_core.package_identification:_identify(src/XRF2/XenoRosFramework/Ros/ros_xeno_bridge) by extension 'colcon_pkg'
[1.331s] Level 1:colcon.colcon_core.package_identification:_identify(src/XRF2/XenoRosFramework/Ros/ros_xeno_bridge) by extensions ['colcon_meta']
[1.331s] Level 1:colcon.colcon_core.package_identification:_identify(src/XRF2/XenoRosFramework/Ros/ros_xeno_bridge) by extension 'colcon_meta'
[1.331s] Level 1:colcon.colcon_core.package_identification:_identify(src/XRF2/XenoRosFramework/Ros/ros_xeno_bridge) by extensions ['ros']
[1.332s] Level 1:colcon.colcon_core.package_identification:_identify(src/XRF2/XenoRosFramework/Ros/ros_xeno_bridge) by extension 'ros'
[1.335s] DEBUG:colcon.colcon_core.package_identification:Package 'src/XRF2/XenoRosFramework/Ros/ros_xeno_bridge' with type 'ros.ament_cmake' and name 'ros_xeno_bridge'
[1.336s] Level 1:colcon.colcon_core.package_identification:_identify(src/XRF2/XenoRosFramework/Unit-Tests) by extensions ['ignore', 'ignore_ament_install']
[1.337s] Level 1:colcon.colcon_core.package_identification:_identify(src/XRF2/XenoRosFramework/Unit-Tests) by extension 'ignore'
[1.337s] Level 1:colcon.colcon_core.package_identification:_identify(src/XRF2/XenoRosFramework/Unit-Tests) by extension 'ignore_ament_install'
[1.338s] Level 1:colcon.colcon_core.package_identification:_identify(src/XRF2/XenoRosFramework/Unit-Tests) by extensions ['colcon_pkg']
[1.339s] Level 1:colcon.colcon_core.package_identification:_identify(src/XRF2/XenoRosFramework/Unit-Tests) by extension 'colcon_pkg'
[1.339s] Level 1:colcon.colcon_core.package_identification:_identify(src/XRF2/XenoRosFramework/Unit-Tests) by extensions ['colcon_meta']
[1.340s] Level 1:colcon.colcon_core.package_identification:_identify(src/XRF2/XenoRosFramework/Unit-Tests) by extension 'colcon_meta'
[1.340s] Level 1:colcon.colcon_core.package_identification:_identify(src/XRF2/XenoRosFramework/Unit-Tests) by extensions ['ros']
[1.341s] Level 1:colcon.colcon_core.package_identification:_identify(src/XRF2/XenoRosFramework/Unit-Tests) by extension 'ros'
[1.341s] Level 1:colcon.colcon_core.package_identification:_identify(src/XRF2/XenoRosFramework/Unit-Tests) by extensions ['cmake', 'python']
[1.341s] Level 1:colcon.colcon_core.package_identification:_identify(src/XRF2/XenoRosFramework/Unit-Tests) by extension 'cmake'
[1.342s] Level 1:colcon.colcon_core.package_identification:_identify(src/XRF2/XenoRosFramework/Unit-Tests) by extension 'python'
[1.342s] Level 1:colcon.colcon_core.package_identification:_identify(src/XRF2/XenoRosFramework/Unit-Tests) by extensions ['python_setup_py']
[1.342s] Level 1:colcon.colcon_core.package_identification:_identify(src/XRF2/XenoRosFramework/Unit-Tests) by extension 'python_setup_py'
[1.343s] Level 1:colcon.colcon_core.package_identification:_identify(src/XRF2/XenoRosFramework/Unit-Tests/IcoIo) by extensions ['ignore', 'ignore_ament_install']
[1.344s] Level 1:colcon.colcon_core.package_identification:_identify(src/XRF2/XenoRosFramework/Unit-Tests/IcoIo) by extension 'ignore'
[1.344s] Level 1:colcon.colcon_core.package_identification:_identify(src/XRF2/XenoRosFramework/Unit-Tests/IcoIo) ignored
[1.344s] Level 1:colcon.colcon_core.package_identification:_identify(src/XRF2/XenoRosFramework/Unit-Tests/Logger) by extensions ['ignore', 'ignore_ament_install']
[1.345s] Level 1:colcon.colcon_core.package_identification:_identify(src/XRF2/XenoRosFramework/Unit-Tests/Logger) by extension 'ignore'
[1.345s] Level 1:colcon.colcon_core.package_identification:_identify(src/XRF2/XenoRosFramework/Unit-Tests/Logger) ignored
[1.346s] Level 1:colcon.colcon_core.package_identification:_identify(src/XRF2/XenoRosFramework/Unit-Tests/Monitor) by extensions ['ignore', 'ignore_ament_install']
[1.346s] Level 1:colcon.colcon_core.package_identification:_identify(src/XRF2/XenoRosFramework/Unit-Tests/Monitor) by extension 'ignore'
[1.347s] Level 1:colcon.colcon_core.package_identification:_identify(src/XRF2/XenoRosFramework/Unit-Tests/Monitor) ignored
[1.347s] Level 1:colcon.colcon_core.package_identification:_identify(src/XRF2/XenoRosFramework/Xenomai) by extensions ['ignore', 'ignore_ament_install']
[1.348s] Level 1:colcon.colcon_core.package_identification:_identify(src/XRF2/XenoRosFramework/Xenomai) by extension 'ignore'
[1.348s] Level 1:colcon.colcon_core.package_identification:_identify(src/XRF2/XenoRosFramework/Xenomai) by extension 'ignore_ament_install'
[1.349s] Level 1:colcon.colcon_core.package_identification:_identify(src/XRF2/XenoRosFramework/Xenomai) by extensions ['colcon_pkg']
[1.349s] Level 1:colcon.colcon_core.package_identification:_identify(src/XRF2/XenoRosFramework/Xenomai) by extension 'colcon_pkg'
[1.349s] Level 1:colcon.colcon_core.package_identification:_identify(src/XRF2/XenoRosFramework/Xenomai) by extensions ['colcon_meta']
[1.349s] Level 1:colcon.colcon_core.package_identification:_identify(src/XRF2/XenoRosFramework/Xenomai) by extension 'colcon_meta'
[1.350s] Level 1:colcon.colcon_core.package_identification:_identify(src/XRF2/XenoRosFramework/Xenomai) by extensions ['ros']
[1.350s] Level 1:colcon.colcon_core.package_identification:_identify(src/XRF2/XenoRosFramework/Xenomai) by extension 'ros'
[1.351s] Level 1:colcon.colcon_core.package_identification:_identify(src/XRF2/XenoRosFramework/Xenomai) by extensions ['cmake', 'python']
[1.351s] Level 1:colcon.colcon_core.package_identification:_identify(src/XRF2/XenoRosFramework/Xenomai) by extension 'cmake'
[1.351s] Level 1:colcon.colcon_core.package_identification:_identify(src/XRF2/XenoRosFramework/Xenomai) by extension 'python'
[1.352s] Level 1:colcon.colcon_core.package_identification:_identify(src/XRF2/XenoRosFramework/Xenomai) by extensions ['python_setup_py']
[1.352s] Level 1:colcon.colcon_core.package_identification:_identify(src/XRF2/XenoRosFramework/Xenomai) by extension 'python_setup_py'
[1.353s] Level 1:colcon.colcon_core.package_identification:_identify(src/XRF2/XenoRosFramework/Xenomai/include) by extensions ['ignore', 'ignore_ament_install']
[1.353s] Level 1:colcon.colcon_core.package_identification:_identify(src/XRF2/XenoRosFramework/Xenomai/include) by extension 'ignore'
[1.354s] Level 1:colcon.colcon_core.package_identification:_identify(src/XRF2/XenoRosFramework/Xenomai/include) by extension 'ignore_ament_install'
[1.354s] Level 1:colcon.colcon_core.package_identification:_identify(src/XRF2/XenoRosFramework/Xenomai/include) by extensions ['colcon_pkg']
[1.354s] Level 1:colcon.colcon_core.package_identification:_identify(src/XRF2/XenoRosFramework/Xenomai/include) by extension 'colcon_pkg'
[1.355s] Level 1:colcon.colcon_core.package_identification:_identify(src/XRF2/XenoRosFramework/Xenomai/include) by extensions ['colcon_meta']
[1.355s] Level 1:colcon.colcon_core.package_identification:_identify(src/XRF2/XenoRosFramework/Xenomai/include) by extension 'colcon_meta'
[1.355s] Level 1:colcon.colcon_core.package_identification:_identify(src/XRF2/XenoRosFramework/Xenomai/include) by extensions ['ros']
[1.356s] Level 1:colcon.colcon_core.package_identification:_identify(src/XRF2/XenoRosFramework/Xenomai/include) by extension 'ros'
[1.356s] Level 1:colcon.colcon_core.package_identification:_identify(src/XRF2/XenoRosFramework/Xenomai/include) by extensions ['cmake', 'python']
[1.356s] Level 1:colcon.colcon_core.package_identification:_identify(src/XRF2/XenoRosFramework/Xenomai/include) by extension 'cmake'
[1.357s] Level 1:colcon.colcon_core.package_identification:_identify(src/XRF2/XenoRosFramework/Xenomai/include) by extension 'python'
[1.357s] Level 1:colcon.colcon_core.package_identification:_identify(src/XRF2/XenoRosFramework/Xenomai/include) by extensions ['python_setup_py']
[1.357s] Level 1:colcon.colcon_core.package_identification:_identify(src/XRF2/XenoRosFramework/Xenomai/include) by extension 'python_setup_py'
[1.358s] Level 1:colcon.colcon_core.package_identification:_identify(src/XRF2/XenoRosFramework/Xenomai/src) by extensions ['ignore', 'ignore_ament_install']
[1.359s] Level 1:colcon.colcon_core.package_identification:_identify(src/XRF2/XenoRosFramework/Xenomai/src) by extension 'ignore'
[1.359s] Level 1:colcon.colcon_core.package_identification:_identify(src/XRF2/XenoRosFramework/Xenomai/src) by extension 'ignore_ament_install'
[1.359s] Level 1:colcon.colcon_core.package_identification:_identify(src/XRF2/XenoRosFramework/Xenomai/src) by extensions ['colcon_pkg']
[1.360s] Level 1:colcon.colcon_core.package_identification:_identify(src/XRF2/XenoRosFramework/Xenomai/src) by extension 'colcon_pkg'
[1.360s] Level 1:colcon.colcon_core.package_identification:_identify(src/XRF2/XenoRosFramework/Xenomai/src) by extensions ['colcon_meta']
[1.360s] Level 1:colcon.colcon_core.package_identification:_identify(src/XRF2/XenoRosFramework/Xenomai/src) by extension 'colcon_meta'
[1.361s] Level 1:colcon.colcon_core.package_identification:_identify(src/XRF2/XenoRosFramework/Xenomai/src) by extensions ['ros']
[1.361s] Level 1:colcon.colcon_core.package_identification:_identify(src/XRF2/XenoRosFramework/Xenomai/src) by extension 'ros'
[1.361s] Level 1:colcon.colcon_core.package_identification:_identify(src/XRF2/XenoRosFramework/Xenomai/src) by extensions ['cmake', 'python']
[1.362s] Level 1:colcon.colcon_core.package_identification:_identify(src/XRF2/XenoRosFramework/Xenomai/src) by extension 'cmake'
[1.362s] Level 1:colcon.colcon_core.package_identification:_identify(src/XRF2/XenoRosFramework/Xenomai/src) by extension 'python'
[1.363s] Level 1:colcon.colcon_core.package_identification:_identify(src/XRF2/XenoRosFramework/Xenomai/src) by extensions ['python_setup_py']
[1.363s] Level 1:colcon.colcon_core.package_identification:_identify(src/XRF2/XenoRosFramework/Xenomai/src) by extension 'python_setup_py'
[1.364s] Level 1:colcon.colcon_core.package_identification:_identify(src/brightness) by extensions ['ignore', 'ignore_ament_install']
[1.364s] Level 1:colcon.colcon_core.package_identification:_identify(src/brightness) by extension 'ignore'
[1.364s] Level 1:colcon.colcon_core.package_identification:_identify(src/brightness) by extension 'ignore_ament_install'
[1.365s] Level 1:colcon.colcon_core.package_identification:_identify(src/brightness) by extensions ['colcon_pkg']
[1.365s] Level 1:colcon.colcon_core.package_identification:_identify(src/brightness) by extension 'colcon_pkg'
[1.365s] Level 1:colcon.colcon_core.package_identification:_identify(src/brightness) by extensions ['colcon_meta']
[1.366s] Level 1:colcon.colcon_core.package_identification:_identify(src/brightness) by extension 'colcon_meta'
[1.366s] Level 1:colcon.colcon_core.package_identification:_identify(src/brightness) by extensions ['ros']
[1.366s] Level 1:colcon.colcon_core.package_identification:_identify(src/brightness) by extension 'ros'
[1.368s] DEBUG:colcon.colcon_core.package_identification:Package 'src/brightness' with type 'ros.ament_cmake' and name 'brightness'
[1.369s] Level 1:colcon.colcon_core.package_identification:_identify(src/cam2image_vm2ros) by extensions ['ignore', 'ignore_ament_install']
[1.370s] Level 1:colcon.colcon_core.package_identification:_identify(src/cam2image_vm2ros) by extension 'ignore'
[1.370s] Level 1:colcon.colcon_core.package_identification:_identify(src/cam2image_vm2ros) by extension 'ignore_ament_install'
[1.371s] Level 1:colcon.colcon_core.package_identification:_identify(src/cam2image_vm2ros) by extensions ['colcon_pkg']
[1.371s] Level 1:colcon.colcon_core.package_identification:_identify(src/cam2image_vm2ros) by extension 'colcon_pkg'
[1.371s] Level 1:colcon.colcon_core.package_identification:_identify(src/cam2image_vm2ros) by extensions ['colcon_meta']
[1.372s] Level 1:colcon.colcon_core.package_identification:_identify(src/cam2image_vm2ros) by extension 'colcon_meta'
[1.372s] Level 1:colcon.colcon_core.package_identification:_identify(src/cam2image_vm2ros) by extensions ['ros']
[1.372s] Level 1:colcon.colcon_core.package_identification:_identify(src/cam2image_vm2ros) by extension 'ros'
[1.375s] DEBUG:colcon.colcon_core.package_identification:Package 'src/cam2image_vm2ros' with type 'ros.ament_cmake' and name 'cam2image_vm2ros'
[1.376s] Level 1:colcon.colcon_core.package_identification:_identify(src/object_center) by extensions ['ignore', 'ignore_ament_install']
[1.376s] Level 1:colcon.colcon_core.package_identification:_identify(src/object_center) by extension 'ignore'
[1.377s] Level 1:colcon.colcon_core.package_identification:_identify(src/object_center) by extension 'ignore_ament_install'
[1.377s] Level 1:colcon.colcon_core.package_identification:_identify(src/object_center) by extensions ['colcon_pkg']
[1.378s] Level 1:colcon.colcon_core.package_identification:_identify(src/object_center) by extension 'colcon_pkg'
[1.378s] Level 1:colcon.colcon_core.package_identification:_identify(src/object_center) by extensions ['colcon_meta']
[1.378s] Level 1:colcon.colcon_core.package_identification:_identify(src/object_center) by extension 'colcon_meta'
[1.379s] Level 1:colcon.colcon_core.package_identification:_identify(src/object_center) by extensions ['ros']
[1.379s] Level 1:colcon.colcon_core.package_identification:_identify(src/object_center) by extension 'ros'
[1.381s] DEBUG:colcon.colcon_core.package_identification:Package 'src/object_center' with type 'ros.ament_cmake' and name 'object_center'
[1.382s] Level 1:colcon.colcon_core.package_identification:_identify(src/relbot_simulator) by extensions ['ignore', 'ignore_ament_install']
[1.383s] Level 1:colcon.colcon_core.package_identification:_identify(src/relbot_simulator) by extension 'ignore'
[1.383s] Level 1:colcon.colcon_core.package_identification:_identify(src/relbot_simulator) by extension 'ignore_ament_install'
[1.383s] Level 1:colcon.colcon_core.package_identification:_identify(src/relbot_simulator) by extensions ['colcon_pkg']
[1.384s] Level 1:colcon.colcon_core.package_identification:_identify(src/relbot_simulator) by extension 'colcon_pkg'
[1.384s] Level 1:colcon.colcon_core.package_identification:_identify(src/relbot_simulator) by extensions ['colcon_meta']
[1.384s] Level 1:colcon.colcon_core.package_identification:_identify(src/relbot_simulator) by extension 'colcon_meta'
[1.385s] Level 1:colcon.colcon_core.package_identification:_identify(src/relbot_simulator) by extensions ['ros']
[1.385s] Level 1:colcon.colcon_core.package_identification:_identify(src/relbot_simulator) by extension 'ros'
[1.389s] DEBUG:colcon.colcon_core.package_identification:Package 'src/relbot_simulator' with type 'ros.ament_cmake' and name 'relbot_simulator'
[1.389s] Level 1:colcon.colcon_core.package_identification:_identify(src/sequence_controller) by extensions ['ignore', 'ignore_ament_install']
[1.390s] Level 1:colcon.colcon_core.package_identification:_identify(src/sequence_controller) by extension 'ignore'
[1.390s] Level 1:colcon.colcon_core.package_identification:_identify(src/sequence_controller) by extension 'ignore_ament_install'
[1.391s] Level 1:colcon.colcon_core.package_identification:_identify(src/sequence_controller) by extensions ['colcon_pkg']
[1.391s] Level 1:colcon.colcon_core.package_identification:_identify(src/sequence_controller) by extension 'colcon_pkg'
[1.391s] Level 1:colcon.colcon_core.package_identification:_identify(src/sequence_controller) by extensions ['colcon_meta']
[1.392s] Level 1:colcon.colcon_core.package_identification:_identify(src/sequence_controller) by extension 'colcon_meta'
[1.392s] Level 1:colcon.colcon_core.package_identification:_identify(src/sequence_controller) by extensions ['ros']
[1.392s] Level 1:colcon.colcon_core.package_identification:_identify(src/sequence_controller) by extension 'ros'
[1.395s] DEBUG:colcon.colcon_core.package_identification:Package 'src/sequence_controller' with type 'ros.ament_cmake' and name 'sequence_controller'
[1.396s] Level 1:colcon.colcon_core.package_identification:_identify(src/xeno_loop) by extensions ['ignore', 'ignore_ament_install']
[1.396s] Level 1:colcon.colcon_core.package_identification:_identify(src/xeno_loop) by extension 'ignore'
[1.397s] Level 1:colcon.colcon_core.package_identification:_identify(src/xeno_loop) by extension 'ignore_ament_install'
[1.397s] Level 1:colcon.colcon_core.package_identification:_identify(src/xeno_loop) by extensions ['colcon_pkg']
[1.397s] Level 1:colcon.colcon_core.package_identification:_identify(src/xeno_loop) by extension 'colcon_pkg'
[1.398s] Level 1:colcon.colcon_core.package_identification:_identify(src/xeno_loop) by extensions ['colcon_meta']
[1.398s] Level 1:colcon.colcon_core.package_identification:_identify(src/xeno_loop) by extension 'colcon_meta'
[1.398s] Level 1:colcon.colcon_core.package_identification:_identify(src/xeno_loop) by extensions ['ros']
[1.399s] Level 1:colcon.colcon_core.package_identification:_identify(src/xeno_loop) by extension 'ros'
[1.399s] Level 1:colcon.colcon_core.package_identification:_identify(src/xeno_loop) by extensions ['cmake', 'python']
[1.399s] Level 1:colcon.colcon_core.package_identification:_identify(src/xeno_loop) by extension 'cmake'
[1.405s] Level 1:colcon.colcon_core.package_identification:_identify(src/xeno_loop) by extension 'python'
[1.405s] DEBUG:colcon.colcon_core.package_identification:Package 'src/xeno_loop' with type 'cmake' and name 'xeno_loop'
[1.406s] Level 1:colcon.colcon_core.package_identification:_identify(xrf2_logging) by extensions ['ignore', 'ignore_ament_install']
[1.406s] Level 1:colcon.colcon_core.package_identification:_identify(xrf2_logging) by extension 'ignore'
[1.407s] Level 1:colcon.colcon_core.package_identification:_identify(xrf2_logging) by extension 'ignore_ament_install'
[1.407s] Level 1:colcon.colcon_core.package_identification:_identify(xrf2_logging) by extensions ['colcon_pkg']
[1.408s] Level 1:colcon.colcon_core.package_identification:_identify(xrf2_logging) by extension 'colcon_pkg'
[1.408s] Level 1:colcon.colcon_core.package_identification:_identify(xrf2_logging) by extensions ['colcon_meta']
[1.408s] Level 1:colcon.colcon_core.package_identification:_identify(xrf2_logging) by extension 'colcon_meta'
[1.409s] Level 1:colcon.colcon_core.package_identification:_identify(xrf2_logging) by extensions ['ros']
[1.409s] Level 1:colcon.colcon_core.package_identification:_identify(xrf2_logging) by extension 'ros'
[1.409s] Level 1:colcon.colcon_core.package_identification:_identify(xrf2_logging) by extensions ['cmake', 'python']
[1.410s] Level 1:colcon.colcon_core.package_identification:_identify(xrf2_logging) by extension 'cmake'
[1.410s] Level 1:colcon.colcon_core.package_identification:_identify(xrf2_logging) by extension 'python'
[1.410s] Level 1:colcon.colcon_core.package_identification:_identify(xrf2_logging) by extensions ['python_setup_py']
[1.411s] Level 1:colcon.colcon_core.package_identification:_identify(xrf2_logging) by extension 'python_setup_py'
[1.411s] Level 1:colcon.colcon_core.package_discovery:discover_packages(recursive) using defaults
[1.411s] Level 1:colcon.colcon_core.package_discovery:discover_packages(ignore) discover
[1.412s] Level 1:colcon.colcon_core.package_discovery:discover_packages(ignore) using defaults
[1.412s] Level 1:colcon.colcon_core.package_discovery:discover_packages(path) discover
[1.412s] Level 1:colcon.colcon_core.package_discovery:discover_packages(path) using defaults
[1.523s] Level 1:colcon.colcon_core.package_discovery:discover_packages(prefix_path) check parameters
[1.524s] Level 1:colcon.colcon_core.package_discovery:discover_packages(prefix_path) discover
[1.532s] DEBUG:colcon.colcon_installed_package_information.package_discovery:Found 8 installed packages in /home/asdfr-30/ASDfR_3/install
[1.535s] DEBUG:colcon.colcon_installed_package_information.package_discovery:Found 5 installed packages in /home/asdfr-30/ASDF/30-ASDfR/ASDfR_3/install
[1.541s] DEBUG:colcon.colcon_installed_package_information.package_discovery:Found 271 installed packages in /opt/ros/humble
[1.547s] Level 1:colcon.colcon_core.package_discovery:discover_packages(prefix_path) using defaults
[1.693s] Level 5:colcon.colcon_core.verb:set package 'brightness' build argument 'cmake_args' from command line to 'None'
[1.694s] Level 5:colcon.colcon_core.verb:set package 'brightness' build argument 'cmake_target' from command line to 'None'
[1.694s] Level 5:colcon.colcon_core.verb:set package 'brightness' build argument 'cmake_target_skip_unavailable' from command line to 'False'
[1.695s] Level 5:colcon.colcon_core.verb:set package 'brightness' build argument 'cmake_clean_cache' from command line to 'False'
[1.695s] Level 5:colcon.colcon_core.verb:set package 'brightness' build argument 'cmake_clean_first' from command line to 'False'
[1.695s] Level 5:colcon.colcon_core.verb:set package 'brightness' build argument 'cmake_force_configure' from command line to 'False'
[1.695s] Level 5:colcon.colcon_core.verb:set package 'brightness' build argument 'ament_cmake_args' from command line to 'None'
[1.696s] Level 5:colcon.colcon_core.verb:set package 'brightness' build argument 'catkin_cmake_args' from command line to 'None'
[1.696s] Level 5:colcon.colcon_core.verb:set package 'brightness' build argument 'catkin_skip_building_tests' from command line to 'False'
[1.696s] DEBUG:colcon.colcon_core.verb:Building package 'brightness' with the following arguments: {'ament_cmake_args': None, 'build_base': '/home/asdfr-30/ASDfR_3/build/brightness', 'catkin_cmake_args': None, 'catkin_skip_building_tests': False, 'cmake_args': None, 'cmake_clean_cache': False, 'cmake_clean_first': False, 'cmake_force_configure': False, 'cmake_target': None, 'cmake_target_skip_unavailable': False, 'install_base': '/home/asdfr-30/ASDfR_3/install/brightness', 'merge_install': False, 'path': '/home/asdfr-30/ASDfR_3/src/brightness', 'symlink_install': False, 'test_result_base': None}
[1.698s] Level 5:colcon.colcon_core.verb:set package 'cam2image_vm2ros' build argument 'cmake_args' from command line to 'None'
[1.698s] Level 5:colcon.colcon_core.verb:set package 'cam2image_vm2ros' build argument 'cmake_target' from command line to 'None'
[1.699s] Level 5:colcon.colcon_core.verb:set package 'cam2image_vm2ros' build argument 'cmake_target_skip_unavailable' from command line to 'False'
[1.699s] Level 5:colcon.colcon_core.verb:set package 'cam2image_vm2ros' build argument 'cmake_clean_cache' from command line to 'False'
[1.699s] Level 5:colcon.colcon_core.verb:set package 'cam2image_vm2ros' build argument 'cmake_clean_first' from command line to 'False'
[1.699s] Level 5:colcon.colcon_core.verb:set package 'cam2image_vm2ros' build argument 'cmake_force_configure' from command line to 'False'
[1.700s] Level 5:colcon.colcon_core.verb:set package 'cam2image_vm2ros' build argument 'ament_cmake_args' from command line to 'None'
[1.700s] Level 5:colcon.colcon_core.verb:set package 'cam2image_vm2ros' build argument 'catkin_cmake_args' from command line to 'None'
[1.700s] Level 5:colcon.colcon_core.verb:set package 'cam2image_vm2ros' build argument 'catkin_skip_building_tests' from command line to 'False'
[1.700s] DEBUG:colcon.colcon_core.verb:Building package 'cam2image_vm2ros' with the following arguments: {'ament_cmake_args': None, 'build_base': '/home/asdfr-30/ASDfR_3/build/cam2image_vm2ros', 'catkin_cmake_args': None, 'catkin_skip_building_tests': False, 'cmake_args': None, 'cmake_clean_cache': False, 'cmake_clean_first': False, 'cmake_force_configure': False, 'cmake_target': None, 'cmake_target_skip_unavailable': False, 'install_base': '/home/asdfr-30/ASDfR_3/install/cam2image_vm2ros', 'merge_install': False, 'path': '/home/asdfr-30/ASDfR_3/src/cam2image_vm2ros', 'symlink_install': False, 'test_result_base': None}
[1.702s] Level 5:colcon.colcon_core.verb:set package 'object_center' build argument 'cmake_args' from command line to 'None'
[1.702s] Level 5:colcon.colcon_core.verb:set package 'object_center' build argument 'cmake_target' from command line to 'None'
[1.703s] Level 5:colcon.colcon_core.verb:set package 'object_center' build argument 'cmake_target_skip_unavailable' from command line to 'False'
[1.703s] Level 5:colcon.colcon_core.verb:set package 'object_center' build argument 'cmake_clean_cache' from command line to 'False'
[1.703s] Level 5:colcon.colcon_core.verb:set package 'object_center' build argument 'cmake_clean_first' from command line to 'False'
[1.703s] Level 5:colcon.colcon_core.verb:set package 'object_center' build argument 'cmake_force_configure' from command line to 'False'
[1.704s] Level 5:colcon.colcon_core.verb:set package 'object_center' build argument 'ament_cmake_args' from command line to 'None'
[1.704s] Level 5:colcon.colcon_core.verb:set package 'object_center' build argument 'catkin_cmake_args' from command line to 'None'
[1.704s] Level 5:colcon.colcon_core.verb:set package 'object_center' build argument 'catkin_skip_building_tests' from command line to 'False'
[1.704s] DEBUG:colcon.colcon_core.verb:Building package 'object_center' with the following arguments: {'ament_cmake_args': None, 'build_base': '/home/asdfr-30/ASDfR_3/build/object_center', 'catkin_cmake_args': None, 'catkin_skip_building_tests': False, 'cmake_args': None, 'cmake_clean_cache': False, 'cmake_clean_first': False, 'cmake_force_configure': False, 'cmake_target': None, 'cmake_target_skip_unavailable': False, 'install_base': '/home/asdfr-30/ASDfR_3/install/object_center', 'merge_install': False, 'path': '/home/asdfr-30/ASDfR_3/src/object_center', 'symlink_install': False, 'test_result_base': None}
[1.706s] Level 5:colcon.colcon_core.verb:set package 'relbot_simulator' build argument 'cmake_args' from command line to 'None'
[1.707s] Level 5:colcon.colcon_core.verb:set package 'relbot_simulator' build argument 'cmake_target' from command line to 'None'
[1.708s] Level 5:colcon.colcon_core.verb:set package 'relbot_simulator' build argument 'cmake_target_skip_unavailable' from command line to 'False'
[1.708s] Level 5:colcon.colcon_core.verb:set package 'relbot_simulator' build argument 'cmake_clean_cache' from command line to 'False'
[1.708s] Level 5:colcon.colcon_core.verb:set package 'relbot_simulator' build argument 'cmake_clean_first' from command line to 'False'
[1.708s] Level 5:colcon.colcon_core.verb:set package 'relbot_simulator' build argument 'cmake_force_configure' from command line to 'False'
[1.709s] Level 5:colcon.colcon_core.verb:set package 'relbot_simulator' build argument 'ament_cmake_args' from command line to 'None'
[1.709s] Level 5:colcon.colcon_core.verb:set package 'relbot_simulator' build argument 'catkin_cmake_args' from command line to 'None'
[1.709s] Level 5:colcon.colcon_core.verb:set package 'relbot_simulator' build argument 'catkin_skip_building_tests' from command line to 'False'
[1.709s] DEBUG:colcon.colcon_core.verb:Building package 'relbot_simulator' with the following arguments: {'ament_cmake_args': None, 'build_base': '/home/asdfr-30/ASDfR_3/build/relbot_simulator', 'catkin_cmake_args': None, 'catkin_skip_building_tests': False, 'cmake_args': None, 'cmake_clean_cache': False, 'cmake_clean_first': False, 'cmake_force_configure': False, 'cmake_target': None, 'cmake_target_skip_unavailable': False, 'install_base': '/home/asdfr-30/ASDfR_3/install/relbot_simulator', 'merge_install': False, 'path': '/home/asdfr-30/ASDfR_3/src/relbot_simulator', 'symlink_install': False, 'test_result_base': None}
[1.711s] Level 5:colcon.colcon_core.verb:set package 'xrf2_msgs' build argument 'cmake_args' from command line to 'None'
[1.712s] Level 5:colcon.colcon_core.verb:set package 'xrf2_msgs' build argument 'cmake_target' from command line to 'None'
[1.712s] Level 5:colcon.colcon_core.verb:set package 'xrf2_msgs' build argument 'cmake_target_skip_unavailable' from command line to 'False'
[1.712s] Level 5:colcon.colcon_core.verb:set package 'xrf2_msgs' build argument 'cmake_clean_cache' from command line to 'False'
[1.712s] Level 5:colcon.colcon_core.verb:set package 'xrf2_msgs' build argument 'cmake_clean_first' from command line to 'False'
[1.713s] Level 5:colcon.colcon_core.verb:set package 'xrf2_msgs' build argument 'cmake_force_configure' from command line to 'False'
[1.713s] Level 5:colcon.colcon_core.verb:set package 'xrf2_msgs' build argument 'ament_cmake_args' from command line to 'None'
[1.713s] Level 5:colcon.colcon_core.verb:set package 'xrf2_msgs' build argument 'catkin_cmake_args' from command line to 'None'
[1.713s] Level 5:colcon.colcon_core.verb:set package 'xrf2_msgs' build argument 'catkin_skip_building_tests' from command line to 'False'
[1.714s] DEBUG:colcon.colcon_core.verb:Building package 'xrf2_msgs' with the following arguments: {'ament_cmake_args': None, 'build_base': '/home/asdfr-30/ASDfR_3/build/xrf2_msgs', 'catkin_cmake_args': None, 'catkin_skip_building_tests': False, 'cmake_args': None, 'cmake_clean_cache': False, 'cmake_clean_first': False, 'cmake_force_configure': False, 'cmake_target': None, 'cmake_target_skip_unavailable': False, 'install_base': '/home/asdfr-30/ASDfR_3/install/xrf2_msgs', 'merge_install': False, 'path': '/home/asdfr-30/ASDfR_3/src/XRF2/XenoRosFramework/Common/XRF2_msgs', 'symlink_install': False, 'test_result_base': None}
[1.715s] Level 5:colcon.colcon_core.verb:set package 'ros_xeno_bridge' build argument 'cmake_args' from command line to 'None'
[1.715s] Level 5:colcon.colcon_core.verb:set package 'ros_xeno_bridge' build argument 'cmake_target' from command line to 'None'
[1.716s] Level 5:colcon.colcon_core.verb:set package 'ros_xeno_bridge' build argument 'cmake_target_skip_unavailable' from command line to 'False'
[1.716s] Level 5:colcon.colcon_core.verb:set package 'ros_xeno_bridge' build argument 'cmake_clean_cache' from command line to 'False'
[1.716s] Level 5:colcon.colcon_core.verb:set package 'ros_xeno_bridge' build argument 'cmake_clean_first' from command line to 'False'
[1.717s] Level 5:colcon.colcon_core.verb:set package 'ros_xeno_bridge' build argument 'cmake_force_configure' from command line to 'False'
[1.717s] Level 5:colcon.colcon_core.verb:set package 'ros_xeno_bridge' build argument 'ament_cmake_args' from command line to 'None'
[1.717s] Level 5:colcon.colcon_core.verb:set package 'ros_xeno_bridge' build argument 'catkin_cmake_args' from command line to 'None'
[1.717s] Level 5:colcon.colcon_core.verb:set package 'ros_xeno_bridge' build argument 'catkin_skip_building_tests' from command line to 'False'
[1.718s] DEBUG:colcon.colcon_core.verb:Building package 'ros_xeno_bridge' with the following arguments: {'ament_cmake_args': None, 'build_base': '/home/asdfr-30/ASDfR_3/build/ros_xeno_bridge', 'catkin_cmake_args': None, 'catkin_skip_building_tests': False, 'cmake_args': None, 'cmake_clean_cache': False, 'cmake_clean_first': False, 'cmake_force_configure': False, 'cmake_target': None, 'cmake_target_skip_unavailable': False, 'install_base': '/home/asdfr-30/ASDfR_3/install/ros_xeno_bridge', 'merge_install': False, 'path': '/home/asdfr-30/ASDfR_3/src/XRF2/XenoRosFramework/Ros/ros_xeno_bridge', 'symlink_install': False, 'test_result_base': None}
[1.719s] Level 5:colcon.colcon_core.verb:set package 'sequence_controller' build argument 'cmake_args' from command line to 'None'
[1.720s] Level 5:colcon.colcon_core.verb:set package 'sequence_controller' build argument 'cmake_target' from command line to 'None'
[1.720s] Level 5:colcon.colcon_core.verb:set package 'sequence_controller' build argument 'cmake_target_skip_unavailable' from command line to 'False'
[1.720s] Level 5:colcon.colcon_core.verb:set package 'sequence_controller' build argument 'cmake_clean_cache' from command line to 'False'
[1.720s] Level 5:colcon.colcon_core.verb:set package 'sequence_controller' build argument 'cmake_clean_first' from command line to 'False'
[1.721s] Level 5:colcon.colcon_core.verb:set package 'sequence_controller' build argument 'cmake_force_configure' from command line to 'False'
[1.721s] Level 5:colcon.colcon_core.verb:set package 'sequence_controller' build argument 'ament_cmake_args' from command line to 'None'
[1.721s] Level 5:colcon.colcon_core.verb:set package 'sequence_controller' build argument 'catkin_cmake_args' from command line to 'None'
[1.721s] Level 5:colcon.colcon_core.verb:set package 'sequence_controller' build argument 'catkin_skip_building_tests' from command line to 'False'
[1.722s] DEBUG:colcon.colcon_core.verb:Building package 'sequence_controller' with the following arguments: {'ament_cmake_args': None, 'build_base': '/home/asdfr-30/ASDfR_3/build/sequence_controller', 'catkin_cmake_args': None, 'catkin_skip_building_tests': False, 'cmake_args': None, 'cmake_clean_cache': False, 'cmake_clean_first': False, 'cmake_force_configure': False, 'cmake_target': None, 'cmake_target_skip_unavailable': False, 'install_base': '/home/asdfr-30/ASDfR_3/install/sequence_controller', 'merge_install': False, 'path': '/home/asdfr-30/ASDfR_3/src/sequence_controller', 'symlink_install': False, 'test_result_base': None}
[1.723s] Level 5:colcon.colcon_core.verb:set package 'xeno_loop' build argument 'cmake_args' from command line to 'None'
[1.724s] Level 5:colcon.colcon_core.verb:set package 'xeno_loop' build argument 'cmake_target' from command line to 'None'
[1.724s] Level 5:colcon.colcon_core.verb:set package 'xeno_loop' build argument 'cmake_target_skip_unavailable' from command line to 'False'
[1.724s] Level 5:colcon.colcon_core.verb:set package 'xeno_loop' build argument 'cmake_clean_cache' from command line to 'False'
[1.724s] Level 5:colcon.colcon_core.verb:set package 'xeno_loop' build argument 'cmake_clean_first' from command line to 'False'
[1.725s] Level 5:colcon.colcon_core.verb:set package 'xeno_loop' build argument 'cmake_force_configure' from command line to 'False'
[1.725s] Level 5:colcon.colcon_core.verb:set package 'xeno_loop' build argument 'ament_cmake_args' from command line to 'None'
[1.725s] Level 5:colcon.colcon_core.verb:set package 'xeno_loop' build argument 'catkin_cmake_args' from command line to 'None'
[1.725s] Level 5:colcon.colcon_core.verb:set package 'xeno_loop' build argument 'catkin_skip_building_tests' from command line to 'False'
[1.726s] DEBUG:colcon.colcon_core.verb:Building package 'xeno_loop' with the following arguments: {'ament_cmake_args': None, 'build_base': '/home/asdfr-30/ASDfR_3/build/xeno_loop', 'catkin_cmake_args': None, 'catkin_skip_building_tests': False, 'cmake_args': None, 'cmake_clean_cache': False, 'cmake_clean_first': False, 'cmake_force_configure': False, 'cmake_target': None, 'cmake_target_skip_unavailable': False, 'install_base': '/home/asdfr-30/ASDfR_3/install/xeno_loop', 'merge_install': False, 'path': '/home/asdfr-30/ASDfR_3/src/xeno_loop', 'symlink_install': False, 'test_result_base': None}
[1.726s] INFO:colcon.colcon_core.executor:Executing jobs using 'parallel' executor
[1.730s] DEBUG:colcon.colcon_parallel_executor.executor.parallel:run_until_complete
[1.731s] INFO:colcon.colcon_ros.task.ament_cmake.build:Building ROS package in '/home/asdfr-30/ASDfR_3/src/XRF2/XenoRosFramework/Common/XRF2_msgs' with build type 'ament_cmake'
[1.732s] INFO:colcon.colcon_cmake.task.cmake.build:Building CMake package in '/home/asdfr-30/ASDfR_3/src/XRF2/XenoRosFramework/Common/XRF2_msgs'
[1.741s] INFO:colcon.colcon_core.plugin_system:Skipping extension 'colcon_core.shell.bat': Not used on non-Windows systems
[1.742s] INFO:colcon.colcon_core.shell:Skip shell extension 'powershell' for command environment: Not usable outside of PowerShell
[1.743s] DEBUG:colcon.colcon_core.shell:Skip shell extension 'dsv' for command environment
[1.758s] INFO:colcon.colcon_ros.task.ament_cmake.build:Building ROS package in '/home/asdfr-30/ASDfR_3/src/brightness' with build type 'ament_cmake'
[1.759s] INFO:colcon.colcon_cmake.task.cmake.build:Building CMake package in '/home/asdfr-30/ASDfR_3/src/brightness'
[1.760s] INFO:colcon.colcon_core.shell:Skip shell extension 'powershell' for command environment: Not usable outside of PowerShell
[1.761s] DEBUG:colcon.colcon_core.shell:Skip shell extension 'dsv' for command environment
[1.776s] INFO:colcon.colcon_ros.task.ament_cmake.build:Building ROS package in '/home/asdfr-30/ASDfR_3/src/cam2image_vm2ros' with build type 'ament_cmake'
[1.777s] INFO:colcon.colcon_cmake.task.cmake.build:Building CMake package in '/home/asdfr-30/ASDfR_3/src/cam2image_vm2ros'
[1.778s] INFO:colcon.colcon_core.shell:Skip shell extension 'powershell' for command environment: Not usable outside of PowerShell
[1.779s] DEBUG:colcon.colcon_core.shell:Skip shell extension 'dsv' for command environment
[1.816s] DEBUG:colcon.colcon_core.event_handler.log_command:Invoking command in '/home/asdfr-30/ASDfR_3/build/xrf2_msgs': CMAKE_PREFIX_PATH=${CMAKE_PREFIX_PATH}:/opt/ros/humble /usr/bin/cmake --build /home/asdfr-30/ASDfR_3/build/xrf2_msgs -- -j3 -l3
[1.833s] DEBUG:colcon.colcon_core.event_handler.log_command:Invoking command in '/home/asdfr-30/ASDfR_3/build/brightness': CMAKE_PREFIX_PATH=${CMAKE_PREFIX_PATH}:/opt/ros/humble /usr/bin/cmake --build /home/asdfr-30/ASDfR_3/build/brightness -- -j3 -l3
[1.884s] DEBUG:colcon.colcon_core.event_handler.log_command:Invoking command in '/home/asdfr-30/ASDfR_3/build/cam2image_vm2ros': CMAKE_PREFIX_PATH=${CMAKE_PREFIX_PATH}:/opt/ros/humble /usr/bin/cmake --build /home/asdfr-30/ASDfR_3/build/cam2image_vm2ros -- -j3 -l3
[2.325s] DEBUG:colcon.colcon_core.event_handler.log_command:Invoked command in '/home/asdfr-30/ASDfR_3/build/brightness' returned '0': CMAKE_PREFIX_PATH=${CMAKE_PREFIX_PATH}:/opt/ros/humble /usr/bin/cmake --build /home/asdfr-30/ASDfR_3/build/brightness -- -j3 -l3
[2.393s] DEBUG:colcon.colcon_core.event_handler.log_command:Invoking command in '/home/asdfr-30/ASDfR_3/build/brightness': CMAKE_PREFIX_PATH=${CMAKE_PREFIX_PATH}:/opt/ros/humble /usr/bin/cmake --install /home/asdfr-30/ASDfR_3/build/brightness
[2.445s] DEBUG:colcon.colcon_core.event_handler.log_command:Invoked command in '/home/asdfr-30/ASDfR_3/build/cam2image_vm2ros' returned '0': CMAKE_PREFIX_PATH=${CMAKE_PREFIX_PATH}:/opt/ros/humble /usr/bin/cmake --build /home/asdfr-30/ASDfR_3/build/cam2image_vm2ros -- -j3 -l3
[2.453s] DEBUG:colcon.colcon_core.event_handler.log_command:Invoking command in '/home/asdfr-30/ASDfR_3/build/cam2image_vm2ros': CMAKE_PREFIX_PATH=${CMAKE_PREFIX_PATH}:/opt/ros/humble /usr/bin/cmake --install /home/asdfr-30/ASDfR_3/build/cam2image_vm2ros
[2.479s] Level 1:colcon.colcon_core.environment:create_environment_scripts_only(brightness)
[2.518s] Level 1:colcon.colcon_core.environment:checking '/home/asdfr-30/ASDfR_3/install/brightness' for CMake module files
[2.522s] Level 1:colcon.colcon_core.environment:checking '/home/asdfr-30/ASDfR_3/install/brightness' for CMake config files
[2.526s] Level 1:colcon.colcon_core.shell:create_environment_hook('brightness', 'cmake_prefix_path')
[2.530s] INFO:colcon.colcon_core.shell:Creating environment hook '/home/asdfr-30/ASDfR_3/install/brightness/share/brightness/hook/cmake_prefix_path.ps1'
[2.542s] INFO:colcon.colcon_core.shell:Creating environment descriptor '/home/asdfr-30/ASDfR_3/install/brightness/share/brightness/hook/cmake_prefix_path.dsv'
[2.551s] INFO:colcon.colcon_core.shell:Creating environment hook '/home/asdfr-30/ASDfR_3/install/brightness/share/brightness/hook/cmake_prefix_path.sh'
[2.555s] DEBUG:colcon.colcon_core.event_handler.log_command:Invoked command in '/home/asdfr-30/ASDfR_3/build/brightness' returned '0': CMAKE_PREFIX_PATH=${CMAKE_PREFIX_PATH}:/opt/ros/humble /usr/bin/cmake --install /home/asdfr-30/ASDfR_3/build/brightness
[2.560s] Level 1:colcon.colcon_core.environment:checking '/home/asdfr-30/ASDfR_3/install/brightness/lib'
[2.562s] Level 1:colcon.colcon_core.environment:checking '/home/asdfr-30/ASDfR_3/install/brightness/bin'
[2.568s] Level 1:colcon.colcon_core.environment:checking '/home/asdfr-30/ASDfR_3/install/brightness/lib/pkgconfig/brightness.pc'
[2.570s] Level 1:colcon.colcon_core.environment:checking '/home/asdfr-30/ASDfR_3/install/brightness/lib/python3.10/site-packages'
[2.572s] Level 1:colcon.colcon_core.environment:checking '/home/asdfr-30/ASDfR_3/install/brightness/bin'
[2.580s] INFO:colcon.colcon_core.shell:Creating package script '/home/asdfr-30/ASDfR_3/install/brightness/share/brightness/package.ps1'
[2.593s] INFO:colcon.colcon_core.shell:Creating package descriptor '/home/asdfr-30/ASDfR_3/install/brightness/share/brightness/package.dsv'
[2.602s] INFO:colcon.colcon_core.shell:Creating package script '/home/asdfr-30/ASDfR_3/install/brightness/share/brightness/package.sh'
[2.613s] INFO:colcon.colcon_core.shell:Creating package script '/home/asdfr-30/ASDfR_3/install/brightness/share/brightness/package.bash'
[2.624s] INFO:colcon.colcon_core.shell:Creating package script '/home/asdfr-30/ASDfR_3/install/brightness/share/brightness/package.zsh'
[2.634s] Level 1:colcon.colcon_core.environment:create_file_with_runtime_dependencies(/home/asdfr-30/ASDfR_3/install/brightness/share/colcon-core/packages/brightness)
[2.639s] Level 1:colcon.colcon_core.environment:create_environment_scripts_only(brightness)
[2.641s] Level 1:colcon.colcon_core.environment:checking '/home/asdfr-30/ASDfR_3/install/brightness' for CMake module files
[2.645s] Level 1:colcon.colcon_core.environment:checking '/home/asdfr-30/ASDfR_3/install/brightness' for CMake config files
[2.648s] Level 1:colcon.colcon_core.shell:create_environment_hook('brightness', 'cmake_prefix_path')
[2.649s] INFO:colcon.colcon_core.shell:Creating environment hook '/home/asdfr-30/ASDfR_3/install/brightness/share/brightness/hook/cmake_prefix_path.ps1'
[2.653s] INFO:colcon.colcon_core.shell:Creating environment descriptor '/home/asdfr-30/ASDfR_3/install/brightness/share/brightness/hook/cmake_prefix_path.dsv'
[2.656s] INFO:colcon.colcon_core.shell:Creating environment hook '/home/asdfr-30/ASDfR_3/install/brightness/share/brightness/hook/cmake_prefix_path.sh'
[2.661s] Level 1:colcon.colcon_core.environment:checking '/home/asdfr-30/ASDfR_3/install/brightness/lib'
[2.661s] Level 1:colcon.colcon_core.environment:checking '/home/asdfr-30/ASDfR_3/install/brightness/bin'
[2.662s] Level 1:colcon.colcon_core.environment:checking '/home/asdfr-30/ASDfR_3/install/brightness/lib/pkgconfig/brightness.pc'
[2.664s] Level 1:colcon.colcon_core.environment:checking '/home/asdfr-30/ASDfR_3/install/brightness/lib/python3.10/site-packages'
[2.665s] Level 1:colcon.colcon_core.environment:checking '/home/asdfr-30/ASDfR_3/install/brightness/bin'
[2.676s] INFO:colcon.colcon_core.shell:Creating package script '/home/asdfr-30/ASDfR_3/install/brightness/share/brightness/package.ps1'
[2.679s] INFO:colcon.colcon_core.shell:Creating package descriptor '/home/asdfr-30/ASDfR_3/install/brightness/share/brightness/package.dsv'
[2.682s] INFO:colcon.colcon_core.shell:Creating package script '/home/asdfr-30/ASDfR_3/install/brightness/share/brightness/package.sh'
[2.686s] INFO:colcon.colcon_core.shell:Creating package script '/home/asdfr-30/ASDfR_3/install/brightness/share/brightness/package.bash'
[2.689s] INFO:colcon.colcon_core.shell:Creating package script '/home/asdfr-30/ASDfR_3/install/brightness/share/brightness/package.zsh'
[2.692s] Level 1:colcon.colcon_core.environment:create_file_with_runtime_dependencies(/home/asdfr-30/ASDfR_3/install/brightness/share/colcon-core/packages/brightness)
[2.697s] INFO:colcon.colcon_ros.task.ament_cmake.build:Building ROS package in '/home/asdfr-30/ASDfR_3/src/object_center' with build type 'ament_cmake'
[2.699s] INFO:colcon.colcon_cmake.task.cmake.build:Building CMake package in '/home/asdfr-30/ASDfR_3/src/object_center'
[2.701s] INFO:colcon.colcon_core.shell:Skip shell extension 'powershell' for command environment: Not usable outside of PowerShell
[2.702s] DEBUG:colcon.colcon_core.shell:Skip shell extension 'dsv' for command environment
[2.726s] Level 1:colcon.colcon_core.environment:create_environment_scripts_only(cam2image_vm2ros)
[2.728s] Level 1:colcon.colcon_core.environment:checking '/home/asdfr-30/ASDfR_3/install/cam2image_vm2ros' for CMake module files
[2.733s] Level 1:colcon.colcon_core.environment:checking '/home/asdfr-30/ASDfR_3/install/cam2image_vm2ros' for CMake config files
[2.735s] Level 1:colcon.colcon_core.shell:create_environment_hook('cam2image_vm2ros', 'cmake_prefix_path')
[2.730s] DEBUG:colcon.colcon_core.event_handler.log_command:Invoked command in '/home/asdfr-30/ASDfR_3/build/cam2image_vm2ros' returned '0': CMAKE_PREFIX_PATH=${CMAKE_PREFIX_PATH}:/opt/ros/humble /usr/bin/cmake --install /home/asdfr-30/ASDfR_3/build/cam2image_vm2ros
[2.736s] INFO:colcon.colcon_core.shell:Creating environment hook '/home/asdfr-30/ASDfR_3/install/cam2image_vm2ros/share/cam2image_vm2ros/hook/cmake_prefix_path.ps1'
[2.740s] INFO:colcon.colcon_core.shell:Creating environment descriptor '/home/asdfr-30/ASDfR_3/install/cam2image_vm2ros/share/cam2image_vm2ros/hook/cmake_prefix_path.dsv'
[2.743s] INFO:colcon.colcon_core.shell:Creating environment hook '/home/asdfr-30/ASDfR_3/install/cam2image_vm2ros/share/cam2image_vm2ros/hook/cmake_prefix_path.sh'
[2.748s] Level 1:colcon.colcon_core.environment:checking '/home/asdfr-30/ASDfR_3/install/cam2image_vm2ros/lib'
[2.748s] Level 1:colcon.colcon_core.shell:create_environment_hook('cam2image_vm2ros', 'ld_library_path_lib')
[2.750s] INFO:colcon.colcon_core.shell:Creating environment hook '/home/asdfr-30/ASDfR_3/install/cam2image_vm2ros/share/cam2image_vm2ros/hook/ld_library_path_lib.ps1'
[2.753s] INFO:colcon.colcon_core.shell:Creating environment descriptor '/home/asdfr-30/ASDfR_3/install/cam2image_vm2ros/share/cam2image_vm2ros/hook/ld_library_path_lib.dsv'
[2.756s] INFO:colcon.colcon_core.shell:Creating environment hook '/home/asdfr-30/ASDfR_3/install/cam2image_vm2ros/share/cam2image_vm2ros/hook/ld_library_path_lib.sh'
[2.761s] Level 1:colcon.colcon_core.environment:checking '/home/asdfr-30/ASDfR_3/install/cam2image_vm2ros/bin'
[2.762s] Level 1:colcon.colcon_core.environment:checking '/home/asdfr-30/ASDfR_3/install/cam2image_vm2ros/lib/pkgconfig/cam2image_vm2ros.pc'
[2.764s] Level 1:colcon.colcon_core.environment:checking '/home/asdfr-30/ASDfR_3/install/cam2image_vm2ros/lib/python3.10/site-packages'
[2.765s] Level 1:colcon.colcon_core.environment:checking '/home/asdfr-30/ASDfR_3/install/cam2image_vm2ros/bin'
[2.767s] INFO:colcon.colcon_core.shell:Creating package script '/home/asdfr-30/ASDfR_3/install/cam2image_vm2ros/share/cam2image_vm2ros/package.ps1'
[2.771s] INFO:colcon.colcon_core.shell:Creating package descriptor '/home/asdfr-30/ASDfR_3/install/cam2image_vm2ros/share/cam2image_vm2ros/package.dsv'
[2.774s] INFO:colcon.colcon_core.shell:Creating package script '/home/asdfr-30/ASDfR_3/install/cam2image_vm2ros/share/cam2image_vm2ros/package.sh'
[2.777s] INFO:colcon.colcon_core.shell:Creating package script '/home/asdfr-30/ASDfR_3/install/cam2image_vm2ros/share/cam2image_vm2ros/package.bash'
[2.781s] INFO:colcon.colcon_core.shell:Creating package script '/home/asdfr-30/ASDfR_3/install/cam2image_vm2ros/share/cam2image_vm2ros/package.zsh'
[2.784s] Level 1:colcon.colcon_core.environment:create_file_with_runtime_dependencies(/home/asdfr-30/ASDfR_3/install/cam2image_vm2ros/share/colcon-core/packages/cam2image_vm2ros)
[2.788s] Level 1:colcon.colcon_core.environment:create_environment_scripts_only(cam2image_vm2ros)
[2.790s] Level 1:colcon.colcon_core.environment:checking '/home/asdfr-30/ASDfR_3/install/cam2image_vm2ros' for CMake module files
[2.793s] Level 1:colcon.colcon_core.environment:checking '/home/asdfr-30/ASDfR_3/install/cam2image_vm2ros' for CMake config files
[2.795s] Level 1:colcon.colcon_core.shell:create_environment_hook('cam2image_vm2ros', 'cmake_prefix_path')
[2.797s] INFO:colcon.colcon_core.shell:Creating environment hook '/home/asdfr-30/ASDfR_3/install/cam2image_vm2ros/share/cam2image_vm2ros/hook/cmake_prefix_path.ps1'
[2.800s] INFO:colcon.colcon_core.shell:Creating environment descriptor '/home/asdfr-30/ASDfR_3/install/cam2image_vm2ros/share/cam2image_vm2ros/hook/cmake_prefix_path.dsv'
[2.803s] INFO:colcon.colcon_core.shell:Creating environment hook '/home/asdfr-30/ASDfR_3/install/cam2image_vm2ros/share/cam2image_vm2ros/hook/cmake_prefix_path.sh'
[2.809s] Level 1:colcon.colcon_core.environment:checking '/home/asdfr-30/ASDfR_3/install/cam2image_vm2ros/lib'
[2.810s] Level 1:colcon.colcon_core.shell:create_environment_hook('cam2image_vm2ros', 'ld_library_path_lib')
[2.812s] INFO:colcon.colcon_core.shell:Creating environment hook '/home/asdfr-30/ASDfR_3/install/cam2image_vm2ros/share/cam2image_vm2ros/hook/ld_library_path_lib.ps1'
[2.815s] INFO:colcon.colcon_core.shell:Creating environment descriptor '/home/asdfr-30/ASDfR_3/install/cam2image_vm2ros/share/cam2image_vm2ros/hook/ld_library_path_lib.dsv'
[2.818s] INFO:colcon.colcon_core.shell:Creating environment hook '/home/asdfr-30/ASDfR_3/install/cam2image_vm2ros/share/cam2image_vm2ros/hook/ld_library_path_lib.sh'
[2.821s] Level 1:colcon.colcon_core.environment:checking '/home/asdfr-30/ASDfR_3/install/cam2image_vm2ros/bin'
[2.822s] Level 1:colcon.colcon_core.environment:checking '/home/asdfr-30/ASDfR_3/install/cam2image_vm2ros/lib/pkgconfig/cam2image_vm2ros.pc'
[2.823s] Level 1:colcon.colcon_core.environment:checking '/home/asdfr-30/ASDfR_3/install/cam2image_vm2ros/lib/python3.10/site-packages'
[2.825s] Level 1:colcon.colcon_core.environment:checking '/home/asdfr-30/ASDfR_3/install/cam2image_vm2ros/bin'
[2.829s] INFO:colcon.colcon_core.shell:Creating package script '/home/asdfr-30/ASDfR_3/install/cam2image_vm2ros/share/cam2image_vm2ros/package.ps1'
[2.833s] INFO:colcon.colcon_core.shell:Creating package descriptor '/home/asdfr-30/ASDfR_3/install/cam2image_vm2ros/share/cam2image_vm2ros/package.dsv'
[2.836s] INFO:colcon.colcon_core.shell:Creating package script '/home/asdfr-30/ASDfR_3/install/cam2image_vm2ros/share/cam2image_vm2ros/package.sh'
[2.840s] INFO:colcon.colcon_core.shell:Creating package script '/home/asdfr-30/ASDfR_3/install/cam2image_vm2ros/share/cam2image_vm2ros/package.bash'
[2.844s] INFO:colcon.colcon_core.shell:Creating package script '/home/asdfr-30/ASDfR_3/install/cam2image_vm2ros/share/cam2image_vm2ros/package.zsh'
[2.847s] Level 1:colcon.colcon_core.environment:create_file_with_runtime_dependencies(/home/asdfr-30/ASDfR_3/install/cam2image_vm2ros/share/colcon-core/packages/cam2image_vm2ros)
[2.854s] INFO:colcon.colcon_ros.task.ament_cmake.build:Building ROS package in '/home/asdfr-30/ASDfR_3/src/relbot_simulator' with build type 'ament_cmake'
[2.856s] INFO:colcon.colcon_cmake.task.cmake.build:Building CMake package in '/home/asdfr-30/ASDfR_3/src/relbot_simulator'
[2.858s] INFO:colcon.colcon_core.shell:Skip shell extension 'powershell' for command environment: Not usable outside of PowerShell
[2.860s] DEBUG:colcon.colcon_core.shell:Skip shell extension 'dsv' for command environment
[2.919s] DEBUG:colcon.colcon_core.event_handler.log_command:Invoking command in '/home/asdfr-30/ASDfR_3/build/object_center': CMAKE_PREFIX_PATH=${CMAKE_PREFIX_PATH}:/opt/ros/humble /usr/bin/cmake --build /home/asdfr-30/ASDfR_3/build/object_center -- -j3 -l3
[2.970s] DEBUG:colcon.colcon_core.event_handler.log_command:Invoking command in '/home/asdfr-30/ASDfR_3/build/relbot_simulator': CMAKE_PREFIX_PATH=${CMAKE_PREFIX_PATH}:/opt/ros/humble /usr/bin/cmake --build /home/asdfr-30/ASDfR_3/build/relbot_simulator -- -j3 -l3
[3.359s] DEBUG:colcon.colcon_core.event_handler.log_command:Invoked command in '/home/asdfr-30/ASDfR_3/build/object_center' returned '0': CMAKE_PREFIX_PATH=${CMAKE_PREFIX_PATH}:/opt/ros/humble /usr/bin/cmake --build /home/asdfr-30/ASDfR_3/build/object_center -- -j3 -l3
[3.366s] DEBUG:colcon.colcon_core.event_handler.log_command:Invoking command in '/home/asdfr-30/ASDfR_3/build/object_center': CMAKE_PREFIX_PATH=${CMAKE_PREFIX_PATH}:/opt/ros/humble /usr/bin/cmake --install /home/asdfr-30/ASDfR_3/build/object_center
[3.437s] DEBUG:colcon.colcon_core.event_handler.log_command:Invoked command in '/home/asdfr-30/ASDfR_3/build/relbot_simulator' returned '0': CMAKE_PREFIX_PATH=${CMAKE_PREFIX_PATH}:/opt/ros/humble /usr/bin/cmake --build /home/asdfr-30/ASDfR_3/build/relbot_simulator -- -j3 -l3
[3.457s] DEBUG:colcon.colcon_core.event_handler.log_command:Invoking command in '/home/asdfr-30/ASDfR_3/build/relbot_simulator': CMAKE_PREFIX_PATH=${CMAKE_PREFIX_PATH}:/opt/ros/humble /usr/bin/cmake --install /home/asdfr-30/ASDfR_3/build/relbot_simulator
[3.465s] Level 1:colcon.colcon_core.environment:create_environment_scripts_only(object_center)
[3.467s] Level 1:colcon.colcon_core.environment:checking '/home/asdfr-30/ASDfR_3/install/object_center' for CMake module files
[3.470s] Level 1:colcon.colcon_core.environment:checking '/home/asdfr-30/ASDfR_3/install/object_center' for CMake config files
[3.472s] Level 1:colcon.colcon_core.shell:create_environment_hook('object_center', 'cmake_prefix_path')
[3.473s] INFO:colcon.colcon_core.shell:Creating environment hook '/home/asdfr-30/ASDfR_3/install/object_center/share/object_center/hook/cmake_prefix_path.ps1'
[3.486s] INFO:colcon.colcon_core.shell:Creating environment descriptor '/home/asdfr-30/ASDfR_3/install/object_center/share/object_center/hook/cmake_prefix_path.dsv'
[3.499s] INFO:colcon.colcon_core.shell:Creating environment hook '/home/asdfr-30/ASDfR_3/install/object_center/share/object_center/hook/cmake_prefix_path.sh'
[3.503s] Level 1:colcon.colcon_core.environment:checking '/home/asdfr-30/ASDfR_3/install/object_center/lib'
[3.503s] Level 1:colcon.colcon_core.environment:checking '/home/asdfr-30/ASDfR_3/install/object_center/bin'
[3.504s] Level 1:colcon.colcon_core.environment:checking '/home/asdfr-30/ASDfR_3/install/object_center/lib/pkgconfig/object_center.pc'
[3.506s] Level 1:colcon.colcon_core.environment:checking '/home/asdfr-30/ASDfR_3/install/object_center/lib/python3.10/site-packages'
[3.513s] Level 1:colcon.colcon_core.environment:checking '/home/asdfr-30/ASDfR_3/install/object_center/bin'
[3.517s] INFO:colcon.colcon_core.shell:Creating package script '/home/asdfr-30/ASDfR_3/install/object_center/share/object_center/package.ps1'
[3.525s] INFO:colcon.colcon_core.shell:Creating package descriptor '/home/asdfr-30/ASDfR_3/install/object_center/share/object_center/package.dsv'
[3.527s] DEBUG:colcon.colcon_core.event_handler.log_command:Invoked command in '/home/asdfr-30/ASDfR_3/build/object_center' returned '0': CMAKE_PREFIX_PATH=${CMAKE_PREFIX_PATH}:/opt/ros/humble /usr/bin/cmake --install /home/asdfr-30/ASDfR_3/build/object_center
[3.530s] INFO:colcon.colcon_core.shell:Creating package script '/home/asdfr-30/ASDfR_3/install/object_center/share/object_center/package.sh'
[3.538s] INFO:colcon.colcon_core.shell:Creating package script '/home/asdfr-30/ASDfR_3/install/object_center/share/object_center/package.bash'
[3.551s] INFO:colcon.colcon_core.shell:Creating package script '/home/asdfr-30/ASDfR_3/install/object_center/share/object_center/package.zsh'
[3.553s] Level 1:colcon.colcon_core.environment:create_file_with_runtime_dependencies(/home/asdfr-30/ASDfR_3/install/object_center/share/colcon-core/packages/object_center)
[3.557s] Level 1:colcon.colcon_core.environment:create_environment_scripts_only(object_center)
[3.559s] Level 1:colcon.colcon_core.environment:checking '/home/asdfr-30/ASDfR_3/install/object_center' for CMake module files
[3.563s] Level 1:colcon.colcon_core.environment:checking '/home/asdfr-30/ASDfR_3/install/object_center' for CMake config files
[3.565s] Level 1:colcon.colcon_core.shell:create_environment_hook('object_center', 'cmake_prefix_path')
[3.566s] INFO:colcon.colcon_core.shell:Creating environment hook '/home/asdfr-30/ASDfR_3/install/object_center/share/object_center/hook/cmake_prefix_path.ps1'
[3.570s] INFO:colcon.colcon_core.shell:Creating environment descriptor '/home/asdfr-30/ASDfR_3/install/object_center/share/object_center/hook/cmake_prefix_path.dsv'
[3.573s] INFO:colcon.colcon_core.shell:Creating environment hook '/home/asdfr-30/ASDfR_3/install/object_center/share/object_center/hook/cmake_prefix_path.sh'
[3.577s] Level 1:colcon.colcon_core.environment:checking '/home/asdfr-30/ASDfR_3/install/object_center/lib'
[3.578s] Level 1:colcon.colcon_core.environment:checking '/home/asdfr-30/ASDfR_3/install/object_center/bin'
[3.579s] Level 1:colcon.colcon_core.environment:checking '/home/asdfr-30/ASDfR_3/install/object_center/lib/pkgconfig/object_center.pc'
[3.580s] Level 1:colcon.colcon_core.environment:checking '/home/asdfr-30/ASDfR_3/install/object_center/lib/python3.10/site-packages'
[3.582s] Level 1:colcon.colcon_core.environment:checking '/home/asdfr-30/ASDfR_3/install/object_center/bin'
[3.583s] INFO:colcon.colcon_core.shell:Creating package script '/home/asdfr-30/ASDfR_3/install/object_center/share/object_center/package.ps1'
[3.588s] INFO:colcon.colcon_core.shell:Creating package descriptor '/home/asdfr-30/ASDfR_3/install/object_center/share/object_center/package.dsv'
[3.591s] INFO:colcon.colcon_core.shell:Creating package script '/home/asdfr-30/ASDfR_3/install/object_center/share/object_center/package.sh'
[3.596s] INFO:colcon.colcon_core.shell:Creating package script '/home/asdfr-30/ASDfR_3/install/object_center/share/object_center/package.bash'
[3.600s] INFO:colcon.colcon_core.shell:Creating package script '/home/asdfr-30/ASDfR_3/install/object_center/share/object_center/package.zsh'
[3.603s] Level 1:colcon.colcon_core.environment:create_file_with_runtime_dependencies(/home/asdfr-30/ASDfR_3/install/object_center/share/colcon-core/packages/object_center)
[3.607s] Level 1:colcon.colcon_core.environment:create_environment_scripts_only(relbot_simulator)
[3.608s] Level 1:colcon.colcon_core.environment:checking '/home/asdfr-30/ASDfR_3/install/relbot_simulator' for CMake module files
[3.611s] Level 1:colcon.colcon_core.environment:checking '/home/asdfr-30/ASDfR_3/install/relbot_simulator' for CMake config files
[3.613s] Level 1:colcon.colcon_core.shell:create_environment_hook('relbot_simulator', 'cmake_prefix_path')
[3.615s] INFO:colcon.colcon_core.shell:Creating environment hook '/home/asdfr-30/ASDfR_3/install/relbot_simulator/share/relbot_simulator/hook/cmake_prefix_path.ps1'
[3.617s] INFO:colcon.colcon_core.shell:Creating environment descriptor '/home/asdfr-30/ASDfR_3/install/relbot_simulator/share/relbot_simulator/hook/cmake_prefix_path.dsv'
[3.620s] INFO:colcon.colcon_core.shell:Creating environment hook '/home/asdfr-30/ASDfR_3/install/relbot_simulator/share/relbot_simulator/hook/cmake_prefix_path.sh'
[3.624s] Level 1:colcon.colcon_core.environment:checking '/home/asdfr-30/ASDfR_3/install/relbot_simulator/lib'
[3.625s] Level 1:colcon.colcon_core.environment:checking '/home/asdfr-30/ASDfR_3/install/relbot_simulator/bin'
[3.626s] Level 1:colcon.colcon_core.environment:checking '/home/asdfr-30/ASDfR_3/install/relbot_simulator/lib/pkgconfig/relbot_simulator.pc'
[3.628s] Level 1:colcon.colcon_core.environment:checking '/home/asdfr-30/ASDfR_3/install/relbot_simulator/lib/python3.10/site-packages'
[3.630s] Level 1:colcon.colcon_core.environment:checking '/home/asdfr-30/ASDfR_3/install/relbot_simulator/bin'
[3.632s] INFO:colcon.colcon_core.shell:Creating package script '/home/asdfr-30/ASDfR_3/install/relbot_simulator/share/relbot_simulator/package.ps1'
[3.635s] INFO:colcon.colcon_core.shell:Creating package descriptor '/home/asdfr-30/ASDfR_3/install/relbot_simulator/share/relbot_simulator/package.dsv'
[3.638s] INFO:colcon.colcon_core.shell:Creating package script '/home/asdfr-30/ASDfR_3/install/relbot_simulator/share/relbot_simulator/package.sh'
[3.642s] INFO:colcon.colcon_core.shell:Creating package script '/home/asdfr-30/ASDfR_3/install/relbot_simulator/share/relbot_simulator/package.bash'
[3.645s] INFO:colcon.colcon_core.shell:Creating package script '/home/asdfr-30/ASDfR_3/install/relbot_simulator/share/relbot_simulator/package.zsh'
[3.648s] Level 1:colcon.colcon_core.environment:create_file_with_runtime_dependencies(/home/asdfr-30/ASDfR_3/install/relbot_simulator/share/colcon-core/packages/relbot_simulator)
[3.651s] Level 1:colcon.colcon_core.environment:create_environment_scripts_only(relbot_simulator)
[3.652s] Level 1:colcon.colcon_core.environment:checking '/home/asdfr-30/ASDfR_3/install/relbot_simulator' for CMake module files
[3.655s] Level 1:colcon.colcon_core.environment:checking '/home/asdfr-30/ASDfR_3/install/relbot_simulator' for CMake config files
[3.656s] Level 1:colcon.colcon_core.shell:create_environment_hook('relbot_simulator', 'cmake_prefix_path')
[3.658s] INFO:colcon.colcon_core.shell:Creating environment hook '/home/asdfr-30/ASDfR_3/install/relbot_simulator/share/relbot_simulator/hook/cmake_prefix_path.ps1'
[3.661s] INFO:colcon.colcon_core.shell:Creating environment descriptor '/home/asdfr-30/ASDfR_3/install/relbot_simulator/share/relbot_simulator/hook/cmake_prefix_path.dsv'
[3.664s] INFO:colcon.colcon_core.shell:Creating environment hook '/home/asdfr-30/ASDfR_3/install/relbot_simulator/share/relbot_simulator/hook/cmake_prefix_path.sh'
[3.668s] Level 1:colcon.colcon_core.environment:checking '/home/asdfr-30/ASDfR_3/install/relbot_simulator/lib'
[3.669s] Level 1:colcon.colcon_core.environment:checking '/home/asdfr-30/ASDfR_3/install/relbot_simulator/bin'
[3.670s] Level 1:colcon.colcon_core.environment:checking '/home/asdfr-30/ASDfR_3/install/relbot_simulator/lib/pkgconfig/relbot_simulator.pc'
[3.671s] Level 1:colcon.colcon_core.environment:checking '/home/asdfr-30/ASDfR_3/install/relbot_simulator/lib/python3.10/site-packages'
[3.673s] Level 1:colcon.colcon_core.environment:checking '/home/asdfr-30/ASDfR_3/install/relbot_simulator/bin'
[3.675s] INFO:colcon.colcon_core.shell:Creating package script '/home/asdfr-30/ASDfR_3/install/relbot_simulator/share/relbot_simulator/package.ps1'
[3.681s] INFO:colcon.colcon_core.shell:Creating package descriptor '/home/asdfr-30/ASDfR_3/install/relbot_simulator/share/relbot_simulator/package.dsv'
[3.683s] DEBUG:colcon.colcon_core.event_handler.log_command:Invoked command in '/home/asdfr-30/ASDfR_3/build/relbot_simulator' returned '0': CMAKE_PREFIX_PATH=${CMAKE_PREFIX_PATH}:/opt/ros/humble /usr/bin/cmake --install /home/asdfr-30/ASDfR_3/build/relbot_simulator
[3.685s] INFO:colcon.colcon_core.shell:Creating package script '/home/asdfr-30/ASDfR_3/install/relbot_simulator/share/relbot_simulator/package.sh'
[3.688s] INFO:colcon.colcon_core.shell:Creating package script '/home/asdfr-30/ASDfR_3/install/relbot_simulator/share/relbot_simulator/package.bash'
[3.691s] INFO:colcon.colcon_core.shell:Creating package script '/home/asdfr-30/ASDfR_3/install/relbot_simulator/share/relbot_simulator/package.zsh'
[3.694s] Level 1:colcon.colcon_core.environment:create_file_with_runtime_dependencies(/home/asdfr-30/ASDfR_3/install/relbot_simulator/share/colcon-core/packages/relbot_simulator)
[4.242s] DEBUG:colcon.colcon_core.event_handler.log_command:Invoked command in '/home/asdfr-30/ASDfR_3/build/xrf2_msgs' returned '0': CMAKE_PREFIX_PATH=${CMAKE_PREFIX_PATH}:/opt/ros/humble /usr/bin/cmake --build /home/asdfr-30/ASDfR_3/build/xrf2_msgs -- -j3 -l3
[4.245s] DEBUG:colcon.colcon_core.event_handler.log_command:Invoking command in '/home/asdfr-30/ASDfR_3/build/xrf2_msgs': CMAKE_PREFIX_PATH=${CMAKE_PREFIX_PATH}:/opt/ros/humble /usr/bin/cmake --install /home/asdfr-30/ASDfR_3/build/xrf2_msgs
[4.460s] Level 1:colcon.colcon_core.environment:create_environment_scripts_only(xrf2_msgs)
[4.461s] Level 1:colcon.colcon_core.environment:checking '/home/asdfr-30/ASDfR_3/install/xrf2_msgs' for CMake module files
[4.466s] Level 1:colcon.colcon_core.environment:checking '/home/asdfr-30/ASDfR_3/install/xrf2_msgs' for CMake config files
[4.470s] Level 1:colcon.colcon_core.shell:create_environment_hook('xrf2_msgs', 'cmake_prefix_path')
[4.471s] INFO:colcon.colcon_core.shell:Creating environment hook '/home/asdfr-30/ASDfR_3/install/xrf2_msgs/share/xrf2_msgs/hook/cmake_prefix_path.ps1'
[4.474s] INFO:colcon.colcon_core.shell:Creating environment descriptor '/home/asdfr-30/ASDfR_3/install/xrf2_msgs/share/xrf2_msgs/hook/cmake_prefix_path.dsv'
[4.476s] INFO:colcon.colcon_core.shell:Creating environment hook '/home/asdfr-30/ASDfR_3/install/xrf2_msgs/share/xrf2_msgs/hook/cmake_prefix_path.sh'
[4.480s] Level 1:colcon.colcon_core.environment:checking '/home/asdfr-30/ASDfR_3/install/xrf2_msgs/lib'
[4.481s] Level 1:colcon.colcon_core.shell:create_environment_hook('xrf2_msgs', 'ld_library_path_lib')
[4.482s] INFO:colcon.colcon_core.shell:Creating environment hook '/home/asdfr-30/ASDfR_3/install/xrf2_msgs/share/xrf2_msgs/hook/ld_library_path_lib.ps1'
[4.485s] INFO:colcon.colcon_core.shell:Creating environment descriptor '/home/asdfr-30/ASDfR_3/install/xrf2_msgs/share/xrf2_msgs/hook/ld_library_path_lib.dsv'
[4.488s] INFO:colcon.colcon_core.shell:Creating environment hook '/home/asdfr-30/ASDfR_3/install/xrf2_msgs/share/xrf2_msgs/hook/ld_library_path_lib.sh'
[4.491s] Level 1:colcon.colcon_core.environment:checking '/home/asdfr-30/ASDfR_3/install/xrf2_msgs/bin'
[4.492s] Level 1:colcon.colcon_core.environment:checking '/home/asdfr-30/ASDfR_3/install/xrf2_msgs/lib/pkgconfig/xrf2_msgs.pc'
[4.493s] Level 1:colcon.colcon_core.environment:checking '/home/asdfr-30/ASDfR_3/install/xrf2_msgs/lib/python3.10/site-packages'
[4.495s] Level 1:colcon.colcon_core.environment:checking '/home/asdfr-30/ASDfR_3/install/xrf2_msgs/bin'
[4.497s] INFO:colcon.colcon_core.shell:Creating package script '/home/asdfr-30/ASDfR_3/install/xrf2_msgs/share/xrf2_msgs/package.ps1'
[4.500s] INFO:colcon.colcon_core.shell:Creating package descriptor '/home/asdfr-30/ASDfR_3/install/xrf2_msgs/share/xrf2_msgs/package.dsv'
[4.504s] INFO:colcon.colcon_core.shell:Creating package script '/home/asdfr-30/ASDfR_3/install/xrf2_msgs/share/xrf2_msgs/package.sh'
[4.506s] INFO:colcon.colcon_core.shell:Creating package script '/home/asdfr-30/ASDfR_3/install/xrf2_msgs/share/xrf2_msgs/package.bash'
[4.509s] INFO:colcon.colcon_core.shell:Creating package script '/home/asdfr-30/ASDfR_3/install/xrf2_msgs/share/xrf2_msgs/package.zsh'
[4.511s] Level 1:colcon.colcon_core.environment:create_file_with_runtime_dependencies(/home/asdfr-30/ASDfR_3/install/xrf2_msgs/share/colcon-core/packages/xrf2_msgs)
[4.515s] Level 1:colcon.colcon_core.environment:create_environment_scripts_only(xrf2_msgs)
[4.516s] Level 1:colcon.colcon_core.environment:checking '/home/asdfr-30/ASDfR_3/install/xrf2_msgs' for CMake module files
[4.522s] Level 1:colcon.colcon_core.environment:checking '/home/asdfr-30/ASDfR_3/install/xrf2_msgs' for CMake config files
[4.525s] Level 1:colcon.colcon_core.shell:create_environment_hook('xrf2_msgs', 'cmake_prefix_path')
[4.527s] INFO:colcon.colcon_core.shell:Creating environment hook '/home/asdfr-30/ASDfR_3/install/xrf2_msgs/share/xrf2_msgs/hook/cmake_prefix_path.ps1'
[4.529s] INFO:colcon.colcon_core.shell:Creating environment descriptor '/home/asdfr-30/ASDfR_3/install/xrf2_msgs/share/xrf2_msgs/hook/cmake_prefix_path.dsv'
[4.532s] INFO:colcon.colcon_core.shell:Creating environment hook '/home/asdfr-30/ASDfR_3/install/xrf2_msgs/share/xrf2_msgs/hook/cmake_prefix_path.sh'
[4.535s] Level 1:colcon.colcon_core.environment:checking '/home/asdfr-30/ASDfR_3/install/xrf2_msgs/lib'
[4.536s] Level 1:colcon.colcon_core.shell:create_environment_hook('xrf2_msgs', 'ld_library_path_lib')
[4.537s] DEBUG:colcon.colcon_core.event_handler.log_command:Invoked command in '/home/asdfr-30/ASDfR_3/build/xrf2_msgs' returned '0': CMAKE_PREFIX_PATH=${CMAKE_PREFIX_PATH}:/opt/ros/humble /usr/bin/cmake --install /home/asdfr-30/ASDfR_3/build/xrf2_msgs
[4.538s] INFO:colcon.colcon_core.shell:Creating environment hook '/home/asdfr-30/ASDfR_3/install/xrf2_msgs/share/xrf2_msgs/hook/ld_library_path_lib.ps1'
[4.541s] INFO:colcon.colcon_core.shell:Creating environment descriptor '/home/asdfr-30/ASDfR_3/install/xrf2_msgs/share/xrf2_msgs/hook/ld_library_path_lib.dsv'
[4.543s] INFO:colcon.colcon_core.shell:Creating environment hook '/home/asdfr-30/ASDfR_3/install/xrf2_msgs/share/xrf2_msgs/hook/ld_library_path_lib.sh'
[4.545s] Level 1:colcon.colcon_core.environment:checking '/home/asdfr-30/ASDfR_3/install/xrf2_msgs/bin'
[4.545s] Level 1:colcon.colcon_core.environment:checking '/home/asdfr-30/ASDfR_3/install/xrf2_msgs/lib/pkgconfig/xrf2_msgs.pc'
[4.547s] Level 1:colcon.colcon_core.environment:checking '/home/asdfr-30/ASDfR_3/install/xrf2_msgs/lib/python3.10/site-packages'
[4.548s] Level 1:colcon.colcon_core.environment:checking '/home/asdfr-30/ASDfR_3/install/xrf2_msgs/bin'
[4.549s] INFO:colcon.colcon_core.shell:Creating package script '/home/asdfr-30/ASDfR_3/install/xrf2_msgs/share/xrf2_msgs/package.ps1'
[4.552s] INFO:colcon.colcon_core.shell:Creating package descriptor '/home/asdfr-30/ASDfR_3/install/xrf2_msgs/share/xrf2_msgs/package.dsv'
[4.555s] INFO:colcon.colcon_core.shell:Creating package script '/home/asdfr-30/ASDfR_3/install/xrf2_msgs/share/xrf2_msgs/package.sh'
[4.557s] INFO:colcon.colcon_core.shell:Creating package script '/home/asdfr-30/ASDfR_3/install/xrf2_msgs/share/xrf2_msgs/package.bash'
[4.560s] INFO:colcon.colcon_core.shell:Creating package script '/home/asdfr-30/ASDfR_3/install/xrf2_msgs/share/xrf2_msgs/package.zsh'
[4.562s] Level 1:colcon.colcon_core.environment:create_file_with_runtime_dependencies(/home/asdfr-30/ASDfR_3/install/xrf2_msgs/share/colcon-core/packages/xrf2_msgs)
[4.564s] INFO:colcon.colcon_ros.task.ament_cmake.build:Building ROS package in '/home/asdfr-30/ASDfR_3/src/XRF2/XenoRosFramework/Ros/ros_xeno_bridge' with build type 'ament_cmake'
[4.564s] INFO:colcon.colcon_cmake.task.cmake.build:Building CMake package in '/home/asdfr-30/ASDfR_3/src/XRF2/XenoRosFramework/Ros/ros_xeno_bridge'
[4.565s] INFO:colcon.colcon_core.shell:Skip shell extension 'powershell' for command environment: Not usable outside of PowerShell
[4.566s] DEBUG:colcon.colcon_core.shell:Skip shell extension 'dsv' for command environment
[4.583s] INFO:colcon.colcon_ros.task.ament_cmake.build:Building ROS package in '/home/asdfr-30/ASDfR_3/src/sequence_controller' with build type 'ament_cmake'
[4.583s] INFO:colcon.colcon_cmake.task.cmake.build:Building CMake package in '/home/asdfr-30/ASDfR_3/src/sequence_controller'
[4.585s] INFO:colcon.colcon_core.shell:Skip shell extension 'powershell' for command environment: Not usable outside of PowerShell
[4.585s] DEBUG:colcon.colcon_core.shell:Skip shell extension 'dsv' for command environment
[4.603s] INFO:colcon.colcon_cmake.task.cmake.build:Building CMake package in '/home/asdfr-30/ASDfR_3/src/xeno_loop'
[4.606s] INFO:colcon.colcon_core.shell:Skip shell extension 'powershell' for command environment: Not usable outside of PowerShell
[4.607s] DEBUG:colcon.colcon_core.shell:Skip shell extension 'dsv' for command environment
[4.650s] DEBUG:colcon.colcon_core.event_handler.log_command:Invoking command in '/home/asdfr-30/ASDfR_3/build/ros_xeno_bridge': CMAKE_PREFIX_PATH=/home/asdfr-30/ASDfR_3/install/xrf2_msgs:/home/asdfr-30/ASDfR_3/install/object_center:/home/asdfr-30/ASDfR_3/install/cam2image_vm2ros:/home/asdfr-30/ASDfR_3/install/brightness:/home/asdfr-30/ASDF/30-ASDfR/ASDfR_3/install/xrf2_msgs:/opt/ros/humble LD_LIBRARY_PATH=/home/asdfr-30/ASDfR_3/install/xrf2_msgs/lib:/home/asdfr-30/ASDfR_3/install/cam2image_vm2ros/lib:/home/asdfr-30/ASDF/30-ASDfR/ASDfR_3/install/xrf2_msgs/lib:/opt/ros/humble/opt/rviz_ogre_vendor/lib:/opt/ros/humble/lib/aarch64-linux-gnu:/opt/ros/humble/lib /usr/bin/cmake --build /home/asdfr-30/ASDfR_3/build/ros_xeno_bridge -- -j3 -l3
[4.659s] DEBUG:colcon.colcon_core.event_handler.log_command:Invoking command in '/home/asdfr-30/ASDfR_3/build/sequence_controller': CMAKE_PREFIX_PATH=/home/asdfr-30/ASDfR_3/install/xrf2_msgs:/home/asdfr-30/ASDfR_3/install/object_center:/home/asdfr-30/ASDfR_3/install/cam2image_vm2ros:/home/asdfr-30/ASDfR_3/install/brightness:/home/asdfr-30/ASDF/30-ASDfR/ASDfR_3/install/xrf2_msgs:/opt/ros/humble LD_LIBRARY_PATH=/home/asdfr-30/ASDfR_3/install/xrf2_msgs/lib:/home/asdfr-30/ASDfR_3/install/cam2image_vm2ros/lib:/home/asdfr-30/ASDF/30-ASDfR/ASDfR_3/install/xrf2_msgs/lib:/opt/ros/humble/opt/rviz_ogre_vendor/lib:/opt/ros/humble/lib/aarch64-linux-gnu:/opt/ros/humble/lib /usr/bin/cmake --build /home/asdfr-30/ASDfR_3/build/sequence_controller -- -j3 -l3
[4.686s] DEBUG:colcon.colcon_core.event_handler.log_command:Invoking command in '/home/asdfr-30/ASDfR_3/build/xeno_loop': CMAKE_PREFIX_PATH=/home/asdfr-30/ASDfR_3/install/xrf2_msgs:/home/asdfr-30/ASDfR_3/install/object_center:/home/asdfr-30/ASDfR_3/install/cam2image_vm2ros:/home/asdfr-30/ASDfR_3/install/brightness:/home/asdfr-30/ASDF/30-ASDfR/ASDfR_3/install/xrf2_msgs LD_LIBRARY_PATH=/home/asdfr-30/ASDfR_3/install/xrf2_msgs/lib:/home/asdfr-30/ASDfR_3/install/cam2image_vm2ros/lib:/home/asdfr-30/ASDF/30-ASDfR/ASDfR_3/install/xrf2_msgs/lib:/opt/ros/humble/opt/rviz_ogre_vendor/lib:/opt/ros/humble/lib/aarch64-linux-gnu:/opt/ros/humble/lib /usr/bin/cmake --build /home/asdfr-30/ASDfR_3/build/xeno_loop -- -j3 -l3
[4.896s] DEBUG:colcon.colcon_core.event_handler.log_command:Invoked command in '/home/asdfr-30/ASDfR_3/build/ros_xeno_bridge' returned '0': CMAKE_PREFIX_PATH=/home/asdfr-30/ASDfR_3/install/xrf2_msgs:/home/asdfr-30/ASDfR_3/install/object_center:/home/asdfr-30/ASDfR_3/install/cam2image_vm2ros:/home/asdfr-30/ASDfR_3/install/brightness:/home/asdfr-30/ASDF/30-ASDfR/ASDfR_3/install/xrf2_msgs:/opt/ros/humble LD_LIBRARY_PATH=/home/asdfr-30/ASDfR_3/install/xrf2_msgs/lib:/home/asdfr-30/ASDfR_3/install/cam2image_vm2ros/lib:/home/asdfr-30/ASDF/30-ASDfR/ASDfR_3/install/xrf2_msgs/lib:/opt/ros/humble/opt/rviz_ogre_vendor/lib:/opt/ros/humble/lib/aarch64-linux-gnu:/opt/ros/humble/lib /usr/bin/cmake --build /home/asdfr-30/ASDfR_3/build/ros_xeno_bridge -- -j3 -l3
[4.909s] DEBUG:colcon.colcon_core.event_handler.log_command:Invoking command in '/home/asdfr-30/ASDfR_3/build/ros_xeno_bridge': CMAKE_PREFIX_PATH=/home/asdfr-30/ASDfR_3/install/xrf2_msgs:/home/asdfr-30/ASDfR_3/install/object_center:/home/asdfr-30/ASDfR_3/install/cam2image_vm2ros:/home/asdfr-30/ASDfR_3/install/brightness:/home/asdfr-30/ASDF/30-ASDfR/ASDfR_3/install/xrf2_msgs:/opt/ros/humble LD_LIBRARY_PATH=/home/asdfr-30/ASDfR_3/install/xrf2_msgs/lib:/home/asdfr-30/ASDfR_3/install/cam2image_vm2ros/lib:/home/asdfr-30/ASDF/30-ASDfR/ASDfR_3/install/xrf2_msgs/lib:/opt/ros/humble/opt/rviz_ogre_vendor/lib:/opt/ros/humble/lib/aarch64-linux-gnu:/opt/ros/humble/lib /usr/bin/cmake --install /home/asdfr-30/ASDfR_3/build/ros_xeno_bridge
[5.054s] Level 1:colcon.colcon_core.environment:create_environment_scripts_only(ros_xeno_bridge)
[5.056s] Level 1:colcon.colcon_core.environment:checking '/home/asdfr-30/ASDfR_3/install/ros_xeno_bridge' for CMake module files
[5.058s] Level 1:colcon.colcon_core.environment:checking '/home/asdfr-30/ASDfR_3/install/ros_xeno_bridge' for CMake config files
[5.059s] Level 1:colcon.colcon_core.shell:create_environment_hook('ros_xeno_bridge', 'cmake_prefix_path')
[5.061s] INFO:colcon.colcon_core.shell:Creating environment hook '/home/asdfr-30/ASDfR_3/install/ros_xeno_bridge/share/ros_xeno_bridge/hook/cmake_prefix_path.ps1'
[5.064s] DEBUG:colcon.colcon_core.event_handler.log_command:Invoked command in '/home/asdfr-30/ASDfR_3/build/ros_xeno_bridge' returned '0': CMAKE_PREFIX_PATH=/home/asdfr-30/ASDfR_3/install/xrf2_msgs:/home/asdfr-30/ASDfR_3/install/object_center:/home/asdfr-30/ASDfR_3/install/cam2image_vm2ros:/home/asdfr-30/ASDfR_3/install/brightness:/home/asdfr-30/ASDF/30-ASDfR/ASDfR_3/install/xrf2_msgs:/opt/ros/humble LD_LIBRARY_PATH=/home/asdfr-30/ASDfR_3/install/xrf2_msgs/lib:/home/asdfr-30/ASDfR_3/install/cam2image_vm2ros/lib:/home/asdfr-30/ASDF/30-ASDfR/ASDfR_3/install/xrf2_msgs/lib:/opt/ros/humble/opt/rviz_ogre_vendor/lib:/opt/ros/humble/lib/aarch64-linux-gnu:/opt/ros/humble/lib /usr/bin/cmake --install /home/asdfr-30/ASDfR_3/build/ros_xeno_bridge
[5.065s] INFO:colcon.colcon_core.shell:Creating environment descriptor '/home/asdfr-30/ASDfR_3/install/ros_xeno_bridge/share/ros_xeno_bridge/hook/cmake_prefix_path.dsv'
[5.067s] INFO:colcon.colcon_core.shell:Creating environment hook '/home/asdfr-30/ASDfR_3/install/ros_xeno_bridge/share/ros_xeno_bridge/hook/cmake_prefix_path.sh'
[5.078s] Level 1:colcon.colcon_core.environment:checking '/home/asdfr-30/ASDfR_3/install/ros_xeno_bridge/lib'
[5.079s] Level 1:colcon.colcon_core.environment:checking '/home/asdfr-30/ASDfR_3/install/ros_xeno_bridge/bin'
[5.079s] Level 1:colcon.colcon_core.environment:checking '/home/asdfr-30/ASDfR_3/install/ros_xeno_bridge/lib/pkgconfig/ros_xeno_bridge.pc'
[5.080s] Level 1:colcon.colcon_core.environment:checking '/home/asdfr-30/ASDfR_3/install/ros_xeno_bridge/lib/python3.10/site-packages'
[5.081s] Level 1:colcon.colcon_core.environment:checking '/home/asdfr-30/ASDfR_3/install/ros_xeno_bridge/bin'
[5.083s] INFO:colcon.colcon_core.shell:Creating package script '/home/asdfr-30/ASDfR_3/install/ros_xeno_bridge/share/ros_xeno_bridge/package.ps1'
[5.086s] INFO:colcon.colcon_core.shell:Creating package descriptor '/home/asdfr-30/ASDfR_3/install/ros_xeno_bridge/share/ros_xeno_bridge/package.dsv'
[5.096s] INFO:colcon.colcon_core.shell:Creating package script '/home/asdfr-30/ASDfR_3/install/ros_xeno_bridge/share/ros_xeno_bridge/package.sh'
[5.102s] INFO:colcon.colcon_core.shell:Creating package script '/home/asdfr-30/ASDfR_3/install/ros_xeno_bridge/share/ros_xeno_bridge/package.bash'
[5.105s] INFO:colcon.colcon_core.shell:Creating package script '/home/asdfr-30/ASDfR_3/install/ros_xeno_bridge/share/ros_xeno_bridge/package.zsh'
[5.110s] Level 1:colcon.colcon_core.environment:create_file_with_runtime_dependencies(/home/asdfr-30/ASDfR_3/install/ros_xeno_bridge/share/colcon-core/packages/ros_xeno_bridge)
[5.122s] Level 1:colcon.colcon_core.environment:create_environment_scripts_only(ros_xeno_bridge)
[5.124s] Level 1:colcon.colcon_core.environment:checking '/home/asdfr-30/ASDfR_3/install/ros_xeno_bridge' for CMake module files
[5.126s] Level 1:colcon.colcon_core.environment:checking '/home/asdfr-30/ASDfR_3/install/ros_xeno_bridge' for CMake config files
[5.128s] Level 1:colcon.colcon_core.shell:create_environment_hook('ros_xeno_bridge', 'cmake_prefix_path')
[5.129s] INFO:colcon.colcon_core.shell:Creating environment hook '/home/asdfr-30/ASDfR_3/install/ros_xeno_bridge/share/ros_xeno_bridge/hook/cmake_prefix_path.ps1'
[5.140s] INFO:colcon.colcon_core.shell:Creating environment descriptor '/home/asdfr-30/ASDfR_3/install/ros_xeno_bridge/share/ros_xeno_bridge/hook/cmake_prefix_path.dsv'
[5.141s] INFO:colcon.colcon_core.shell:Creating environment hook '/home/asdfr-30/ASDfR_3/install/ros_xeno_bridge/share/ros_xeno_bridge/hook/cmake_prefix_path.sh'
[5.155s] Level 1:colcon.colcon_core.environment:checking '/home/asdfr-30/ASDfR_3/install/ros_xeno_bridge/lib'
[5.155s] Level 1:colcon.colcon_core.environment:checking '/home/asdfr-30/ASDfR_3/install/ros_xeno_bridge/bin'
[5.156s] Level 1:colcon.colcon_core.environment:checking '/home/asdfr-30/ASDfR_3/install/ros_xeno_bridge/lib/pkgconfig/ros_xeno_bridge.pc'
[5.157s] Level 1:colcon.colcon_core.environment:checking '/home/asdfr-30/ASDfR_3/install/ros_xeno_bridge/lib/python3.10/site-packages'
[5.158s] Level 1:colcon.colcon_core.environment:checking '/home/asdfr-30/ASDfR_3/install/ros_xeno_bridge/bin'
[5.159s] INFO:colcon.colcon_core.shell:Creating package script '/home/asdfr-30/ASDfR_3/install/ros_xeno_bridge/share/ros_xeno_bridge/package.ps1'
[5.162s] INFO:colcon.colcon_core.shell:Creating package descriptor '/home/asdfr-30/ASDfR_3/install/ros_xeno_bridge/share/ros_xeno_bridge/package.dsv'
[5.170s] INFO:colcon.colcon_core.shell:Creating package script '/home/asdfr-30/ASDfR_3/install/ros_xeno_bridge/share/ros_xeno_bridge/package.sh'
[5.172s] INFO:colcon.colcon_core.shell:Creating package script '/home/asdfr-30/ASDfR_3/install/ros_xeno_bridge/share/ros_xeno_bridge/package.bash'
[5.174s] INFO:colcon.colcon_core.shell:Creating package script '/home/asdfr-30/ASDfR_3/install/ros_xeno_bridge/share/ros_xeno_bridge/package.zsh'
[5.176s] Level 1:colcon.colcon_core.environment:create_file_with_runtime_dependencies(/home/asdfr-30/ASDfR_3/install/ros_xeno_bridge/share/colcon-core/packages/ros_xeno_bridge)
[6.101s] DEBUG:colcon.colcon_core.event_handler.log_command:Invoked command in '/home/asdfr-30/ASDfR_3/build/xeno_loop' returned '0': CMAKE_PREFIX_PATH=/home/asdfr-30/ASDfR_3/install/xrf2_msgs:/home/asdfr-30/ASDfR_3/install/object_center:/home/asdfr-30/ASDfR_3/install/cam2image_vm2ros:/home/asdfr-30/ASDfR_3/install/brightness:/home/asdfr-30/ASDF/30-ASDfR/ASDfR_3/install/xrf2_msgs LD_LIBRARY_PATH=/home/asdfr-30/ASDfR_3/install/xrf2_msgs/lib:/home/asdfr-30/ASDfR_3/install/cam2image_vm2ros/lib:/home/asdfr-30/ASDF/30-ASDfR/ASDfR_3/install/xrf2_msgs/lib:/opt/ros/humble/opt/rviz_ogre_vendor/lib:/opt/ros/humble/lib/aarch64-linux-gnu:/opt/ros/humble/lib /usr/bin/cmake --build /home/asdfr-30/ASDfR_3/build/xeno_loop -- -j3 -l3
[6.098s] WARNING:colcon.colcon_cmake.task.cmake.build:Could not run installation step for package 'xeno_loop' because it has no 'install' target
[6.102s] Level 1:colcon.colcon_core.environment:create_environment_scripts_only(xeno_loop)
[6.103s] Level 1:colcon.colcon_core.environment:checking '/home/asdfr-30/ASDfR_3/install/xeno_loop' for CMake module files
[6.105s] Level 1:colcon.colcon_core.environment:checking '/home/asdfr-30/ASDfR_3/install/xeno_loop' for CMake config files
[6.107s] Level 1:colcon.colcon_core.environment:checking '/home/asdfr-30/ASDfR_3/install/xeno_loop/bin'
[6.108s] Level 1:colcon.colcon_core.environment:checking '/home/asdfr-30/ASDfR_3/install/xeno_loop/lib/pkgconfig/xeno_loop.pc'
[6.109s] Level 1:colcon.colcon_core.environment:checking '/home/asdfr-30/ASDfR_3/install/xeno_loop/lib/python3.10/site-packages'
[6.111s] Level 1:colcon.colcon_core.environment:checking '/home/asdfr-30/ASDfR_3/install/xeno_loop/bin'
[6.113s] INFO:colcon.colcon_core.shell:Creating package script '/home/asdfr-30/ASDfR_3/install/xeno_loop/share/xeno_loop/package.ps1'
[6.121s] INFO:colcon.colcon_core.shell:Creating package descriptor '/home/asdfr-30/ASDfR_3/install/xeno_loop/share/xeno_loop/package.dsv'
[6.127s] INFO:colcon.colcon_core.shell:Creating package script '/home/asdfr-30/ASDfR_3/install/xeno_loop/share/xeno_loop/package.sh'
[6.131s] INFO:colcon.colcon_core.shell:Creating package script '/home/asdfr-30/ASDfR_3/install/xeno_loop/share/xeno_loop/package.bash'
[6.137s] INFO:colcon.colcon_core.shell:Creating package script '/home/asdfr-30/ASDfR_3/install/xeno_loop/share/xeno_loop/package.zsh'
[6.142s] Level 1:colcon.colcon_core.environment:create_file_with_runtime_dependencies(/home/asdfr-30/ASDfR_3/install/xeno_loop/share/colcon-core/packages/xeno_loop)
[27.147s] Level 1:colcon.colcon_core.environment:create_environment_scripts_only(sequence_controller)
[27.148s] DEBUG:colcon.colcon_core.event_handler.log_command:Invoked command in '/home/asdfr-30/ASDfR_3/build/sequence_controller' returned '2': CMAKE_PREFIX_PATH=/home/asdfr-30/ASDfR_3/install/xrf2_msgs:/home/asdfr-30/ASDfR_3/install/object_center:/home/asdfr-30/ASDfR_3/install/cam2image_vm2ros:/home/asdfr-30/ASDfR_3/install/brightness:/home/asdfr-30/ASDF/30-ASDfR/ASDfR_3/install/xrf2_msgs:/opt/ros/humble LD_LIBRARY_PATH=/home/asdfr-30/ASDfR_3/install/xrf2_msgs/lib:/home/asdfr-30/ASDfR_3/install/cam2image_vm2ros/lib:/home/asdfr-30/ASDF/30-ASDfR/ASDfR_3/install/xrf2_msgs/lib:/opt/ros/humble/opt/rviz_ogre_vendor/lib:/opt/ros/humble/lib/aarch64-linux-gnu:/opt/ros/humble/lib /usr/bin/cmake --build /home/asdfr-30/ASDfR_3/build/sequence_controller -- -j3 -l3
[27.149s] Level 1:colcon.colcon_core.environment:checking '/home/asdfr-30/ASDfR_3/install/sequence_controller' for CMake module files
[27.152s] Level 1:colcon.colcon_core.environment:checking '/home/asdfr-30/ASDfR_3/install/sequence_controller' for CMake config files
[27.154s] Level 1:colcon.colcon_core.shell:create_environment_hook('sequence_controller', 'cmake_prefix_path')
[27.155s] INFO:colcon.colcon_core.shell:Creating environment hook '/home/asdfr-30/ASDfR_3/install/sequence_controller/share/sequence_controller/hook/cmake_prefix_path.ps1'
[27.157s] INFO:colcon.colcon_core.shell:Creating environment descriptor '/home/asdfr-30/ASDfR_3/install/sequence_controller/share/sequence_controller/hook/cmake_prefix_path.dsv'
[27.159s] INFO:colcon.colcon_core.shell:Creating environment hook '/home/asdfr-30/ASDfR_3/install/sequence_controller/share/sequence_controller/hook/cmake_prefix_path.sh'
[27.164s] Level 1:colcon.colcon_core.environment:checking '/home/asdfr-30/ASDfR_3/install/sequence_controller/lib'
[27.164s] Level 1:colcon.colcon_core.environment:checking '/home/asdfr-30/ASDfR_3/install/sequence_controller/bin'
[27.165s] Level 1:colcon.colcon_core.environment:checking '/home/asdfr-30/ASDfR_3/install/sequence_controller/lib/pkgconfig/sequence_controller.pc'
[27.166s] Level 1:colcon.colcon_core.environment:checking '/home/asdfr-30/ASDfR_3/install/sequence_controller/lib/python3.10/site-packages'
[27.167s] Level 1:colcon.colcon_core.environment:checking '/home/asdfr-30/ASDfR_3/install/sequence_controller/bin'
[27.168s] INFO:colcon.colcon_core.shell:Creating package script '/home/asdfr-30/ASDfR_3/install/sequence_controller/share/sequence_controller/package.ps1'
[27.171s] INFO:colcon.colcon_core.shell:Creating package descriptor '/home/asdfr-30/ASDfR_3/install/sequence_controller/share/sequence_controller/package.dsv'
[27.173s] INFO:colcon.colcon_core.shell:Creating package script '/home/asdfr-30/ASDfR_3/install/sequence_controller/share/sequence_controller/package.sh'
[27.176s] INFO:colcon.colcon_core.shell:Creating package script '/home/asdfr-30/ASDfR_3/install/sequence_controller/share/sequence_controller/package.bash'
[27.178s] INFO:colcon.colcon_core.shell:Creating package script '/home/asdfr-30/ASDfR_3/install/sequence_controller/share/sequence_controller/package.zsh'
[27.180s] Level 1:colcon.colcon_core.environment:create_file_with_runtime_dependencies(/home/asdfr-30/ASDfR_3/install/sequence_controller/share/colcon-core/packages/sequence_controller)
[27.192s] DEBUG:colcon.colcon_parallel_executor.executor.parallel:closing loop
[27.193s] DEBUG:colcon.colcon_parallel_executor.executor.parallel:loop closed
[27.193s] DEBUG:colcon.colcon_parallel_executor.executor.parallel:run_until_complete finished with '2'
[27.194s] DEBUG:colcon.colcon_core.event_reactor:joining thread
[27.215s] INFO:colcon.colcon_core.plugin_system:Skipping extension 'colcon_notification.desktop_notification.notify_send': Could not find 'notify-send'
[27.216s] INFO:colcon.colcon_core.plugin_system:Skipping extension 'colcon_notification.desktop_notification.terminal_notifier': Not used on non-Darwin systems
[27.216s] INFO:colcon.colcon_core.plugin_system:Skipping extension 'colcon_notification.desktop_notification.win32': Not used on non-Windows systems
[27.217s] INFO:colcon.colcon_notification.desktop_notification:Sending desktop notification using 'notify2'
[27.218s] DEBUG:colcon.colcon_notification.desktop_notification.notify2:Failed to initialize notify2: org.freedesktop.DBus.Error.ServiceUnknown: The name org.freedesktop.Notifications was not provided by any .service files
[27.219s] DEBUG:colcon.colcon_core.event_reactor:joined thread
[27.220s] INFO:colcon.colcon_core.shell:Creating prefix script '/home/asdfr-30/ASDfR_3/install/local_setup.ps1'
[27.224s] INFO:colcon.colcon_core.shell:Creating prefix util module '/home/asdfr-30/ASDfR_3/install/_local_setup_util_ps1.py'
[27.231s] INFO:colcon.colcon_core.shell:Creating prefix chain script '/home/asdfr-30/ASDfR_3/install/setup.ps1'
[27.237s] INFO:colcon.colcon_core.shell:Creating prefix script '/home/asdfr-30/ASDfR_3/install/local_setup.sh'
[27.240s] INFO:colcon.colcon_core.shell:Creating prefix util module '/home/asdfr-30/ASDfR_3/install/_local_setup_util_sh.py'
[27.244s] INFO:colcon.colcon_core.shell:Creating prefix chain script '/home/asdfr-30/ASDfR_3/install/setup.sh'
[27.250s] INFO:colcon.colcon_core.shell:Creating prefix script '/home/asdfr-30/ASDfR_3/install/local_setup.bash'
[27.252s] INFO:colcon.colcon_core.shell:Creating prefix chain script '/home/asdfr-30/ASDfR_3/install/setup.bash'
[27.257s] INFO:colcon.colcon_core.shell:Creating prefix script '/home/asdfr-30/ASDfR_3/install/local_setup.zsh'
[27.260s] INFO:colcon.colcon_core.shell:Creating prefix chain script '/home/asdfr-30/ASDfR_3/install/setup.zsh'
