[0.385s] DEBUG:colcon:Command line arguments: ['/usr/bin/colcon', 'build']
[0.386s] DEBUG:colcon:Parsed command line arguments: Namespace(log_base=None, log_level=None, verb_name='build', build_base='build', install_base='install', merge_install=False, symlink_install=False, test_result_base=None, continue_on_error=False, executor='parallel', parallel_workers=3, event_handlers=None, ignore_user_meta=False, metas=['./colcon.meta'], base_paths=['.'], packages_ignore=None, packages_ignore_regex=None, paths=None, packages_up_to=None, packages_up_to_regex=None, packages_above=None, packages_above_and_dependencies=None, packages_above_depth=None, packages_select_by_dep=None, packages_skip_by_dep=None, packages_skip_up_to=None, packages_select_build_failed=False, packages_skip_build_finished=False, packages_select_test_failures=False, packages_skip_test_passed=False, packages_select=None, packages_skip=None, packages_select_regex=None, packages_skip_regex=None, packages_start=None, packages_end=None, allow_overriding=[], cmake_args=None, cmake_target=None, cmake_target_skip_unavailable=False, cmake_clean_cache=False, cmake_clean_first=False, cmake_force_configure=False, ament_cmake_args=None, catkin_cmake_args=None, catkin_skip_building_tests=False, mixin_files=None, mixin=None, verb_parser=<colcon_mixin.mixin.mixin_argument.MixinArgumentDecorator object at 0xffffb51e0c70>, verb_extension=<colcon_core.verb.build.BuildVerb object at 0xffffb51e0700>, main=<bound method BuildVerb.main of <colcon_core.verb.build.BuildVerb object at 0xffffb51e0700>>, mixin_verb=('build',))
[1.002s] Level 1:colcon.colcon_core.package_discovery:discover_packages(colcon_meta) check parameters
[1.003s] Level 1:colcon.colcon_core.package_discovery:discover_packages(recursive) check parameters
[1.003s] Level 1:colcon.colcon_core.package_discovery:discover_packages(ignore) check parameters
[1.003s] Level 1:colcon.colcon_core.package_discovery:discover_packages(path) check parameters
[1.004s] Level 1:colcon.colcon_core.package_discovery:discover_packages(colcon_meta) discover
[1.004s] Level 1:colcon.colcon_core.package_discovery:discover_packages(recursive) discover
[1.004s] INFO:colcon.colcon_core.package_discovery:Crawling recursively for packages in '/home/asdfr-30/ASDfR_3'
[1.005s] Level 1:colcon.colcon_core.package_identification:_identify(.) by extensions ['ignore', 'ignore_ament_install']
[1.006s] Level 1:colcon.colcon_core.package_identification:_identify(.) by extension 'ignore'
[1.006s] Level 1:colcon.colcon_core.package_identification:_identify(.) by extension 'ignore_ament_install'
[1.007s] Level 1:colcon.colcon_core.package_identification:_identify(.) by extensions ['colcon_pkg']
[1.007s] Level 1:colcon.colcon_core.package_identification:_identify(.) by extension 'colcon_pkg'
[1.008s] Level 1:colcon.colcon_core.package_identification:_identify(.) by extensions ['colcon_meta']
[1.008s] Level 1:colcon.colcon_core.package_identification:_identify(.) by extension 'colcon_meta'
[1.008s] Level 1:colcon.colcon_core.package_identification:_identify(.) by extensions ['ros']
[1.009s] Level 1:colcon.colcon_core.package_identification:_identify(.) by extension 'ros'
[1.049s] Level 1:colcon.colcon_core.package_identification:_identify(.) by extensions ['cmake', 'python']
[1.049s] Level 1:colcon.colcon_core.package_identification:_identify(.) by extension 'cmake'
[1.049s] Level 1:colcon.colcon_core.package_identification:_identify(.) by extension 'python'
[1.050s] Level 1:colcon.colcon_core.package_identification:_identify(.) by extensions ['python_setup_py']
[1.050s] Level 1:colcon.colcon_core.package_identification:_identify(.) by extension 'python_setup_py'
[1.051s] Level 1:colcon.colcon_core.package_identification:_identify(build) by extensions ['ignore', 'ignore_ament_install']
[1.052s] Level 1:colcon.colcon_core.package_identification:_identify(build) by extension 'ignore'
[1.052s] Level 1:colcon.colcon_core.package_identification:_identify(build) ignored
[1.053s] Level 1:colcon.colcon_core.package_identification:_identify(install) by extensions ['ignore', 'ignore_ament_install']
[1.054s] Level 1:colcon.colcon_core.package_identification:_identify(install) by extension 'ignore'
[1.055s] Level 1:colcon.colcon_core.package_identification:_identify(install) ignored
[1.055s] Level 1:colcon.colcon_core.package_identification:_identify(log) by extensions ['ignore', 'ignore_ament_install']
[1.056s] Level 1:colcon.colcon_core.package_identification:_identify(log) by extension 'ignore'
[1.056s] Level 1:colcon.colcon_core.package_identification:_identify(log) ignored
[1.057s] Level 1:colcon.colcon_core.package_identification:_identify(src) by extensions ['ignore', 'ignore_ament_install']
[1.057s] Level 1:colcon.colcon_core.package_identification:_identify(src) by extension 'ignore'
[1.058s] Level 1:colcon.colcon_core.package_identification:_identify(src) by extension 'ignore_ament_install'
[1.058s] Level 1:colcon.colcon_core.package_identification:_identify(src) by extensions ['colcon_pkg']
[1.058s] Level 1:colcon.colcon_core.package_identification:_identify(src) by extension 'colcon_pkg'
[1.059s] Level 1:colcon.colcon_core.package_identification:_identify(src) by extensions ['colcon_meta']
[1.059s] Level 1:colcon.colcon_core.package_identification:_identify(src) by extension 'colcon_meta'
[1.059s] Level 1:colcon.colcon_core.package_identification:_identify(src) by extensions ['ros']
[1.060s] Level 1:colcon.colcon_core.package_identification:_identify(src) by extension 'ros'
[1.060s] Level 1:colcon.colcon_core.package_identification:_identify(src) by extensions ['cmake', 'python']
[1.060s] Level 1:colcon.colcon_core.package_identification:_identify(src) by extension 'cmake'
[1.061s] Level 1:colcon.colcon_core.package_identification:_identify(src) by extension 'python'
[1.061s] Level 1:colcon.colcon_core.package_identification:_identify(src) by extensions ['python_setup_py']
[1.061s] Level 1:colcon.colcon_core.package_identification:_identify(src) by extension 'python_setup_py'
[1.062s] Level 1:colcon.colcon_core.package_identification:_identify(src/XRF2) by extensions ['ignore', 'ignore_ament_install']
[1.062s] Level 1:colcon.colcon_core.package_identification:_identify(src/XRF2) by extension 'ignore'
[1.063s] Level 1:colcon.colcon_core.package_identification:_identify(src/XRF2) by extension 'ignore_ament_install'
[1.063s] Level 1:colcon.colcon_core.package_identification:_identify(src/XRF2) by extensions ['colcon_pkg']
[1.063s] Level 1:colcon.colcon_core.package_identification:_identify(src/XRF2) by extension 'colcon_pkg'
[1.063s] Level 1:colcon.colcon_core.package_identification:_identify(src/XRF2) by extensions ['colcon_meta']
[1.064s] Level 1:colcon.colcon_core.package_identification:_identify(src/XRF2) by extension 'colcon_meta'
[1.064s] Level 1:colcon.colcon_core.package_identification:_identify(src/XRF2) by extensions ['ros']
[1.064s] Level 1:colcon.colcon_core.package_identification:_identify(src/XRF2) by extension 'ros'
[1.065s] Level 1:colcon.colcon_core.package_identification:_identify(src/XRF2) by extensions ['cmake', 'python']
[1.065s] Level 1:colcon.colcon_core.package_identification:_identify(src/XRF2) by extension 'cmake'
[1.065s] Level 1:colcon.colcon_core.package_identification:_identify(src/XRF2) by extension 'python'
[1.066s] Level 1:colcon.colcon_core.package_identification:_identify(src/XRF2) by extensions ['python_setup_py']
[1.066s] Level 1:colcon.colcon_core.package_identification:_identify(src/XRF2) by extension 'python_setup_py'
[1.067s] Level 1:colcon.colcon_core.package_identification:_identify(src/XRF2/Template) by extensions ['ignore', 'ignore_ament_install']
[1.067s] Level 1:colcon.colcon_core.package_identification:_identify(src/XRF2/Template) by extension 'ignore'
[1.067s] Level 1:colcon.colcon_core.package_identification:_identify(src/XRF2/Template) ignored
[1.068s] Level 1:colcon.colcon_core.package_identification:_identify(src/XRF2/XenoRosFramework) by extensions ['ignore', 'ignore_ament_install']
[1.068s] Level 1:colcon.colcon_core.package_identification:_identify(src/XRF2/XenoRosFramework) by extension 'ignore'
[1.069s] Level 1:colcon.colcon_core.package_identification:_identify(src/XRF2/XenoRosFramework) by extension 'ignore_ament_install'
[1.069s] Level 1:colcon.colcon_core.package_identification:_identify(src/XRF2/XenoRosFramework) by extensions ['colcon_pkg']
[1.070s] Level 1:colcon.colcon_core.package_identification:_identify(src/XRF2/XenoRosFramework) by extension 'colcon_pkg'
[1.070s] Level 1:colcon.colcon_core.package_identification:_identify(src/XRF2/XenoRosFramework) by extensions ['colcon_meta']
[1.070s] Level 1:colcon.colcon_core.package_identification:_identify(src/XRF2/XenoRosFramework) by extension 'colcon_meta'
[1.071s] Level 1:colcon.colcon_core.package_identification:_identify(src/XRF2/XenoRosFramework) by extensions ['ros']
[1.071s] Level 1:colcon.colcon_core.package_identification:_identify(src/XRF2/XenoRosFramework) by extension 'ros'
[1.071s] Level 1:colcon.colcon_core.package_identification:_identify(src/XRF2/XenoRosFramework) by extensions ['cmake', 'python']
[1.072s] Level 1:colcon.colcon_core.package_identification:_identify(src/XRF2/XenoRosFramework) by extension 'cmake'
[1.072s] Level 1:colcon.colcon_core.package_identification:_identify(src/XRF2/XenoRosFramework) by extension 'python'
[1.072s] Level 1:colcon.colcon_core.package_identification:_identify(src/XRF2/XenoRosFramework) by extensions ['python_setup_py']
[1.072s] Level 1:colcon.colcon_core.package_identification:_identify(src/XRF2/XenoRosFramework) by extension 'python_setup_py'
[1.073s] Level 1:colcon.colcon_core.package_identification:_identify(src/XRF2/XenoRosFramework/Common) by extensions ['ignore', 'ignore_ament_install']
[1.074s] Level 1:colcon.colcon_core.package_identification:_identify(src/XRF2/XenoRosFramework/Common) by extension 'ignore'
[1.074s] Level 1:colcon.colcon_core.package_identification:_identify(src/XRF2/XenoRosFramework/Common) by extension 'ignore_ament_install'
[1.074s] Level 1:colcon.colcon_core.package_identification:_identify(src/XRF2/XenoRosFramework/Common) by extensions ['colcon_pkg']
[1.075s] Level 1:colcon.colcon_core.package_identification:_identify(src/XRF2/XenoRosFramework/Common) by extension 'colcon_pkg'
[1.075s] Level 1:colcon.colcon_core.package_identification:_identify(src/XRF2/XenoRosFramework/Common) by extensions ['colcon_meta']
[1.075s] Level 1:colcon.colcon_core.package_identification:_identify(src/XRF2/XenoRosFramework/Common) by extension 'colcon_meta'
[1.076s] Level 1:colcon.colcon_core.package_identification:_identify(src/XRF2/XenoRosFramework/Common) by extensions ['ros']
[1.076s] Level 1:colcon.colcon_core.package_identification:_identify(src/XRF2/XenoRosFramework/Common) by extension 'ros'
[1.076s] Level 1:colcon.colcon_core.package_identification:_identify(src/XRF2/XenoRosFramework/Common) by extensions ['cmake', 'python']
[1.076s] Level 1:colcon.colcon_core.package_identification:_identify(src/XRF2/XenoRosFramework/Common) by extension 'cmake'
[1.077s] Level 1:colcon.colcon_core.package_identification:_identify(src/XRF2/XenoRosFramework/Common) by extension 'python'
[1.077s] Level 1:colcon.colcon_core.package_identification:_identify(src/XRF2/XenoRosFramework/Common) by extensions ['python_setup_py']
[1.078s] Level 1:colcon.colcon_core.package_identification:_identify(src/XRF2/XenoRosFramework/Common) by extension 'python_setup_py'
[1.079s] Level 1:colcon.colcon_core.package_identification:_identify(src/XRF2/XenoRosFramework/Common/XRF2_msgs) by extensions ['ignore', 'ignore_ament_install']
[1.079s] Level 1:colcon.colcon_core.package_identification:_identify(src/XRF2/XenoRosFramework/Common/XRF2_msgs) by extension 'ignore'
[1.080s] Level 1:colcon.colcon_core.package_identification:_identify(src/XRF2/XenoRosFramework/Common/XRF2_msgs) by extension 'ignore_ament_install'
[1.080s] Level 1:colcon.colcon_core.package_identification:_identify(src/XRF2/XenoRosFramework/Common/XRF2_msgs) by extensions ['colcon_pkg']
[1.081s] Level 1:colcon.colcon_core.package_identification:_identify(src/XRF2/XenoRosFramework/Common/XRF2_msgs) by extension 'colcon_pkg'
[1.081s] Level 1:colcon.colcon_core.package_identification:_identify(src/XRF2/XenoRosFramework/Common/XRF2_msgs) by extensions ['colcon_meta']
[1.082s] Level 1:colcon.colcon_core.package_identification:_identify(src/XRF2/XenoRosFramework/Common/XRF2_msgs) by extension 'colcon_meta'
[1.082s] Level 1:colcon.colcon_core.package_identification:_identify(src/XRF2/XenoRosFramework/Common/XRF2_msgs) by extensions ['ros']
[1.082s] Level 1:colcon.colcon_core.package_identification:_identify(src/XRF2/XenoRosFramework/Common/XRF2_msgs) by extension 'ros'
[1.090s] DEBUG:colcon.colcon_core.package_identification:Package 'src/XRF2/XenoRosFramework/Common/XRF2_msgs' with type 'ros.ament_cmake' and name 'xrf2_msgs'
[1.091s] Level 1:colcon.colcon_core.package_identification:_identify(src/XRF2/XenoRosFramework/Common/XenoFrtLogger_decoder) by extensions ['ignore', 'ignore_ament_install']
[1.091s] Level 1:colcon.colcon_core.package_identification:_identify(src/XRF2/XenoRosFramework/Common/XenoFrtLogger_decoder) by extension 'ignore'
[1.092s] Level 1:colcon.colcon_core.package_identification:_identify(src/XRF2/XenoRosFramework/Common/XenoFrtLogger_decoder) by extension 'ignore_ament_install'
[1.092s] Level 1:colcon.colcon_core.package_identification:_identify(src/XRF2/XenoRosFramework/Common/XenoFrtLogger_decoder) by extensions ['colcon_pkg']
[1.092s] Level 1:colcon.colcon_core.package_identification:_identify(src/XRF2/XenoRosFramework/Common/XenoFrtLogger_decoder) by extension 'colcon_pkg'
[1.093s] Level 1:colcon.colcon_core.package_identification:_identify(src/XRF2/XenoRosFramework/Common/XenoFrtLogger_decoder) by extensions ['colcon_meta']
[1.093s] Level 1:colcon.colcon_core.package_identification:_identify(src/XRF2/XenoRosFramework/Common/XenoFrtLogger_decoder) by extension 'colcon_meta'
[1.093s] Level 1:colcon.colcon_core.package_identification:_identify(src/XRF2/XenoRosFramework/Common/XenoFrtLogger_decoder) by extensions ['ros']
[1.094s] Level 1:colcon.colcon_core.package_identification:_identify(src/XRF2/XenoRosFramework/Common/XenoFrtLogger_decoder) by extension 'ros'
[1.094s] Level 1:colcon.colcon_core.package_identification:_identify(src/XRF2/XenoRosFramework/Common/XenoFrtLogger_decoder) by extensions ['cmake', 'python']
[1.094s] Level 1:colcon.colcon_core.package_identification:_identify(src/XRF2/XenoRosFramework/Common/XenoFrtLogger_decoder) by extension 'cmake'
[1.095s] Level 1:colcon.colcon_core.package_identification:_identify(src/XRF2/XenoRosFramework/Common/XenoFrtLogger_decoder) by extension 'python'
[1.095s] Level 1:colcon.colcon_core.package_identification:_identify(src/XRF2/XenoRosFramework/Common/XenoFrtLogger_decoder) by extensions ['python_setup_py']
[1.095s] Level 1:colcon.colcon_core.package_identification:_identify(src/XRF2/XenoRosFramework/Common/XenoFrtLogger_decoder) by extension 'python_setup_py'
[1.096s] Level 1:colcon.colcon_core.package_identification:_identify(src/XRF2/XenoRosFramework/Common/include) by extensions ['ignore', 'ignore_ament_install']
[1.096s] Level 1:colcon.colcon_core.package_identification:_identify(src/XRF2/XenoRosFramework/Common/include) by extension 'ignore'
[1.097s] Level 1:colcon.colcon_core.package_identification:_identify(src/XRF2/XenoRosFramework/Common/include) by extension 'ignore_ament_install'
[1.097s] Level 1:colcon.colcon_core.package_identification:_identify(src/XRF2/XenoRosFramework/Common/include) by extensions ['colcon_pkg']
[1.097s] Level 1:colcon.colcon_core.package_identification:_identify(src/XRF2/XenoRosFramework/Common/include) by extension 'colcon_pkg'
[1.098s] Level 1:colcon.colcon_core.package_identification:_identify(src/XRF2/XenoRosFramework/Common/include) by extensions ['colcon_meta']
[1.098s] Level 1:colcon.colcon_core.package_identification:_identify(src/XRF2/XenoRosFramework/Common/include) by extension 'colcon_meta'
[1.098s] Level 1:colcon.colcon_core.package_identification:_identify(src/XRF2/XenoRosFramework/Common/include) by extensions ['ros']
[1.099s] Level 1:colcon.colcon_core.package_identification:_identify(src/XRF2/XenoRosFramework/Common/include) by extension 'ros'
[1.099s] Level 1:colcon.colcon_core.package_identification:_identify(src/XRF2/XenoRosFramework/Common/include) by extensions ['cmake', 'python']
[1.100s] Level 1:colcon.colcon_core.package_identification:_identify(src/XRF2/XenoRosFramework/Common/include) by extension 'cmake'
[1.100s] Level 1:colcon.colcon_core.package_identification:_identify(src/XRF2/XenoRosFramework/Common/include) by extension 'python'
[1.100s] Level 1:colcon.colcon_core.package_identification:_identify(src/XRF2/XenoRosFramework/Common/include) by extensions ['python_setup_py']
[1.101s] Level 1:colcon.colcon_core.package_identification:_identify(src/XRF2/XenoRosFramework/Common/include) by extension 'python_setup_py'
[1.101s] Level 1:colcon.colcon_core.package_identification:_identify(src/XRF2/XenoRosFramework/Common/python_script) by extensions ['ignore', 'ignore_ament_install']
[1.102s] Level 1:colcon.colcon_core.package_identification:_identify(src/XRF2/XenoRosFramework/Common/python_script) by extension 'ignore'
[1.102s] Level 1:colcon.colcon_core.package_identification:_identify(src/XRF2/XenoRosFramework/Common/python_script) by extension 'ignore_ament_install'
[1.102s] Level 1:colcon.colcon_core.package_identification:_identify(src/XRF2/XenoRosFramework/Common/python_script) by extensions ['colcon_pkg']
[1.103s] Level 1:colcon.colcon_core.package_identification:_identify(src/XRF2/XenoRosFramework/Common/python_script) by extension 'colcon_pkg'
[1.103s] Level 1:colcon.colcon_core.package_identification:_identify(src/XRF2/XenoRosFramework/Common/python_script) by extensions ['colcon_meta']
[1.103s] Level 1:colcon.colcon_core.package_identification:_identify(src/XRF2/XenoRosFramework/Common/python_script) by extension 'colcon_meta'
[1.104s] Level 1:colcon.colcon_core.package_identification:_identify(src/XRF2/XenoRosFramework/Common/python_script) by extensions ['ros']
[1.104s] Level 1:colcon.colcon_core.package_identification:_identify(src/XRF2/XenoRosFramework/Common/python_script) by extension 'ros'
[1.104s] Level 1:colcon.colcon_core.package_identification:_identify(src/XRF2/XenoRosFramework/Common/python_script) by extensions ['cmake', 'python']
[1.105s] Level 1:colcon.colcon_core.package_identification:_identify(src/XRF2/XenoRosFramework/Common/python_script) by extension 'cmake'
[1.105s] Level 1:colcon.colcon_core.package_identification:_identify(src/XRF2/XenoRosFramework/Common/python_script) by extension 'python'
[1.105s] Level 1:colcon.colcon_core.package_identification:_identify(src/XRF2/XenoRosFramework/Common/python_script) by extensions ['python_setup_py']
[1.105s] Level 1:colcon.colcon_core.package_identification:_identify(src/XRF2/XenoRosFramework/Common/python_script) by extension 'python_setup_py'
[1.106s] Level 1:colcon.colcon_core.package_identification:_identify(src/XRF2/XenoRosFramework/Common/xbuf_dev_rule) by extensions ['ignore', 'ignore_ament_install']
[1.107s] Level 1:colcon.colcon_core.package_identification:_identify(src/XRF2/XenoRosFramework/Common/xbuf_dev_rule) by extension 'ignore'
[1.107s] Level 1:colcon.colcon_core.package_identification:_identify(src/XRF2/XenoRosFramework/Common/xbuf_dev_rule) by extension 'ignore_ament_install'
[1.107s] Level 1:colcon.colcon_core.package_identification:_identify(src/XRF2/XenoRosFramework/Common/xbuf_dev_rule) by extensions ['colcon_pkg']
[1.108s] Level 1:colcon.colcon_core.package_identification:_identify(src/XRF2/XenoRosFramework/Common/xbuf_dev_rule) by extension 'colcon_pkg'
[1.108s] Level 1:colcon.colcon_core.package_identification:_identify(src/XRF2/XenoRosFramework/Common/xbuf_dev_rule) by extensions ['colcon_meta']
[1.108s] Level 1:colcon.colcon_core.package_identification:_identify(src/XRF2/XenoRosFramework/Common/xbuf_dev_rule) by extension 'colcon_meta'
[1.109s] Level 1:colcon.colcon_core.package_identification:_identify(src/XRF2/XenoRosFramework/Common/xbuf_dev_rule) by extensions ['ros']
[1.109s] Level 1:colcon.colcon_core.package_identification:_identify(src/XRF2/XenoRosFramework/Common/xbuf_dev_rule) by extension 'ros'
[1.110s] Level 1:colcon.colcon_core.package_identification:_identify(src/XRF2/XenoRosFramework/Common/xbuf_dev_rule) by extensions ['cmake', 'python']
[1.111s] Level 1:colcon.colcon_core.package_identification:_identify(src/XRF2/XenoRosFramework/Common/xbuf_dev_rule) by extension 'cmake'
[1.111s] Level 1:colcon.colcon_core.package_identification:_identify(src/XRF2/XenoRosFramework/Common/xbuf_dev_rule) by extension 'python'
[1.112s] Level 1:colcon.colcon_core.package_identification:_identify(src/XRF2/XenoRosFramework/Common/xbuf_dev_rule) by extensions ['python_setup_py']
[1.112s] Level 1:colcon.colcon_core.package_identification:_identify(src/XRF2/XenoRosFramework/Common/xbuf_dev_rule) by extension 'python_setup_py'
[1.113s] Level 1:colcon.colcon_core.package_identification:_identify(src/XRF2/XenoRosFramework/Ros) by extensions ['ignore', 'ignore_ament_install']
[1.113s] Level 1:colcon.colcon_core.package_identification:_identify(src/XRF2/XenoRosFramework/Ros) by extension 'ignore'
[1.113s] Level 1:colcon.colcon_core.package_identification:_identify(src/XRF2/XenoRosFramework/Ros) by extension 'ignore_ament_install'
[1.114s] Level 1:colcon.colcon_core.package_identification:_identify(src/XRF2/XenoRosFramework/Ros) by extensions ['colcon_pkg']
[1.114s] Level 1:colcon.colcon_core.package_identification:_identify(src/XRF2/XenoRosFramework/Ros) by extension 'colcon_pkg'
[1.114s] Level 1:colcon.colcon_core.package_identification:_identify(src/XRF2/XenoRosFramework/Ros) by extensions ['colcon_meta']
[1.115s] Level 1:colcon.colcon_core.package_identification:_identify(src/XRF2/XenoRosFramework/Ros) by extension 'colcon_meta'
[1.115s] Level 1:colcon.colcon_core.package_identification:_identify(src/XRF2/XenoRosFramework/Ros) by extensions ['ros']
[1.115s] Level 1:colcon.colcon_core.package_identification:_identify(src/XRF2/XenoRosFramework/Ros) by extension 'ros'
[1.116s] Level 1:colcon.colcon_core.package_identification:_identify(src/XRF2/XenoRosFramework/Ros) by extensions ['cmake', 'python']
[1.116s] Level 1:colcon.colcon_core.package_identification:_identify(src/XRF2/XenoRosFramework/Ros) by extension 'cmake'
[1.116s] Level 1:colcon.colcon_core.package_identification:_identify(src/XRF2/XenoRosFramework/Ros) by extension 'python'
[1.117s] Level 1:colcon.colcon_core.package_identification:_identify(src/XRF2/XenoRosFramework/Ros) by extensions ['python_setup_py']
[1.117s] Level 1:colcon.colcon_core.package_identification:_identify(src/XRF2/XenoRosFramework/Ros) by extension 'python_setup_py'
[1.118s] Level 1:colcon.colcon_core.package_identification:_identify(src/XRF2/XenoRosFramework/Ros/ros_xeno_bridge) by extensions ['ignore', 'ignore_ament_install']
[1.118s] Level 1:colcon.colcon_core.package_identification:_identify(src/XRF2/XenoRosFramework/Ros/ros_xeno_bridge) by extension 'ignore'
[1.118s] Level 1:colcon.colcon_core.package_identification:_identify(src/XRF2/XenoRosFramework/Ros/ros_xeno_bridge) by extension 'ignore_ament_install'
[1.119s] Level 1:colcon.colcon_core.package_identification:_identify(src/XRF2/XenoRosFramework/Ros/ros_xeno_bridge) by extensions ['colcon_pkg']
[1.119s] Level 1:colcon.colcon_core.package_identification:_identify(src/XRF2/XenoRosFramework/Ros/ros_xeno_bridge) by extension 'colcon_pkg'
[1.119s] Level 1:colcon.colcon_core.package_identification:_identify(src/XRF2/XenoRosFramework/Ros/ros_xeno_bridge) by extensions ['colcon_meta']
[1.120s] Level 1:colcon.colcon_core.package_identification:_identify(src/XRF2/XenoRosFramework/Ros/ros_xeno_bridge) by extension 'colcon_meta'
[1.120s] Level 1:colcon.colcon_core.package_identification:_identify(src/XRF2/XenoRosFramework/Ros/ros_xeno_bridge) by extensions ['ros']
[1.120s] Level 1:colcon.colcon_core.package_identification:_identify(src/XRF2/XenoRosFramework/Ros/ros_xeno_bridge) by extension 'ros'
[1.124s] DEBUG:colcon.colcon_core.package_identification:Package 'src/XRF2/XenoRosFramework/Ros/ros_xeno_bridge' with type 'ros.ament_cmake' and name 'ros_xeno_bridge'
[1.125s] Level 1:colcon.colcon_core.package_identification:_identify(src/XRF2/XenoRosFramework/Unit-Tests) by extensions ['ignore', 'ignore_ament_install']
[1.125s] Level 1:colcon.colcon_core.package_identification:_identify(src/XRF2/XenoRosFramework/Unit-Tests) by extension 'ignore'
[1.126s] Level 1:colcon.colcon_core.package_identification:_identify(src/XRF2/XenoRosFramework/Unit-Tests) by extension 'ignore_ament_install'
[1.126s] Level 1:colcon.colcon_core.package_identification:_identify(src/XRF2/XenoRosFramework/Unit-Tests) by extensions ['colcon_pkg']
[1.126s] Level 1:colcon.colcon_core.package_identification:_identify(src/XRF2/XenoRosFramework/Unit-Tests) by extension 'colcon_pkg'
[1.127s] Level 1:colcon.colcon_core.package_identification:_identify(src/XRF2/XenoRosFramework/Unit-Tests) by extensions ['colcon_meta']
[1.127s] Level 1:colcon.colcon_core.package_identification:_identify(src/XRF2/XenoRosFramework/Unit-Tests) by extension 'colcon_meta'
[1.127s] Level 1:colcon.colcon_core.package_identification:_identify(src/XRF2/XenoRosFramework/Unit-Tests) by extensions ['ros']
[1.128s] Level 1:colcon.colcon_core.package_identification:_identify(src/XRF2/XenoRosFramework/Unit-Tests) by extension 'ros'
[1.128s] Level 1:colcon.colcon_core.package_identification:_identify(src/XRF2/XenoRosFramework/Unit-Tests) by extensions ['cmake', 'python']
[1.128s] Level 1:colcon.colcon_core.package_identification:_identify(src/XRF2/XenoRosFramework/Unit-Tests) by extension 'cmake'
[1.129s] Level 1:colcon.colcon_core.package_identification:_identify(src/XRF2/XenoRosFramework/Unit-Tests) by extension 'python'
[1.129s] Level 1:colcon.colcon_core.package_identification:_identify(src/XRF2/XenoRosFramework/Unit-Tests) by extensions ['python_setup_py']
[1.129s] Level 1:colcon.colcon_core.package_identification:_identify(src/XRF2/XenoRosFramework/Unit-Tests) by extension 'python_setup_py'
[1.130s] Level 1:colcon.colcon_core.package_identification:_identify(src/XRF2/XenoRosFramework/Unit-Tests/IcoIo) by extensions ['ignore', 'ignore_ament_install']
[1.130s] Level 1:colcon.colcon_core.package_identification:_identify(src/XRF2/XenoRosFramework/Unit-Tests/IcoIo) by extension 'ignore'
[1.131s] Level 1:colcon.colcon_core.package_identification:_identify(src/XRF2/XenoRosFramework/Unit-Tests/IcoIo) ignored
[1.131s] Level 1:colcon.colcon_core.package_identification:_identify(src/XRF2/XenoRosFramework/Unit-Tests/Logger) by extensions ['ignore', 'ignore_ament_install']
[1.132s] Level 1:colcon.colcon_core.package_identification:_identify(src/XRF2/XenoRosFramework/Unit-Tests/Logger) by extension 'ignore'
[1.132s] Level 1:colcon.colcon_core.package_identification:_identify(src/XRF2/XenoRosFramework/Unit-Tests/Logger) ignored
[1.133s] Level 1:colcon.colcon_core.package_identification:_identify(src/XRF2/XenoRosFramework/Unit-Tests/Monitor) by extensions ['ignore', 'ignore_ament_install']
[1.133s] Level 1:colcon.colcon_core.package_identification:_identify(src/XRF2/XenoRosFramework/Unit-Tests/Monitor) by extension 'ignore'
[1.133s] Level 1:colcon.colcon_core.package_identification:_identify(src/XRF2/XenoRosFramework/Unit-Tests/Monitor) ignored
[1.134s] Level 1:colcon.colcon_core.package_identification:_identify(src/XRF2/XenoRosFramework/Xenomai) by extensions ['ignore', 'ignore_ament_install']
[1.135s] Level 1:colcon.colcon_core.package_identification:_identify(src/XRF2/XenoRosFramework/Xenomai) by extension 'ignore'
[1.135s] Level 1:colcon.colcon_core.package_identification:_identify(src/XRF2/XenoRosFramework/Xenomai) by extension 'ignore_ament_install'
[1.135s] Level 1:colcon.colcon_core.package_identification:_identify(src/XRF2/XenoRosFramework/Xenomai) by extensions ['colcon_pkg']
[1.136s] Level 1:colcon.colcon_core.package_identification:_identify(src/XRF2/XenoRosFramework/Xenomai) by extension 'colcon_pkg'
[1.136s] Level 1:colcon.colcon_core.package_identification:_identify(src/XRF2/XenoRosFramework/Xenomai) by extensions ['colcon_meta']
[1.136s] Level 1:colcon.colcon_core.package_identification:_identify(src/XRF2/XenoRosFramework/Xenomai) by extension 'colcon_meta'
[1.136s] Level 1:colcon.colcon_core.package_identification:_identify(src/XRF2/XenoRosFramework/Xenomai) by extensions ['ros']
[1.137s] Level 1:colcon.colcon_core.package_identification:_identify(src/XRF2/XenoRosFramework/Xenomai) by extension 'ros'
[1.137s] Level 1:colcon.colcon_core.package_identification:_identify(src/XRF2/XenoRosFramework/Xenomai) by extensions ['cmake', 'python']
[1.138s] Level 1:colcon.colcon_core.package_identification:_identify(src/XRF2/XenoRosFramework/Xenomai) by extension 'cmake'
[1.138s] Level 1:colcon.colcon_core.package_identification:_identify(src/XRF2/XenoRosFramework/Xenomai) by extension 'python'
[1.138s] Level 1:colcon.colcon_core.package_identification:_identify(src/XRF2/XenoRosFramework/Xenomai) by extensions ['python_setup_py']
[1.139s] Level 1:colcon.colcon_core.package_identification:_identify(src/XRF2/XenoRosFramework/Xenomai) by extension 'python_setup_py'
[1.139s] Level 1:colcon.colcon_core.package_identification:_identify(src/XRF2/XenoRosFramework/Xenomai/include) by extensions ['ignore', 'ignore_ament_install']
[1.140s] Level 1:colcon.colcon_core.package_identification:_identify(src/XRF2/XenoRosFramework/Xenomai/include) by extension 'ignore'
[1.140s] Level 1:colcon.colcon_core.package_identification:_identify(src/XRF2/XenoRosFramework/Xenomai/include) by extension 'ignore_ament_install'
[1.140s] Level 1:colcon.colcon_core.package_identification:_identify(src/XRF2/XenoRosFramework/Xenomai/include) by extensions ['colcon_pkg']
[1.141s] Level 1:colcon.colcon_core.package_identification:_identify(src/XRF2/XenoRosFramework/Xenomai/include) by extension 'colcon_pkg'
[1.141s] Level 1:colcon.colcon_core.package_identification:_identify(src/XRF2/XenoRosFramework/Xenomai/include) by extensions ['colcon_meta']
[1.141s] Level 1:colcon.colcon_core.package_identification:_identify(src/XRF2/XenoRosFramework/Xenomai/include) by extension 'colcon_meta'
[1.142s] Level 1:colcon.colcon_core.package_identification:_identify(src/XRF2/XenoRosFramework/Xenomai/include) by extensions ['ros']
[1.142s] Level 1:colcon.colcon_core.package_identification:_identify(src/XRF2/XenoRosFramework/Xenomai/include) by extension 'ros'
[1.142s] Level 1:colcon.colcon_core.package_identification:_identify(src/XRF2/XenoRosFramework/Xenomai/include) by extensions ['cmake', 'python']
[1.143s] Level 1:colcon.colcon_core.package_identification:_identify(src/XRF2/XenoRosFramework/Xenomai/include) by extension 'cmake'
[1.143s] Level 1:colcon.colcon_core.package_identification:_identify(src/XRF2/XenoRosFramework/Xenomai/include) by extension 'python'
[1.143s] Level 1:colcon.colcon_core.package_identification:_identify(src/XRF2/XenoRosFramework/Xenomai/include) by extensions ['python_setup_py']
[1.144s] Level 1:colcon.colcon_core.package_identification:_identify(src/XRF2/XenoRosFramework/Xenomai/include) by extension 'python_setup_py'
[1.144s] Level 1:colcon.colcon_core.package_identification:_identify(src/XRF2/XenoRosFramework/Xenomai/src) by extensions ['ignore', 'ignore_ament_install']
[1.145s] Level 1:colcon.colcon_core.package_identification:_identify(src/XRF2/XenoRosFramework/Xenomai/src) by extension 'ignore'
[1.145s] Level 1:colcon.colcon_core.package_identification:_identify(src/XRF2/XenoRosFramework/Xenomai/src) by extension 'ignore_ament_install'
[1.145s] Level 1:colcon.colcon_core.package_identification:_identify(src/XRF2/XenoRosFramework/Xenomai/src) by extensions ['colcon_pkg']
[1.146s] Level 1:colcon.colcon_core.package_identification:_identify(src/XRF2/XenoRosFramework/Xenomai/src) by extension 'colcon_pkg'
[1.146s] Level 1:colcon.colcon_core.package_identification:_identify(src/XRF2/XenoRosFramework/Xenomai/src) by extensions ['colcon_meta']
[1.146s] Level 1:colcon.colcon_core.package_identification:_identify(src/XRF2/XenoRosFramework/Xenomai/src) by extension 'colcon_meta'
[1.147s] Level 1:colcon.colcon_core.package_identification:_identify(src/XRF2/XenoRosFramework/Xenomai/src) by extensions ['ros']
[1.147s] Level 1:colcon.colcon_core.package_identification:_identify(src/XRF2/XenoRosFramework/Xenomai/src) by extension 'ros'
[1.148s] Level 1:colcon.colcon_core.package_identification:_identify(src/XRF2/XenoRosFramework/Xenomai/src) by extensions ['cmake', 'python']
[1.148s] Level 1:colcon.colcon_core.package_identification:_identify(src/XRF2/XenoRosFramework/Xenomai/src) by extension 'cmake'
[1.148s] Level 1:colcon.colcon_core.package_identification:_identify(src/XRF2/XenoRosFramework/Xenomai/src) by extension 'python'
[1.149s] Level 1:colcon.colcon_core.package_identification:_identify(src/XRF2/XenoRosFramework/Xenomai/src) by extensions ['python_setup_py']
[1.149s] Level 1:colcon.colcon_core.package_identification:_identify(src/XRF2/XenoRosFramework/Xenomai/src) by extension 'python_setup_py'
[1.150s] Level 1:colcon.colcon_core.package_identification:_identify(src/ball_tracker) by extensions ['ignore', 'ignore_ament_install']
[1.150s] Level 1:colcon.colcon_core.package_identification:_identify(src/ball_tracker) by extension 'ignore'
[1.150s] Level 1:colcon.colcon_core.package_identification:_identify(src/ball_tracker) by extension 'ignore_ament_install'
[1.151s] Level 1:colcon.colcon_core.package_identification:_identify(src/ball_tracker) by extensions ['colcon_pkg']
[1.151s] Level 1:colcon.colcon_core.package_identification:_identify(src/ball_tracker) by extension 'colcon_pkg'
[1.151s] Level 1:colcon.colcon_core.package_identification:_identify(src/ball_tracker) by extensions ['colcon_meta']
[1.152s] Level 1:colcon.colcon_core.package_identification:_identify(src/ball_tracker) by extension 'colcon_meta'
[1.152s] Level 1:colcon.colcon_core.package_identification:_identify(src/ball_tracker) by extensions ['ros']
[1.152s] Level 1:colcon.colcon_core.package_identification:_identify(src/ball_tracker) by extension 'ros'
[1.155s] DEBUG:colcon.colcon_core.package_identification:Package 'src/ball_tracker' with type 'ros.ament_cmake' and name 'ball_tracker'
[1.155s] Level 1:colcon.colcon_core.package_identification:_identify(src/cam2image_vm2ros) by extensions ['ignore', 'ignore_ament_install']
[1.156s] Level 1:colcon.colcon_core.package_identification:_identify(src/cam2image_vm2ros) by extension 'ignore'
[1.156s] Level 1:colcon.colcon_core.package_identification:_identify(src/cam2image_vm2ros) by extension 'ignore_ament_install'
[1.157s] Level 1:colcon.colcon_core.package_identification:_identify(src/cam2image_vm2ros) by extensions ['colcon_pkg']
[1.157s] Level 1:colcon.colcon_core.package_identification:_identify(src/cam2image_vm2ros) by extension 'colcon_pkg'
[1.157s] Level 1:colcon.colcon_core.package_identification:_identify(src/cam2image_vm2ros) by extensions ['colcon_meta']
[1.158s] Level 1:colcon.colcon_core.package_identification:_identify(src/cam2image_vm2ros) by extension 'colcon_meta'
[1.158s] Level 1:colcon.colcon_core.package_identification:_identify(src/cam2image_vm2ros) by extensions ['ros']
[1.158s] Level 1:colcon.colcon_core.package_identification:_identify(src/cam2image_vm2ros) by extension 'ros'
[1.161s] DEBUG:colcon.colcon_core.package_identification:Package 'src/cam2image_vm2ros' with type 'ros.ament_cmake' and name 'cam2image_vm2ros'
[1.162s] Level 1:colcon.colcon_core.package_identification:_identify(src/relbot_simulator) by extensions ['ignore', 'ignore_ament_install']
[1.162s] Level 1:colcon.colcon_core.package_identification:_identify(src/relbot_simulator) by extension 'ignore'
[1.163s] Level 1:colcon.colcon_core.package_identification:_identify(src/relbot_simulator) by extension 'ignore_ament_install'
[1.163s] Level 1:colcon.colcon_core.package_identification:_identify(src/relbot_simulator) by extensions ['colcon_pkg']
[1.163s] Level 1:colcon.colcon_core.package_identification:_identify(src/relbot_simulator) by extension 'colcon_pkg'
[1.164s] Level 1:colcon.colcon_core.package_identification:_identify(src/relbot_simulator) by extensions ['colcon_meta']
[1.164s] Level 1:colcon.colcon_core.package_identification:_identify(src/relbot_simulator) by extension 'colcon_meta'
[1.164s] Level 1:colcon.colcon_core.package_identification:_identify(src/relbot_simulator) by extensions ['ros']
[1.165s] Level 1:colcon.colcon_core.package_identification:_identify(src/relbot_simulator) by extension 'ros'
[1.168s] DEBUG:colcon.colcon_core.package_identification:Package 'src/relbot_simulator' with type 'ros.ament_cmake' and name 'relbot_simulator'
[1.169s] Level 1:colcon.colcon_core.package_identification:_identify(src/sequence_controller) by extensions ['ignore', 'ignore_ament_install']
[1.170s] Level 1:colcon.colcon_core.package_identification:_identify(src/sequence_controller) by extension 'ignore'
[1.170s] Level 1:colcon.colcon_core.package_identification:_identify(src/sequence_controller) by extension 'ignore_ament_install'
[1.170s] Level 1:colcon.colcon_core.package_identification:_identify(src/sequence_controller) by extensions ['colcon_pkg']
[1.171s] Level 1:colcon.colcon_core.package_identification:_identify(src/sequence_controller) by extension 'colcon_pkg'
[1.171s] Level 1:colcon.colcon_core.package_identification:_identify(src/sequence_controller) by extensions ['colcon_meta']
[1.171s] Level 1:colcon.colcon_core.package_identification:_identify(src/sequence_controller) by extension 'colcon_meta'
[1.172s] Level 1:colcon.colcon_core.package_identification:_identify(src/sequence_controller) by extensions ['ros']
[1.172s] Level 1:colcon.colcon_core.package_identification:_identify(src/sequence_controller) by extension 'ros'
[1.175s] DEBUG:colcon.colcon_core.package_identification:Package 'src/sequence_controller' with type 'ros.ament_cmake' and name 'sequence_controller'
[1.176s] Level 1:colcon.colcon_core.package_identification:_identify(src/xeno_loop) by extensions ['ignore', 'ignore_ament_install']
[1.176s] Level 1:colcon.colcon_core.package_identification:_identify(src/xeno_loop) by extension 'ignore'
[1.177s] Level 1:colcon.colcon_core.package_identification:_identify(src/xeno_loop) by extension 'ignore_ament_install'
[1.177s] Level 1:colcon.colcon_core.package_identification:_identify(src/xeno_loop) by extensions ['colcon_pkg']
[1.177s] Level 1:colcon.colcon_core.package_identification:_identify(src/xeno_loop) by extension 'colcon_pkg'
[1.177s] Level 1:colcon.colcon_core.package_identification:_identify(src/xeno_loop) by extensions ['colcon_meta']
[1.178s] Level 1:colcon.colcon_core.package_identification:_identify(src/xeno_loop) by extension 'colcon_meta'
[1.178s] Level 1:colcon.colcon_core.package_identification:_identify(src/xeno_loop) by extensions ['ros']
[1.178s] Level 1:colcon.colcon_core.package_identification:_identify(src/xeno_loop) by extension 'ros'
[1.179s] Level 1:colcon.colcon_core.package_identification:_identify(src/xeno_loop) by extensions ['cmake', 'python']
[1.179s] Level 1:colcon.colcon_core.package_identification:_identify(src/xeno_loop) by extension 'cmake'
[1.185s] Level 1:colcon.colcon_core.package_identification:_identify(src/xeno_loop) by extension 'python'
[1.186s] DEBUG:colcon.colcon_core.package_identification:Package 'src/xeno_loop' with type 'cmake' and name 'xeno_loop'
[1.187s] Level 1:colcon.colcon_core.package_identification:_identify(xrf2_logging) by extensions ['ignore', 'ignore_ament_install']
[1.188s] Level 1:colcon.colcon_core.package_identification:_identify(xrf2_logging) by extension 'ignore'
[1.188s] Level 1:colcon.colcon_core.package_identification:_identify(xrf2_logging) by extension 'ignore_ament_install'
[1.189s] Level 1:colcon.colcon_core.package_identification:_identify(xrf2_logging) by extensions ['colcon_pkg']
[1.189s] Level 1:colcon.colcon_core.package_identification:_identify(xrf2_logging) by extension 'colcon_pkg'
[1.189s] Level 1:colcon.colcon_core.package_identification:_identify(xrf2_logging) by extensions ['colcon_meta']
[1.189s] Level 1:colcon.colcon_core.package_identification:_identify(xrf2_logging) by extension 'colcon_meta'
[1.190s] Level 1:colcon.colcon_core.package_identification:_identify(xrf2_logging) by extensions ['ros']
[1.190s] Level 1:colcon.colcon_core.package_identification:_identify(xrf2_logging) by extension 'ros'
[1.191s] Level 1:colcon.colcon_core.package_identification:_identify(xrf2_logging) by extensions ['cmake', 'python']
[1.191s] Level 1:colcon.colcon_core.package_identification:_identify(xrf2_logging) by extension 'cmake'
[1.191s] Level 1:colcon.colcon_core.package_identification:_identify(xrf2_logging) by extension 'python'
[1.192s] Level 1:colcon.colcon_core.package_identification:_identify(xrf2_logging) by extensions ['python_setup_py']
[1.192s] Level 1:colcon.colcon_core.package_identification:_identify(xrf2_logging) by extension 'python_setup_py'
[1.192s] Level 1:colcon.colcon_core.package_discovery:discover_packages(recursive) using defaults
[1.193s] Level 1:colcon.colcon_core.package_discovery:discover_packages(ignore) discover
[1.193s] Level 1:colcon.colcon_core.package_discovery:discover_packages(ignore) using defaults
[1.193s] Level 1:colcon.colcon_core.package_discovery:discover_packages(path) discover
[1.193s] Level 1:colcon.colcon_core.package_discovery:discover_packages(path) using defaults
[1.302s] Level 1:colcon.colcon_core.package_discovery:discover_packages(prefix_path) check parameters
[1.302s] Level 1:colcon.colcon_core.package_discovery:discover_packages(prefix_path) discover
[1.309s] DEBUG:colcon.colcon_installed_package_information.package_discovery:Found 7 installed packages in /home/asdfr-30/ASDfR_3/install
[1.314s] DEBUG:colcon.colcon_installed_package_information.package_discovery:Found 271 installed packages in /opt/ros/humble
[1.320s] Level 1:colcon.colcon_core.package_discovery:discover_packages(prefix_path) using defaults
[1.461s] Level 5:colcon.colcon_core.verb:set package 'ball_tracker' build argument 'cmake_args' from command line to 'None'
[1.461s] Level 5:colcon.colcon_core.verb:set package 'ball_tracker' build argument 'cmake_target' from command line to 'None'
[1.461s] Level 5:colcon.colcon_core.verb:set package 'ball_tracker' build argument 'cmake_target_skip_unavailable' from command line to 'False'
[1.462s] Level 5:colcon.colcon_core.verb:set package 'ball_tracker' build argument 'cmake_clean_cache' from command line to 'False'
[1.462s] Level 5:colcon.colcon_core.verb:set package 'ball_tracker' build argument 'cmake_clean_first' from command line to 'False'
[1.462s] Level 5:colcon.colcon_core.verb:set package 'ball_tracker' build argument 'cmake_force_configure' from command line to 'False'
[1.463s] Level 5:colcon.colcon_core.verb:set package 'ball_tracker' build argument 'ament_cmake_args' from command line to 'None'
[1.463s] Level 5:colcon.colcon_core.verb:set package 'ball_tracker' build argument 'catkin_cmake_args' from command line to 'None'
[1.463s] Level 5:colcon.colcon_core.verb:set package 'ball_tracker' build argument 'catkin_skip_building_tests' from command line to 'False'
[1.463s] DEBUG:colcon.colcon_core.verb:Building package 'ball_tracker' with the following arguments: {'ament_cmake_args': None, 'build_base': '/home/asdfr-30/ASDfR_3/build/ball_tracker', 'catkin_cmake_args': None, 'catkin_skip_building_tests': False, 'cmake_args': None, 'cmake_clean_cache': False, 'cmake_clean_first': False, 'cmake_force_configure': False, 'cmake_target': None, 'cmake_target_skip_unavailable': False, 'install_base': '/home/asdfr-30/ASDfR_3/install/ball_tracker', 'merge_install': False, 'path': '/home/asdfr-30/ASDfR_3/src/ball_tracker', 'symlink_install': False, 'test_result_base': None}
[1.465s] Level 5:colcon.colcon_core.verb:set package 'cam2image_vm2ros' build argument 'cmake_args' from command line to 'None'
[1.465s] Level 5:colcon.colcon_core.verb:set package 'cam2image_vm2ros' build argument 'cmake_target' from command line to 'None'
[1.466s] Level 5:colcon.colcon_core.verb:set package 'cam2image_vm2ros' build argument 'cmake_target_skip_unavailable' from command line to 'False'
[1.466s] Level 5:colcon.colcon_core.verb:set package 'cam2image_vm2ros' build argument 'cmake_clean_cache' from command line to 'False'
[1.466s] Level 5:colcon.colcon_core.verb:set package 'cam2image_vm2ros' build argument 'cmake_clean_first' from command line to 'False'
[1.466s] Level 5:colcon.colcon_core.verb:set package 'cam2image_vm2ros' build argument 'cmake_force_configure' from command line to 'False'
[1.467s] Level 5:colcon.colcon_core.verb:set package 'cam2image_vm2ros' build argument 'ament_cmake_args' from command line to 'None'
[1.467s] Level 5:colcon.colcon_core.verb:set package 'cam2image_vm2ros' build argument 'catkin_cmake_args' from command line to 'None'
[1.467s] Level 5:colcon.colcon_core.verb:set package 'cam2image_vm2ros' build argument 'catkin_skip_building_tests' from command line to 'False'
[1.468s] DEBUG:colcon.colcon_core.verb:Building package 'cam2image_vm2ros' with the following arguments: {'ament_cmake_args': None, 'build_base': '/home/asdfr-30/ASDfR_3/build/cam2image_vm2ros', 'catkin_cmake_args': None, 'catkin_skip_building_tests': False, 'cmake_args': None, 'cmake_clean_cache': False, 'cmake_clean_first': False, 'cmake_force_configure': False, 'cmake_target': None, 'cmake_target_skip_unavailable': False, 'install_base': '/home/asdfr-30/ASDfR_3/install/cam2image_vm2ros', 'merge_install': False, 'path': '/home/asdfr-30/ASDfR_3/src/cam2image_vm2ros', 'symlink_install': False, 'test_result_base': None}
[1.469s] Level 5:colcon.colcon_core.verb:set package 'relbot_simulator' build argument 'cmake_args' from command line to 'None'
[1.470s] Level 5:colcon.colcon_core.verb:set package 'relbot_simulator' build argument 'cmake_target' from command line to 'None'
[1.470s] Level 5:colcon.colcon_core.verb:set package 'relbot_simulator' build argument 'cmake_target_skip_unavailable' from command line to 'False'
[1.470s] Level 5:colcon.colcon_core.verb:set package 'relbot_simulator' build argument 'cmake_clean_cache' from command line to 'False'
[1.470s] Level 5:colcon.colcon_core.verb:set package 'relbot_simulator' build argument 'cmake_clean_first' from command line to 'False'
[1.471s] Level 5:colcon.colcon_core.verb:set package 'relbot_simulator' build argument 'cmake_force_configure' from command line to 'False'
[1.471s] Level 5:colcon.colcon_core.verb:set package 'relbot_simulator' build argument 'ament_cmake_args' from command line to 'None'
[1.471s] Level 5:colcon.colcon_core.verb:set package 'relbot_simulator' build argument 'catkin_cmake_args' from command line to 'None'
[1.471s] Level 5:colcon.colcon_core.verb:set package 'relbot_simulator' build argument 'catkin_skip_building_tests' from command line to 'False'
[1.472s] DEBUG:colcon.colcon_core.verb:Building package 'relbot_simulator' with the following arguments: {'ament_cmake_args': None, 'build_base': '/home/asdfr-30/ASDfR_3/build/relbot_simulator', 'catkin_cmake_args': None, 'catkin_skip_building_tests': False, 'cmake_args': None, 'cmake_clean_cache': False, 'cmake_clean_first': False, 'cmake_force_configure': False, 'cmake_target': None, 'cmake_target_skip_unavailable': False, 'install_base': '/home/asdfr-30/ASDfR_3/install/relbot_simulator', 'merge_install': False, 'path': '/home/asdfr-30/ASDfR_3/src/relbot_simulator', 'symlink_install': False, 'test_result_base': None}
[1.473s] Level 5:colcon.colcon_core.verb:set package 'xrf2_msgs' build argument 'cmake_args' from command line to 'None'
[1.473s] Level 5:colcon.colcon_core.verb:set package 'xrf2_msgs' build argument 'cmake_target' from command line to 'None'
[1.474s] Level 5:colcon.colcon_core.verb:set package 'xrf2_msgs' build argument 'cmake_target_skip_unavailable' from command line to 'False'
[1.474s] Level 5:colcon.colcon_core.verb:set package 'xrf2_msgs' build argument 'cmake_clean_cache' from command line to 'False'
[1.474s] Level 5:colcon.colcon_core.verb:set package 'xrf2_msgs' build argument 'cmake_clean_first' from command line to 'False'
[1.475s] Level 5:colcon.colcon_core.verb:set package 'xrf2_msgs' build argument 'cmake_force_configure' from command line to 'False'
[1.475s] Level 5:colcon.colcon_core.verb:set package 'xrf2_msgs' build argument 'ament_cmake_args' from command line to 'None'
[1.475s] Level 5:colcon.colcon_core.verb:set package 'xrf2_msgs' build argument 'catkin_cmake_args' from command line to 'None'
[1.475s] Level 5:colcon.colcon_core.verb:set package 'xrf2_msgs' build argument 'catkin_skip_building_tests' from command line to 'False'
[1.475s] DEBUG:colcon.colcon_core.verb:Building package 'xrf2_msgs' with the following arguments: {'ament_cmake_args': None, 'build_base': '/home/asdfr-30/ASDfR_3/build/xrf2_msgs', 'catkin_cmake_args': None, 'catkin_skip_building_tests': False, 'cmake_args': None, 'cmake_clean_cache': False, 'cmake_clean_first': False, 'cmake_force_configure': False, 'cmake_target': None, 'cmake_target_skip_unavailable': False, 'install_base': '/home/asdfr-30/ASDfR_3/install/xrf2_msgs', 'merge_install': False, 'path': '/home/asdfr-30/ASDfR_3/src/XRF2/XenoRosFramework/Common/XRF2_msgs', 'symlink_install': False, 'test_result_base': None}
[1.477s] Level 5:colcon.colcon_core.verb:set package 'ros_xeno_bridge' build argument 'cmake_args' from command line to 'None'
[1.478s] Level 5:colcon.colcon_core.verb:set package 'ros_xeno_bridge' build argument 'cmake_target' from command line to 'None'
[1.478s] Level 5:colcon.colcon_core.verb:set package 'ros_xeno_bridge' build argument 'cmake_target_skip_unavailable' from command line to 'False'
[1.478s] Level 5:colcon.colcon_core.verb:set package 'ros_xeno_bridge' build argument 'cmake_clean_cache' from command line to 'False'
[1.478s] Level 5:colcon.colcon_core.verb:set package 'ros_xeno_bridge' build argument 'cmake_clean_first' from command line to 'False'
[1.479s] Level 5:colcon.colcon_core.verb:set package 'ros_xeno_bridge' build argument 'cmake_force_configure' from command line to 'False'
[1.479s] Level 5:colcon.colcon_core.verb:set package 'ros_xeno_bridge' build argument 'ament_cmake_args' from command line to 'None'
[1.479s] Level 5:colcon.colcon_core.verb:set package 'ros_xeno_bridge' build argument 'catkin_cmake_args' from command line to 'None'
[1.479s] Level 5:colcon.colcon_core.verb:set package 'ros_xeno_bridge' build argument 'catkin_skip_building_tests' from command line to 'False'
[1.480s] DEBUG:colcon.colcon_core.verb:Building package 'ros_xeno_bridge' with the following arguments: {'ament_cmake_args': None, 'build_base': '/home/asdfr-30/ASDfR_3/build/ros_xeno_bridge', 'catkin_cmake_args': None, 'catkin_skip_building_tests': False, 'cmake_args': None, 'cmake_clean_cache': False, 'cmake_clean_first': False, 'cmake_force_configure': False, 'cmake_target': None, 'cmake_target_skip_unavailable': False, 'install_base': '/home/asdfr-30/ASDfR_3/install/ros_xeno_bridge', 'merge_install': False, 'path': '/home/asdfr-30/ASDfR_3/src/XRF2/XenoRosFramework/Ros/ros_xeno_bridge', 'symlink_install': False, 'test_result_base': None}
[1.481s] Level 5:colcon.colcon_core.verb:set package 'sequence_controller' build argument 'cmake_args' from command line to 'None'
[1.482s] Level 5:colcon.colcon_core.verb:set package 'sequence_controller' build argument 'cmake_target' from command line to 'None'
[1.482s] Level 5:colcon.colcon_core.verb:set package 'sequence_controller' build argument 'cmake_target_skip_unavailable' from command line to 'False'
[1.482s] Level 5:colcon.colcon_core.verb:set package 'sequence_controller' build argument 'cmake_clean_cache' from command line to 'False'
[1.482s] Level 5:colcon.colcon_core.verb:set package 'sequence_controller' build argument 'cmake_clean_first' from command line to 'False'
[1.483s] Level 5:colcon.colcon_core.verb:set package 'sequence_controller' build argument 'cmake_force_configure' from command line to 'False'
[1.483s] Level 5:colcon.colcon_core.verb:set package 'sequence_controller' build argument 'ament_cmake_args' from command line to 'None'
[1.483s] Level 5:colcon.colcon_core.verb:set package 'sequence_controller' build argument 'catkin_cmake_args' from command line to 'None'
[1.483s] Level 5:colcon.colcon_core.verb:set package 'sequence_controller' build argument 'catkin_skip_building_tests' from command line to 'False'
[1.484s] DEBUG:colcon.colcon_core.verb:Building package 'sequence_controller' with the following arguments: {'ament_cmake_args': None, 'build_base': '/home/asdfr-30/ASDfR_3/build/sequence_controller', 'catkin_cmake_args': None, 'catkin_skip_building_tests': False, 'cmake_args': None, 'cmake_clean_cache': False, 'cmake_clean_first': False, 'cmake_force_configure': False, 'cmake_target': None, 'cmake_target_skip_unavailable': False, 'install_base': '/home/asdfr-30/ASDfR_3/install/sequence_controller', 'merge_install': False, 'path': '/home/asdfr-30/ASDfR_3/src/sequence_controller', 'symlink_install': False, 'test_result_base': None}
[1.485s] Level 5:colcon.colcon_core.verb:set package 'xeno_loop' build argument 'cmake_args' from command line to 'None'
[1.486s] Level 5:colcon.colcon_core.verb:set package 'xeno_loop' build argument 'cmake_target' from command line to 'None'
[1.486s] Level 5:colcon.colcon_core.verb:set package 'xeno_loop' build argument 'cmake_target_skip_unavailable' from command line to 'False'
[1.487s] Level 5:colcon.colcon_core.verb:set package 'xeno_loop' build argument 'cmake_clean_cache' from command line to 'False'
[1.487s] Level 5:colcon.colcon_core.verb:set package 'xeno_loop' build argument 'cmake_clean_first' from command line to 'False'
[1.487s] Level 5:colcon.colcon_core.verb:set package 'xeno_loop' build argument 'cmake_force_configure' from command line to 'False'
[1.488s] Level 5:colcon.colcon_core.verb:set package 'xeno_loop' build argument 'ament_cmake_args' from command line to 'None'
[1.488s] Level 5:colcon.colcon_core.verb:set package 'xeno_loop' build argument 'catkin_cmake_args' from command line to 'None'
[1.488s] Level 5:colcon.colcon_core.verb:set package 'xeno_loop' build argument 'catkin_skip_building_tests' from command line to 'False'
[1.489s] DEBUG:colcon.colcon_core.verb:Building package 'xeno_loop' with the following arguments: {'ament_cmake_args': None, 'build_base': '/home/asdfr-30/ASDfR_3/build/xeno_loop', 'catkin_cmake_args': None, 'catkin_skip_building_tests': False, 'cmake_args': None, 'cmake_clean_cache': False, 'cmake_clean_first': False, 'cmake_force_configure': False, 'cmake_target': None, 'cmake_target_skip_unavailable': False, 'install_base': '/home/asdfr-30/ASDfR_3/install/xeno_loop', 'merge_install': False, 'path': '/home/asdfr-30/ASDfR_3/src/xeno_loop', 'symlink_install': False, 'test_result_base': None}
[1.489s] INFO:colcon.colcon_core.executor:Executing jobs using 'parallel' executor
[1.493s] DEBUG:colcon.colcon_parallel_executor.executor.parallel:run_until_complete
[1.494s] INFO:colcon.colcon_ros.task.ament_cmake.build:Building ROS package in '/home/asdfr-30/ASDfR_3/src/XRF2/XenoRosFramework/Common/XRF2_msgs' with build type 'ament_cmake'
[1.495s] INFO:colcon.colcon_cmake.task.cmake.build:Building CMake package in '/home/asdfr-30/ASDfR_3/src/XRF2/XenoRosFramework/Common/XRF2_msgs'
[1.503s] INFO:colcon.colcon_core.plugin_system:Skipping extension 'colcon_core.shell.bat': Not used on non-Windows systems
[1.504s] INFO:colcon.colcon_core.shell:Skip shell extension 'powershell' for command environment: Not usable outside of PowerShell
[1.504s] DEBUG:colcon.colcon_core.shell:Skip shell extension 'dsv' for command environment
[1.515s] INFO:colcon.colcon_ros.task.ament_cmake.build:Building ROS package in '/home/asdfr-30/ASDfR_3/src/ball_tracker' with build type 'ament_cmake'
[1.516s] INFO:colcon.colcon_cmake.task.cmake.build:Building CMake package in '/home/asdfr-30/ASDfR_3/src/ball_tracker'
[1.518s] INFO:colcon.colcon_core.shell:Skip shell extension 'powershell' for command environment: Not usable outside of PowerShell
[1.518s] DEBUG:colcon.colcon_core.shell:Skip shell extension 'dsv' for command environment
[1.529s] INFO:colcon.colcon_ros.task.ament_cmake.build:Building ROS package in '/home/asdfr-30/ASDfR_3/src/cam2image_vm2ros' with build type 'ament_cmake'
[1.530s] INFO:colcon.colcon_cmake.task.cmake.build:Building CMake package in '/home/asdfr-30/ASDfR_3/src/cam2image_vm2ros'
[1.531s] INFO:colcon.colcon_core.shell:Skip shell extension 'powershell' for command environment: Not usable outside of PowerShell
[1.532s] DEBUG:colcon.colcon_core.shell:Skip shell extension 'dsv' for command environment
[1.563s] DEBUG:colcon.colcon_core.event_handler.log_command:Invoking command in '/home/asdfr-30/ASDfR_3/build/xrf2_msgs': CMAKE_PREFIX_PATH=/opt/ros/humble /usr/bin/cmake --build /home/asdfr-30/ASDfR_3/build/xrf2_msgs -- -j3 -l3
[1.578s] DEBUG:colcon.colcon_core.event_handler.log_command:Invoking command in '/home/asdfr-30/ASDfR_3/build/ball_tracker': CMAKE_PREFIX_PATH=/opt/ros/humble /usr/bin/cmake --build /home/asdfr-30/ASDfR_3/build/ball_tracker -- -j3 -l3
[1.627s] DEBUG:colcon.colcon_core.event_handler.log_command:Invoking command in '/home/asdfr-30/ASDfR_3/build/cam2image_vm2ros': CMAKE_PREFIX_PATH=/opt/ros/humble /usr/bin/cmake --build /home/asdfr-30/ASDfR_3/build/cam2image_vm2ros -- -j3 -l3
[1.926s] DEBUG:colcon.colcon_core.event_handler.log_command:Invoked command in '/home/asdfr-30/ASDfR_3/build/ball_tracker' returned '0': CMAKE_PREFIX_PATH=/opt/ros/humble /usr/bin/cmake --build /home/asdfr-30/ASDfR_3/build/ball_tracker -- -j3 -l3
[1.961s] DEBUG:colcon.colcon_core.event_handler.log_command:Invoking command in '/home/asdfr-30/ASDfR_3/build/ball_tracker': CMAKE_PREFIX_PATH=/opt/ros/humble /usr/bin/cmake --install /home/asdfr-30/ASDfR_3/build/ball_tracker
[2.067s] Level 1:colcon.colcon_core.environment:create_environment_scripts_only(ball_tracker)
[2.107s] Level 1:colcon.colcon_core.environment:checking '/home/asdfr-30/ASDfR_3/install/ball_tracker' for CMake module files
[2.113s] Level 1:colcon.colcon_core.environment:checking '/home/asdfr-30/ASDfR_3/install/ball_tracker' for CMake config files
[2.120s] Level 1:colcon.colcon_core.shell:create_environment_hook('ball_tracker', 'cmake_prefix_path')
[2.126s] INFO:colcon.colcon_core.shell:Creating environment hook '/home/asdfr-30/ASDfR_3/install/ball_tracker/share/ball_tracker/hook/cmake_prefix_path.ps1'
[2.133s] INFO:colcon.colcon_core.shell:Creating environment descriptor '/home/asdfr-30/ASDfR_3/install/ball_tracker/share/ball_tracker/hook/cmake_prefix_path.dsv'
[2.145s] INFO:colcon.colcon_core.shell:Creating environment hook '/home/asdfr-30/ASDfR_3/install/ball_tracker/share/ball_tracker/hook/cmake_prefix_path.sh'
[2.158s] Level 1:colcon.colcon_core.environment:checking '/home/asdfr-30/ASDfR_3/install/ball_tracker/lib'
[2.168s] Level 1:colcon.colcon_core.environment:checking '/home/asdfr-30/ASDfR_3/install/ball_tracker/bin'
[2.171s] Level 1:colcon.colcon_core.environment:checking '/home/asdfr-30/ASDfR_3/install/ball_tracker/lib/pkgconfig/ball_tracker.pc'
[2.175s] Level 1:colcon.colcon_core.environment:checking '/home/asdfr-30/ASDfR_3/install/ball_tracker/lib/python3.10/site-packages'
[2.179s] Level 1:colcon.colcon_core.environment:checking '/home/asdfr-30/ASDfR_3/install/ball_tracker/bin'
[2.184s] INFO:colcon.colcon_core.shell:Creating package script '/home/asdfr-30/ASDfR_3/install/ball_tracker/share/ball_tracker/package.ps1'
[2.191s] INFO:colcon.colcon_core.shell:Creating package descriptor '/home/asdfr-30/ASDfR_3/install/ball_tracker/share/ball_tracker/package.dsv'
[2.194s] DEBUG:colcon.colcon_core.event_handler.log_command:Invoked command in '/home/asdfr-30/ASDfR_3/build/ball_tracker' returned '0': CMAKE_PREFIX_PATH=/opt/ros/humble /usr/bin/cmake --install /home/asdfr-30/ASDfR_3/build/ball_tracker
[2.205s] INFO:colcon.colcon_core.shell:Creating package script '/home/asdfr-30/ASDfR_3/install/ball_tracker/share/ball_tracker/package.sh'
[2.212s] INFO:colcon.colcon_core.shell:Creating package script '/home/asdfr-30/ASDfR_3/install/ball_tracker/share/ball_tracker/package.bash'
[2.221s] INFO:colcon.colcon_core.shell:Creating package script '/home/asdfr-30/ASDfR_3/install/ball_tracker/share/ball_tracker/package.zsh'
[2.225s] Level 1:colcon.colcon_core.environment:create_file_with_runtime_dependencies(/home/asdfr-30/ASDfR_3/install/ball_tracker/share/colcon-core/packages/ball_tracker)
[2.230s] Level 1:colcon.colcon_core.environment:create_environment_scripts_only(ball_tracker)
[2.231s] Level 1:colcon.colcon_core.environment:checking '/home/asdfr-30/ASDfR_3/install/ball_tracker' for CMake module files
[2.235s] Level 1:colcon.colcon_core.environment:checking '/home/asdfr-30/ASDfR_3/install/ball_tracker' for CMake config files
[2.237s] Level 1:colcon.colcon_core.shell:create_environment_hook('ball_tracker', 'cmake_prefix_path')
[2.239s] INFO:colcon.colcon_core.shell:Creating environment hook '/home/asdfr-30/ASDfR_3/install/ball_tracker/share/ball_tracker/hook/cmake_prefix_path.ps1'
[2.242s] INFO:colcon.colcon_core.shell:Creating environment descriptor '/home/asdfr-30/ASDfR_3/install/ball_tracker/share/ball_tracker/hook/cmake_prefix_path.dsv'
[2.246s] INFO:colcon.colcon_core.shell:Creating environment hook '/home/asdfr-30/ASDfR_3/install/ball_tracker/share/ball_tracker/hook/cmake_prefix_path.sh'
[2.251s] Level 1:colcon.colcon_core.environment:checking '/home/asdfr-30/ASDfR_3/install/ball_tracker/lib'
[2.252s] Level 1:colcon.colcon_core.environment:checking '/home/asdfr-30/ASDfR_3/install/ball_tracker/bin'
[2.253s] Level 1:colcon.colcon_core.environment:checking '/home/asdfr-30/ASDfR_3/install/ball_tracker/lib/pkgconfig/ball_tracker.pc'
[2.255s] Level 1:colcon.colcon_core.environment:checking '/home/asdfr-30/ASDfR_3/install/ball_tracker/lib/python3.10/site-packages'
[2.258s] Level 1:colcon.colcon_core.environment:checking '/home/asdfr-30/ASDfR_3/install/ball_tracker/bin'
[2.260s] INFO:colcon.colcon_core.shell:Creating package script '/home/asdfr-30/ASDfR_3/install/ball_tracker/share/ball_tracker/package.ps1'
[2.264s] INFO:colcon.colcon_core.shell:Creating package descriptor '/home/asdfr-30/ASDfR_3/install/ball_tracker/share/ball_tracker/package.dsv'
[2.268s] INFO:colcon.colcon_core.shell:Creating package script '/home/asdfr-30/ASDfR_3/install/ball_tracker/share/ball_tracker/package.sh'
[2.272s] INFO:colcon.colcon_core.shell:Creating package script '/home/asdfr-30/ASDfR_3/install/ball_tracker/share/ball_tracker/package.bash'
[2.279s] INFO:colcon.colcon_core.shell:Creating package script '/home/asdfr-30/ASDfR_3/install/ball_tracker/share/ball_tracker/package.zsh'
[2.283s] Level 1:colcon.colcon_core.environment:create_file_with_runtime_dependencies(/home/asdfr-30/ASDfR_3/install/ball_tracker/share/colcon-core/packages/ball_tracker)
[2.289s] INFO:colcon.colcon_ros.task.ament_cmake.build:Building ROS package in '/home/asdfr-30/ASDfR_3/src/relbot_simulator' with build type 'ament_cmake'
[2.291s] INFO:colcon.colcon_cmake.task.cmake.build:Building CMake package in '/home/asdfr-30/ASDfR_3/src/relbot_simulator'
[2.293s] INFO:colcon.colcon_core.shell:Skip shell extension 'powershell' for command environment: Not usable outside of PowerShell
[2.294s] DEBUG:colcon.colcon_core.shell:Skip shell extension 'dsv' for command environment
[2.321s] DEBUG:colcon.colcon_core.event_handler.log_command:Invoked command in '/home/asdfr-30/ASDfR_3/build/cam2image_vm2ros' returned '0': CMAKE_PREFIX_PATH=/opt/ros/humble /usr/bin/cmake --build /home/asdfr-30/ASDfR_3/build/cam2image_vm2ros -- -j3 -l3
[2.328s] DEBUG:colcon.colcon_core.event_handler.log_command:Invoking command in '/home/asdfr-30/ASDfR_3/build/cam2image_vm2ros': CMAKE_PREFIX_PATH=/opt/ros/humble /usr/bin/cmake --install /home/asdfr-30/ASDfR_3/build/cam2image_vm2ros
[2.370s] DEBUG:colcon.colcon_core.event_handler.log_command:Invoking command in '/home/asdfr-30/ASDfR_3/build/relbot_simulator': CMAKE_PREFIX_PATH=/opt/ros/humble /usr/bin/cmake --build /home/asdfr-30/ASDfR_3/build/relbot_simulator -- -j3 -l3
[2.377s] Level 1:colcon.colcon_core.environment:create_environment_scripts_only(cam2image_vm2ros)
[2.379s] Level 1:colcon.colcon_core.environment:checking '/home/asdfr-30/ASDfR_3/install/cam2image_vm2ros' for CMake module files
[2.382s] Level 1:colcon.colcon_core.environment:checking '/home/asdfr-30/ASDfR_3/install/cam2image_vm2ros' for CMake config files
[2.384s] Level 1:colcon.colcon_core.shell:create_environment_hook('cam2image_vm2ros', 'cmake_prefix_path')
[2.396s] INFO:colcon.colcon_core.shell:Creating environment hook '/home/asdfr-30/ASDfR_3/install/cam2image_vm2ros/share/cam2image_vm2ros/hook/cmake_prefix_path.ps1'
[2.403s] INFO:colcon.colcon_core.shell:Creating environment descriptor '/home/asdfr-30/ASDfR_3/install/cam2image_vm2ros/share/cam2image_vm2ros/hook/cmake_prefix_path.dsv'
[2.410s] INFO:colcon.colcon_core.shell:Creating environment hook '/home/asdfr-30/ASDfR_3/install/cam2image_vm2ros/share/cam2image_vm2ros/hook/cmake_prefix_path.sh'
[2.423s] Level 1:colcon.colcon_core.environment:checking '/home/asdfr-30/ASDfR_3/install/cam2image_vm2ros/lib'
[2.431s] Level 1:colcon.colcon_core.shell:create_environment_hook('cam2image_vm2ros', 'ld_library_path_lib')
[2.434s] INFO:colcon.colcon_core.shell:Creating environment hook '/home/asdfr-30/ASDfR_3/install/cam2image_vm2ros/share/cam2image_vm2ros/hook/ld_library_path_lib.ps1'
[2.440s] INFO:colcon.colcon_core.shell:Creating environment descriptor '/home/asdfr-30/ASDfR_3/install/cam2image_vm2ros/share/cam2image_vm2ros/hook/ld_library_path_lib.dsv'
[2.447s] INFO:colcon.colcon_core.shell:Creating environment hook '/home/asdfr-30/ASDfR_3/install/cam2image_vm2ros/share/cam2image_vm2ros/hook/ld_library_path_lib.sh'
[2.458s] Level 1:colcon.colcon_core.environment:checking '/home/asdfr-30/ASDfR_3/install/cam2image_vm2ros/bin'
[2.462s] Level 1:colcon.colcon_core.environment:checking '/home/asdfr-30/ASDfR_3/install/cam2image_vm2ros/lib/pkgconfig/cam2image_vm2ros.pc'
[2.465s] Level 1:colcon.colcon_core.environment:checking '/home/asdfr-30/ASDfR_3/install/cam2image_vm2ros/lib/python3.10/site-packages'
[2.469s] Level 1:colcon.colcon_core.environment:checking '/home/asdfr-30/ASDfR_3/install/cam2image_vm2ros/bin'
[2.474s] INFO:colcon.colcon_core.shell:Creating package script '/home/asdfr-30/ASDfR_3/install/cam2image_vm2ros/share/cam2image_vm2ros/package.ps1'
[2.483s] INFO:colcon.colcon_core.shell:Creating package descriptor '/home/asdfr-30/ASDfR_3/install/cam2image_vm2ros/share/cam2image_vm2ros/package.dsv'
[2.492s] INFO:colcon.colcon_core.shell:Creating package script '/home/asdfr-30/ASDfR_3/install/cam2image_vm2ros/share/cam2image_vm2ros/package.sh'
[2.501s] INFO:colcon.colcon_core.shell:Creating package script '/home/asdfr-30/ASDfR_3/install/cam2image_vm2ros/share/cam2image_vm2ros/package.bash'
[2.511s] INFO:colcon.colcon_core.shell:Creating package script '/home/asdfr-30/ASDfR_3/install/cam2image_vm2ros/share/cam2image_vm2ros/package.zsh'
[2.520s] Level 1:colcon.colcon_core.environment:create_file_with_runtime_dependencies(/home/asdfr-30/ASDfR_3/install/cam2image_vm2ros/share/colcon-core/packages/cam2image_vm2ros)
[2.531s] Level 1:colcon.colcon_core.environment:create_environment_scripts_only(cam2image_vm2ros)
[2.537s] Level 1:colcon.colcon_core.environment:checking '/home/asdfr-30/ASDfR_3/install/cam2image_vm2ros' for CMake module files
[2.543s] Level 1:colcon.colcon_core.environment:checking '/home/asdfr-30/ASDfR_3/install/cam2image_vm2ros' for CMake config files
[2.550s] Level 1:colcon.colcon_core.shell:create_environment_hook('cam2image_vm2ros', 'cmake_prefix_path')
[2.554s] INFO:colcon.colcon_core.shell:Creating environment hook '/home/asdfr-30/ASDfR_3/install/cam2image_vm2ros/share/cam2image_vm2ros/hook/cmake_prefix_path.ps1'
[2.559s] INFO:colcon.colcon_core.shell:Creating environment descriptor '/home/asdfr-30/ASDfR_3/install/cam2image_vm2ros/share/cam2image_vm2ros/hook/cmake_prefix_path.dsv'
[2.566s] INFO:colcon.colcon_core.shell:Creating environment hook '/home/asdfr-30/ASDfR_3/install/cam2image_vm2ros/share/cam2image_vm2ros/hook/cmake_prefix_path.sh'
[2.576s] Level 1:colcon.colcon_core.environment:checking '/home/asdfr-30/ASDfR_3/install/cam2image_vm2ros/lib'
[2.578s] DEBUG:colcon.colcon_core.event_handler.log_command:Invoked command in '/home/asdfr-30/ASDfR_3/build/cam2image_vm2ros' returned '0': CMAKE_PREFIX_PATH=/opt/ros/humble /usr/bin/cmake --install /home/asdfr-30/ASDfR_3/build/cam2image_vm2ros
[2.583s] Level 1:colcon.colcon_core.shell:create_environment_hook('cam2image_vm2ros', 'ld_library_path_lib')
[2.587s] INFO:colcon.colcon_core.shell:Creating environment hook '/home/asdfr-30/ASDfR_3/install/cam2image_vm2ros/share/cam2image_vm2ros/hook/ld_library_path_lib.ps1'
[2.590s] INFO:colcon.colcon_core.shell:Creating environment descriptor '/home/asdfr-30/ASDfR_3/install/cam2image_vm2ros/share/cam2image_vm2ros/hook/ld_library_path_lib.dsv'
[2.593s] INFO:colcon.colcon_core.shell:Creating environment hook '/home/asdfr-30/ASDfR_3/install/cam2image_vm2ros/share/cam2image_vm2ros/hook/ld_library_path_lib.sh'
[2.597s] Level 1:colcon.colcon_core.environment:checking '/home/asdfr-30/ASDfR_3/install/cam2image_vm2ros/bin'
[2.598s] Level 1:colcon.colcon_core.environment:checking '/home/asdfr-30/ASDfR_3/install/cam2image_vm2ros/lib/pkgconfig/cam2image_vm2ros.pc'
[2.600s] Level 1:colcon.colcon_core.environment:checking '/home/asdfr-30/ASDfR_3/install/cam2image_vm2ros/lib/python3.10/site-packages'
[2.601s] Level 1:colcon.colcon_core.environment:checking '/home/asdfr-30/ASDfR_3/install/cam2image_vm2ros/bin'
[2.604s] INFO:colcon.colcon_core.shell:Creating package script '/home/asdfr-30/ASDfR_3/install/cam2image_vm2ros/share/cam2image_vm2ros/package.ps1'
[2.610s] INFO:colcon.colcon_core.shell:Creating package descriptor '/home/asdfr-30/ASDfR_3/install/cam2image_vm2ros/share/cam2image_vm2ros/package.dsv'
[2.619s] INFO:colcon.colcon_core.shell:Creating package script '/home/asdfr-30/ASDfR_3/install/cam2image_vm2ros/share/cam2image_vm2ros/package.sh'
[2.622s] INFO:colcon.colcon_core.shell:Creating package script '/home/asdfr-30/ASDfR_3/install/cam2image_vm2ros/share/cam2image_vm2ros/package.bash'
[2.626s] INFO:colcon.colcon_core.shell:Creating package script '/home/asdfr-30/ASDfR_3/install/cam2image_vm2ros/share/cam2image_vm2ros/package.zsh'
[2.635s] Level 1:colcon.colcon_core.environment:create_file_with_runtime_dependencies(/home/asdfr-30/ASDfR_3/install/cam2image_vm2ros/share/colcon-core/packages/cam2image_vm2ros)
[2.692s] DEBUG:colcon.colcon_core.event_handler.log_command:Invoked command in '/home/asdfr-30/ASDfR_3/build/relbot_simulator' returned '0': CMAKE_PREFIX_PATH=/opt/ros/humble /usr/bin/cmake --build /home/asdfr-30/ASDfR_3/build/relbot_simulator -- -j3 -l3
[2.696s] DEBUG:colcon.colcon_core.event_handler.log_command:Invoking command in '/home/asdfr-30/ASDfR_3/build/relbot_simulator': CMAKE_PREFIX_PATH=/opt/ros/humble /usr/bin/cmake --install /home/asdfr-30/ASDfR_3/build/relbot_simulator
[2.800s] Level 1:colcon.colcon_core.environment:create_environment_scripts_only(relbot_simulator)
[2.802s] Level 1:colcon.colcon_core.environment:checking '/home/asdfr-30/ASDfR_3/install/relbot_simulator' for CMake module files
[2.806s] Level 1:colcon.colcon_core.environment:checking '/home/asdfr-30/ASDfR_3/install/relbot_simulator' for CMake config files
[2.807s] Level 1:colcon.colcon_core.shell:create_environment_hook('relbot_simulator', 'cmake_prefix_path')
[2.812s] INFO:colcon.colcon_core.shell:Creating environment hook '/home/asdfr-30/ASDfR_3/install/relbot_simulator/share/relbot_simulator/hook/cmake_prefix_path.ps1'
[2.819s] INFO:colcon.colcon_core.shell:Creating environment descriptor '/home/asdfr-30/ASDfR_3/install/relbot_simulator/share/relbot_simulator/hook/cmake_prefix_path.dsv'
[2.827s] INFO:colcon.colcon_core.shell:Creating environment hook '/home/asdfr-30/ASDfR_3/install/relbot_simulator/share/relbot_simulator/hook/cmake_prefix_path.sh'
[2.837s] Level 1:colcon.colcon_core.environment:checking '/home/asdfr-30/ASDfR_3/install/relbot_simulator/lib'
[2.844s] Level 1:colcon.colcon_core.environment:checking '/home/asdfr-30/ASDfR_3/install/relbot_simulator/bin'
[2.847s] Level 1:colcon.colcon_core.environment:checking '/home/asdfr-30/ASDfR_3/install/relbot_simulator/lib/pkgconfig/relbot_simulator.pc'
[2.850s] Level 1:colcon.colcon_core.environment:checking '/home/asdfr-30/ASDfR_3/install/relbot_simulator/lib/python3.10/site-packages'
[2.855s] Level 1:colcon.colcon_core.environment:checking '/home/asdfr-30/ASDfR_3/install/relbot_simulator/bin'
[2.860s] INFO:colcon.colcon_core.shell:Creating package script '/home/asdfr-30/ASDfR_3/install/relbot_simulator/share/relbot_simulator/package.ps1'
[2.865s] INFO:colcon.colcon_core.shell:Creating package descriptor '/home/asdfr-30/ASDfR_3/install/relbot_simulator/share/relbot_simulator/package.dsv'
[2.869s] INFO:colcon.colcon_core.shell:Creating package script '/home/asdfr-30/ASDfR_3/install/relbot_simulator/share/relbot_simulator/package.sh'
[2.875s] INFO:colcon.colcon_core.shell:Creating package script '/home/asdfr-30/ASDfR_3/install/relbot_simulator/share/relbot_simulator/package.bash'
[2.880s] INFO:colcon.colcon_core.shell:Creating package script '/home/asdfr-30/ASDfR_3/install/relbot_simulator/share/relbot_simulator/package.zsh'
[2.885s] Level 1:colcon.colcon_core.environment:create_file_with_runtime_dependencies(/home/asdfr-30/ASDfR_3/install/relbot_simulator/share/colcon-core/packages/relbot_simulator)
[2.891s] DEBUG:colcon.colcon_core.event_handler.log_command:Invoked command in '/home/asdfr-30/ASDfR_3/build/relbot_simulator' returned '0': CMAKE_PREFIX_PATH=/opt/ros/humble /usr/bin/cmake --install /home/asdfr-30/ASDfR_3/build/relbot_simulator
[2.894s] Level 1:colcon.colcon_core.environment:create_environment_scripts_only(relbot_simulator)
[2.896s] Level 1:colcon.colcon_core.environment:checking '/home/asdfr-30/ASDfR_3/install/relbot_simulator' for CMake module files
[2.899s] Level 1:colcon.colcon_core.environment:checking '/home/asdfr-30/ASDfR_3/install/relbot_simulator' for CMake config files
[2.900s] Level 1:colcon.colcon_core.shell:create_environment_hook('relbot_simulator', 'cmake_prefix_path')
[2.902s] INFO:colcon.colcon_core.shell:Creating environment hook '/home/asdfr-30/ASDfR_3/install/relbot_simulator/share/relbot_simulator/hook/cmake_prefix_path.ps1'
[2.905s] INFO:colcon.colcon_core.shell:Creating environment descriptor '/home/asdfr-30/ASDfR_3/install/relbot_simulator/share/relbot_simulator/hook/cmake_prefix_path.dsv'
[2.908s] INFO:colcon.colcon_core.shell:Creating environment hook '/home/asdfr-30/ASDfR_3/install/relbot_simulator/share/relbot_simulator/hook/cmake_prefix_path.sh'
[2.912s] Level 1:colcon.colcon_core.environment:checking '/home/asdfr-30/ASDfR_3/install/relbot_simulator/lib'
[2.913s] Level 1:colcon.colcon_core.environment:checking '/home/asdfr-30/ASDfR_3/install/relbot_simulator/bin'
[2.913s] Level 1:colcon.colcon_core.environment:checking '/home/asdfr-30/ASDfR_3/install/relbot_simulator/lib/pkgconfig/relbot_simulator.pc'
[2.915s] Level 1:colcon.colcon_core.environment:checking '/home/asdfr-30/ASDfR_3/install/relbot_simulator/lib/python3.10/site-packages'
[2.918s] Level 1:colcon.colcon_core.environment:checking '/home/asdfr-30/ASDfR_3/install/relbot_simulator/bin'
[2.920s] INFO:colcon.colcon_core.shell:Creating package script '/home/asdfr-30/ASDfR_3/install/relbot_simulator/share/relbot_simulator/package.ps1'
[2.923s] INFO:colcon.colcon_core.shell:Creating package descriptor '/home/asdfr-30/ASDfR_3/install/relbot_simulator/share/relbot_simulator/package.dsv'
[2.925s] INFO:colcon.colcon_core.shell:Creating package script '/home/asdfr-30/ASDfR_3/install/relbot_simulator/share/relbot_simulator/package.sh'
[2.928s] INFO:colcon.colcon_core.shell:Creating package script '/home/asdfr-30/ASDfR_3/install/relbot_simulator/share/relbot_simulator/package.bash'
[2.931s] INFO:colcon.colcon_core.shell:Creating package script '/home/asdfr-30/ASDfR_3/install/relbot_simulator/share/relbot_simulator/package.zsh'
[2.934s] Level 1:colcon.colcon_core.environment:create_file_with_runtime_dependencies(/home/asdfr-30/ASDfR_3/install/relbot_simulator/share/colcon-core/packages/relbot_simulator)
[3.442s] DEBUG:colcon.colcon_core.event_handler.log_command:Invoked command in '/home/asdfr-30/ASDfR_3/build/xrf2_msgs' returned '0': CMAKE_PREFIX_PATH=/opt/ros/humble /usr/bin/cmake --build /home/asdfr-30/ASDfR_3/build/xrf2_msgs -- -j3 -l3
[3.451s] DEBUG:colcon.colcon_core.event_handler.log_command:Invoking command in '/home/asdfr-30/ASDfR_3/build/xrf2_msgs': CMAKE_PREFIX_PATH=/opt/ros/humble /usr/bin/cmake --install /home/asdfr-30/ASDfR_3/build/xrf2_msgs
[3.663s] Level 1:colcon.colcon_core.environment:create_environment_scripts_only(xrf2_msgs)
[3.664s] Level 1:colcon.colcon_core.environment:checking '/home/asdfr-30/ASDfR_3/install/xrf2_msgs' for CMake module files
[3.671s] Level 1:colcon.colcon_core.environment:checking '/home/asdfr-30/ASDfR_3/install/xrf2_msgs' for CMake config files
[3.675s] Level 1:colcon.colcon_core.shell:create_environment_hook('xrf2_msgs', 'cmake_prefix_path')
[3.676s] INFO:colcon.colcon_core.shell:Creating environment hook '/home/asdfr-30/ASDfR_3/install/xrf2_msgs/share/xrf2_msgs/hook/cmake_prefix_path.ps1'
[3.679s] INFO:colcon.colcon_core.shell:Creating environment descriptor '/home/asdfr-30/ASDfR_3/install/xrf2_msgs/share/xrf2_msgs/hook/cmake_prefix_path.dsv'
[3.682s] INFO:colcon.colcon_core.shell:Creating environment hook '/home/asdfr-30/ASDfR_3/install/xrf2_msgs/share/xrf2_msgs/hook/cmake_prefix_path.sh'
[3.686s] Level 1:colcon.colcon_core.environment:checking '/home/asdfr-30/ASDfR_3/install/xrf2_msgs/lib'
[3.687s] Level 1:colcon.colcon_core.shell:create_environment_hook('xrf2_msgs', 'ld_library_path_lib')
[3.688s] INFO:colcon.colcon_core.shell:Creating environment hook '/home/asdfr-30/ASDfR_3/install/xrf2_msgs/share/xrf2_msgs/hook/ld_library_path_lib.ps1'
[3.692s] INFO:colcon.colcon_core.shell:Creating environment descriptor '/home/asdfr-30/ASDfR_3/install/xrf2_msgs/share/xrf2_msgs/hook/ld_library_path_lib.dsv'
[3.695s] INFO:colcon.colcon_core.shell:Creating environment hook '/home/asdfr-30/ASDfR_3/install/xrf2_msgs/share/xrf2_msgs/hook/ld_library_path_lib.sh'
[3.697s] Level 1:colcon.colcon_core.environment:checking '/home/asdfr-30/ASDfR_3/install/xrf2_msgs/bin'
[3.698s] Level 1:colcon.colcon_core.environment:checking '/home/asdfr-30/ASDfR_3/install/xrf2_msgs/lib/pkgconfig/xrf2_msgs.pc'
[3.699s] Level 1:colcon.colcon_core.environment:checking '/home/asdfr-30/ASDfR_3/install/xrf2_msgs/lib/python3.10/site-packages'
[3.700s] Level 1:colcon.colcon_core.environment:checking '/home/asdfr-30/ASDfR_3/install/xrf2_msgs/bin'
[3.702s] INFO:colcon.colcon_core.shell:Creating package script '/home/asdfr-30/ASDfR_3/install/xrf2_msgs/share/xrf2_msgs/package.ps1'
[3.706s] INFO:colcon.colcon_core.shell:Creating package descriptor '/home/asdfr-30/ASDfR_3/install/xrf2_msgs/share/xrf2_msgs/package.dsv'
[3.709s] INFO:colcon.colcon_core.shell:Creating package script '/home/asdfr-30/ASDfR_3/install/xrf2_msgs/share/xrf2_msgs/package.sh'
[3.712s] INFO:colcon.colcon_core.shell:Creating package script '/home/asdfr-30/ASDfR_3/install/xrf2_msgs/share/xrf2_msgs/package.bash'
[3.715s] INFO:colcon.colcon_core.shell:Creating package script '/home/asdfr-30/ASDfR_3/install/xrf2_msgs/share/xrf2_msgs/package.zsh'
[3.720s] Level 1:colcon.colcon_core.environment:create_file_with_runtime_dependencies(/home/asdfr-30/ASDfR_3/install/xrf2_msgs/share/colcon-core/packages/xrf2_msgs)
[3.725s] Level 1:colcon.colcon_core.environment:create_environment_scripts_only(xrf2_msgs)
[3.726s] Level 1:colcon.colcon_core.environment:checking '/home/asdfr-30/ASDfR_3/install/xrf2_msgs' for CMake module files
[3.731s] Level 1:colcon.colcon_core.environment:checking '/home/asdfr-30/ASDfR_3/install/xrf2_msgs' for CMake config files
[3.735s] Level 1:colcon.colcon_core.shell:create_environment_hook('xrf2_msgs', 'cmake_prefix_path')
[3.736s] INFO:colcon.colcon_core.shell:Creating environment hook '/home/asdfr-30/ASDfR_3/install/xrf2_msgs/share/xrf2_msgs/hook/cmake_prefix_path.ps1'
[3.739s] INFO:colcon.colcon_core.shell:Creating environment descriptor '/home/asdfr-30/ASDfR_3/install/xrf2_msgs/share/xrf2_msgs/hook/cmake_prefix_path.dsv'
[3.741s] INFO:colcon.colcon_core.shell:Creating environment hook '/home/asdfr-30/ASDfR_3/install/xrf2_msgs/share/xrf2_msgs/hook/cmake_prefix_path.sh'
[3.744s] Level 1:colcon.colcon_core.environment:checking '/home/asdfr-30/ASDfR_3/install/xrf2_msgs/lib'
[3.745s] Level 1:colcon.colcon_core.shell:create_environment_hook('xrf2_msgs', 'ld_library_path_lib')
[3.747s] INFO:colcon.colcon_core.shell:Creating environment hook '/home/asdfr-30/ASDfR_3/install/xrf2_msgs/share/xrf2_msgs/hook/ld_library_path_lib.ps1'
[3.748s] DEBUG:colcon.colcon_core.event_handler.log_command:Invoked command in '/home/asdfr-30/ASDfR_3/build/xrf2_msgs' returned '0': CMAKE_PREFIX_PATH=/opt/ros/humble /usr/bin/cmake --install /home/asdfr-30/ASDfR_3/build/xrf2_msgs
[3.750s] INFO:colcon.colcon_core.shell:Creating environment descriptor '/home/asdfr-30/ASDfR_3/install/xrf2_msgs/share/xrf2_msgs/hook/ld_library_path_lib.dsv'
[3.752s] INFO:colcon.colcon_core.shell:Creating environment hook '/home/asdfr-30/ASDfR_3/install/xrf2_msgs/share/xrf2_msgs/hook/ld_library_path_lib.sh'
[3.755s] Level 1:colcon.colcon_core.environment:checking '/home/asdfr-30/ASDfR_3/install/xrf2_msgs/bin'
[3.755s] Level 1:colcon.colcon_core.environment:checking '/home/asdfr-30/ASDfR_3/install/xrf2_msgs/lib/pkgconfig/xrf2_msgs.pc'
[3.756s] Level 1:colcon.colcon_core.environment:checking '/home/asdfr-30/ASDfR_3/install/xrf2_msgs/lib/python3.10/site-packages'
[3.757s] Level 1:colcon.colcon_core.environment:checking '/home/asdfr-30/ASDfR_3/install/xrf2_msgs/bin'
[3.759s] INFO:colcon.colcon_core.shell:Creating package script '/home/asdfr-30/ASDfR_3/install/xrf2_msgs/share/xrf2_msgs/package.ps1'
[3.762s] INFO:colcon.colcon_core.shell:Creating package descriptor '/home/asdfr-30/ASDfR_3/install/xrf2_msgs/share/xrf2_msgs/package.dsv'
[3.765s] INFO:colcon.colcon_core.shell:Creating package script '/home/asdfr-30/ASDfR_3/install/xrf2_msgs/share/xrf2_msgs/package.sh'
[3.767s] INFO:colcon.colcon_core.shell:Creating package script '/home/asdfr-30/ASDfR_3/install/xrf2_msgs/share/xrf2_msgs/package.bash'
[3.770s] INFO:colcon.colcon_core.shell:Creating package script '/home/asdfr-30/ASDfR_3/install/xrf2_msgs/share/xrf2_msgs/package.zsh'
[3.772s] Level 1:colcon.colcon_core.environment:create_file_with_runtime_dependencies(/home/asdfr-30/ASDfR_3/install/xrf2_msgs/share/colcon-core/packages/xrf2_msgs)
[3.774s] INFO:colcon.colcon_ros.task.ament_cmake.build:Building ROS package in '/home/asdfr-30/ASDfR_3/src/XRF2/XenoRosFramework/Ros/ros_xeno_bridge' with build type 'ament_cmake'
[3.775s] INFO:colcon.colcon_cmake.task.cmake.build:Building CMake package in '/home/asdfr-30/ASDfR_3/src/XRF2/XenoRosFramework/Ros/ros_xeno_bridge'
[3.776s] INFO:colcon.colcon_core.shell:Skip shell extension 'powershell' for command environment: Not usable outside of PowerShell
[3.776s] DEBUG:colcon.colcon_core.shell:Skip shell extension 'dsv' for command environment
[3.788s] INFO:colcon.colcon_ros.task.ament_cmake.build:Building ROS package in '/home/asdfr-30/ASDfR_3/src/sequence_controller' with build type 'ament_cmake'
[3.789s] INFO:colcon.colcon_cmake.task.cmake.build:Building CMake package in '/home/asdfr-30/ASDfR_3/src/sequence_controller'
[3.790s] INFO:colcon.colcon_core.shell:Skip shell extension 'powershell' for command environment: Not usable outside of PowerShell
[3.791s] DEBUG:colcon.colcon_core.shell:Skip shell extension 'dsv' for command environment
[3.804s] INFO:colcon.colcon_cmake.task.cmake.build:Building CMake package in '/home/asdfr-30/ASDfR_3/src/xeno_loop'
[3.805s] INFO:colcon.colcon_core.shell:Skip shell extension 'powershell' for command environment: Not usable outside of PowerShell
[3.805s] DEBUG:colcon.colcon_core.shell:Skip shell extension 'dsv' for command environment
[3.836s] DEBUG:colcon.colcon_core.event_handler.log_command:Invoking command in '/home/asdfr-30/ASDfR_3/build/ros_xeno_bridge': AMENT_PREFIX_PATH=/home/asdfr-30/ASDfR_3/install/xrf2_msgs:${AMENT_PREFIX_PATH} CMAKE_PREFIX_PATH=/home/asdfr-30/ASDfR_3/install/xrf2_msgs:/opt/ros/humble LD_LIBRARY_PATH=/home/asdfr-30/ASDfR_3/install/xrf2_msgs/lib:${LD_LIBRARY_PATH} PYTHONPATH=/home/asdfr-30/ASDfR_3/install/xrf2_msgs/local/lib/python3.10/dist-packages:${PYTHONPATH} /usr/bin/cmake --build /home/asdfr-30/ASDfR_3/build/ros_xeno_bridge -- -j3 -l3
[3.845s] DEBUG:colcon.colcon_core.event_handler.log_command:Invoking command in '/home/asdfr-30/ASDfR_3/build/sequence_controller': AMENT_PREFIX_PATH=/home/asdfr-30/ASDfR_3/install/xrf2_msgs:${AMENT_PREFIX_PATH} CMAKE_PREFIX_PATH=/home/asdfr-30/ASDfR_3/install/xrf2_msgs:/opt/ros/humble LD_LIBRARY_PATH=/home/asdfr-30/ASDfR_3/install/xrf2_msgs/lib:${LD_LIBRARY_PATH} PYTHONPATH=/home/asdfr-30/ASDfR_3/install/xrf2_msgs/local/lib/python3.10/dist-packages:${PYTHONPATH} /usr/bin/cmake --build /home/asdfr-30/ASDfR_3/build/sequence_controller -- -j3 -l3
[3.871s] DEBUG:colcon.colcon_core.event_handler.log_command:Invoking command in '/home/asdfr-30/ASDfR_3/build/xeno_loop': AMENT_PREFIX_PATH=/home/asdfr-30/ASDfR_3/install/xrf2_msgs:${AMENT_PREFIX_PATH} CMAKE_PREFIX_PATH=/home/asdfr-30/ASDfR_3/install/xrf2_msgs LD_LIBRARY_PATH=/home/asdfr-30/ASDfR_3/install/xrf2_msgs/lib:${LD_LIBRARY_PATH} PYTHONPATH=/home/asdfr-30/ASDfR_3/install/xrf2_msgs/local/lib/python3.10/dist-packages:${PYTHONPATH} /usr/bin/cmake --build /home/asdfr-30/ASDfR_3/build/xeno_loop -- -j3 -l3
[4.073s] DEBUG:colcon.colcon_core.event_handler.log_command:Invoked command in '/home/asdfr-30/ASDfR_3/build/sequence_controller' returned '0': AMENT_PREFIX_PATH=/home/asdfr-30/ASDfR_3/install/xrf2_msgs:${AMENT_PREFIX_PATH} CMAKE_PREFIX_PATH=/home/asdfr-30/ASDfR_3/install/xrf2_msgs:/opt/ros/humble LD_LIBRARY_PATH=/home/asdfr-30/ASDfR_3/install/xrf2_msgs/lib:${LD_LIBRARY_PATH} PYTHONPATH=/home/asdfr-30/ASDfR_3/install/xrf2_msgs/local/lib/python3.10/dist-packages:${PYTHONPATH} /usr/bin/cmake --build /home/asdfr-30/ASDfR_3/build/sequence_controller -- -j3 -l3
[4.086s] DEBUG:colcon.colcon_core.event_handler.log_command:Invoking command in '/home/asdfr-30/ASDfR_3/build/sequence_controller': AMENT_PREFIX_PATH=/home/asdfr-30/ASDfR_3/install/xrf2_msgs:${AMENT_PREFIX_PATH} CMAKE_PREFIX_PATH=/home/asdfr-30/ASDfR_3/install/xrf2_msgs:/opt/ros/humble LD_LIBRARY_PATH=/home/asdfr-30/ASDfR_3/install/xrf2_msgs/lib:${LD_LIBRARY_PATH} PYTHONPATH=/home/asdfr-30/ASDfR_3/install/xrf2_msgs/local/lib/python3.10/dist-packages:${PYTHONPATH} /usr/bin/cmake --install /home/asdfr-30/ASDfR_3/build/sequence_controller
[4.111s] DEBUG:colcon.colcon_core.event_handler.log_command:Invoked command in '/home/asdfr-30/ASDfR_3/build/ros_xeno_bridge' returned '0': AMENT_PREFIX_PATH=/home/asdfr-30/ASDfR_3/install/xrf2_msgs:${AMENT_PREFIX_PATH} CMAKE_PREFIX_PATH=/home/asdfr-30/ASDfR_3/install/xrf2_msgs:/opt/ros/humble LD_LIBRARY_PATH=/home/asdfr-30/ASDfR_3/install/xrf2_msgs/lib:${LD_LIBRARY_PATH} PYTHONPATH=/home/asdfr-30/ASDfR_3/install/xrf2_msgs/local/lib/python3.10/dist-packages:${PYTHONPATH} /usr/bin/cmake --build /home/asdfr-30/ASDfR_3/build/ros_xeno_bridge -- -j3 -l3
[4.117s] DEBUG:colcon.colcon_core.event_handler.log_command:Invoking command in '/home/asdfr-30/ASDfR_3/build/ros_xeno_bridge': AMENT_PREFIX_PATH=/home/asdfr-30/ASDfR_3/install/xrf2_msgs:${AMENT_PREFIX_PATH} CMAKE_PREFIX_PATH=/home/asdfr-30/ASDfR_3/install/xrf2_msgs:/opt/ros/humble LD_LIBRARY_PATH=/home/asdfr-30/ASDfR_3/install/xrf2_msgs/lib:${LD_LIBRARY_PATH} PYTHONPATH=/home/asdfr-30/ASDfR_3/install/xrf2_msgs/local/lib/python3.10/dist-packages:${PYTHONPATH} /usr/bin/cmake --install /home/asdfr-30/ASDfR_3/build/ros_xeno_bridge
[4.132s] Level 1:colcon.colcon_core.environment:create_environment_scripts_only(sequence_controller)
[4.134s] Level 1:colcon.colcon_core.environment:checking '/home/asdfr-30/ASDfR_3/install/sequence_controller' for CMake module files
[4.139s] Level 1:colcon.colcon_core.environment:checking '/home/asdfr-30/ASDfR_3/install/sequence_controller' for CMake config files
[4.141s] Level 1:colcon.colcon_core.shell:create_environment_hook('sequence_controller', 'cmake_prefix_path')
[4.143s] INFO:colcon.colcon_core.shell:Creating environment hook '/home/asdfr-30/ASDfR_3/install/sequence_controller/share/sequence_controller/hook/cmake_prefix_path.ps1'
[4.147s] INFO:colcon.colcon_core.shell:Creating environment descriptor '/home/asdfr-30/ASDfR_3/install/sequence_controller/share/sequence_controller/hook/cmake_prefix_path.dsv'
[4.150s] INFO:colcon.colcon_core.shell:Creating environment hook '/home/asdfr-30/ASDfR_3/install/sequence_controller/share/sequence_controller/hook/cmake_prefix_path.sh'
[4.158s] Level 1:colcon.colcon_core.environment:checking '/home/asdfr-30/ASDfR_3/install/sequence_controller/lib'
[4.159s] Level 1:colcon.colcon_core.environment:checking '/home/asdfr-30/ASDfR_3/install/sequence_controller/bin'
[4.159s] Level 1:colcon.colcon_core.environment:checking '/home/asdfr-30/ASDfR_3/install/sequence_controller/lib/pkgconfig/sequence_controller.pc'
[4.160s] Level 1:colcon.colcon_core.environment:checking '/home/asdfr-30/ASDfR_3/install/sequence_controller/lib/python3.10/site-packages'
[4.161s] Level 1:colcon.colcon_core.environment:checking '/home/asdfr-30/ASDfR_3/install/sequence_controller/bin'
[4.163s] INFO:colcon.colcon_core.shell:Creating package script '/home/asdfr-30/ASDfR_3/install/sequence_controller/share/sequence_controller/package.ps1'
[4.165s] INFO:colcon.colcon_core.shell:Creating package descriptor '/home/asdfr-30/ASDfR_3/install/sequence_controller/share/sequence_controller/package.dsv'
[4.168s] INFO:colcon.colcon_core.shell:Creating package script '/home/asdfr-30/ASDfR_3/install/sequence_controller/share/sequence_controller/package.sh'
[4.171s] INFO:colcon.colcon_core.shell:Creating package script '/home/asdfr-30/ASDfR_3/install/sequence_controller/share/sequence_controller/package.bash'
[4.174s] INFO:colcon.colcon_core.shell:Creating package script '/home/asdfr-30/ASDfR_3/install/sequence_controller/share/sequence_controller/package.zsh'
[4.177s] Level 1:colcon.colcon_core.environment:create_file_with_runtime_dependencies(/home/asdfr-30/ASDfR_3/install/sequence_controller/share/colcon-core/packages/sequence_controller)
[4.181s] Level 1:colcon.colcon_core.environment:create_environment_scripts_only(sequence_controller)
[4.182s] Level 1:colcon.colcon_core.environment:checking '/home/asdfr-30/ASDfR_3/install/sequence_controller' for CMake module files
[4.186s] Level 1:colcon.colcon_core.environment:checking '/home/asdfr-30/ASDfR_3/install/sequence_controller' for CMake config files
[4.189s] Level 1:colcon.colcon_core.shell:create_environment_hook('sequence_controller', 'cmake_prefix_path')
[4.190s] INFO:colcon.colcon_core.shell:Creating environment hook '/home/asdfr-30/ASDfR_3/install/sequence_controller/share/sequence_controller/hook/cmake_prefix_path.ps1'
[4.193s] INFO:colcon.colcon_core.shell:Creating environment descriptor '/home/asdfr-30/ASDfR_3/install/sequence_controller/share/sequence_controller/hook/cmake_prefix_path.dsv'
[4.195s] INFO:colcon.colcon_core.shell:Creating environment hook '/home/asdfr-30/ASDfR_3/install/sequence_controller/share/sequence_controller/hook/cmake_prefix_path.sh'
[4.198s] Level 1:colcon.colcon_core.environment:checking '/home/asdfr-30/ASDfR_3/install/sequence_controller/lib'
[4.199s] Level 1:colcon.colcon_core.environment:checking '/home/asdfr-30/ASDfR_3/install/sequence_controller/bin'
[4.200s] Level 1:colcon.colcon_core.environment:checking '/home/asdfr-30/ASDfR_3/install/sequence_controller/lib/pkgconfig/sequence_controller.pc'
[4.201s] Level 1:colcon.colcon_core.environment:checking '/home/asdfr-30/ASDfR_3/install/sequence_controller/lib/python3.10/site-packages'
[4.202s] Level 1:colcon.colcon_core.environment:checking '/home/asdfr-30/ASDfR_3/install/sequence_controller/bin'
[4.203s] DEBUG:colcon.colcon_core.event_handler.log_command:Invoked command in '/home/asdfr-30/ASDfR_3/build/sequence_controller' returned '0': AMENT_PREFIX_PATH=/home/asdfr-30/ASDfR_3/install/xrf2_msgs:${AMENT_PREFIX_PATH} CMAKE_PREFIX_PATH=/home/asdfr-30/ASDfR_3/install/xrf2_msgs:/opt/ros/humble LD_LIBRARY_PATH=/home/asdfr-30/ASDfR_3/install/xrf2_msgs/lib:${LD_LIBRARY_PATH} PYTHONPATH=/home/asdfr-30/ASDfR_3/install/xrf2_msgs/local/lib/python3.10/dist-packages:${PYTHONPATH} /usr/bin/cmake --install /home/asdfr-30/ASDfR_3/build/sequence_controller
[4.209s] INFO:colcon.colcon_core.shell:Creating package script '/home/asdfr-30/ASDfR_3/install/sequence_controller/share/sequence_controller/package.ps1'
[4.213s] INFO:colcon.colcon_core.shell:Creating package descriptor '/home/asdfr-30/ASDfR_3/install/sequence_controller/share/sequence_controller/package.dsv'
[4.216s] INFO:colcon.colcon_core.shell:Creating package script '/home/asdfr-30/ASDfR_3/install/sequence_controller/share/sequence_controller/package.sh'
[4.218s] INFO:colcon.colcon_core.shell:Creating package script '/home/asdfr-30/ASDfR_3/install/sequence_controller/share/sequence_controller/package.bash'
[4.222s] INFO:colcon.colcon_core.shell:Creating package script '/home/asdfr-30/ASDfR_3/install/sequence_controller/share/sequence_controller/package.zsh'
[4.224s] Level 1:colcon.colcon_core.environment:create_file_with_runtime_dependencies(/home/asdfr-30/ASDfR_3/install/sequence_controller/share/colcon-core/packages/sequence_controller)
[4.228s] WARNING:colcon.colcon_cmake.task.cmake.build:Could not run installation step for package 'xeno_loop' because it has no 'install' target
[4.229s] Level 1:colcon.colcon_core.environment:create_environment_scripts_only(xeno_loop)
[4.230s] Level 1:colcon.colcon_core.environment:checking '/home/asdfr-30/ASDfR_3/install/xeno_loop' for CMake module files
[4.233s] Level 1:colcon.colcon_core.environment:checking '/home/asdfr-30/ASDfR_3/install/xeno_loop' for CMake config files
[4.235s] Level 1:colcon.colcon_core.environment:checking '/home/asdfr-30/ASDfR_3/install/xeno_loop/bin'
[4.236s] Level 1:colcon.colcon_core.environment:checking '/home/asdfr-30/ASDfR_3/install/xeno_loop/lib/pkgconfig/xeno_loop.pc'
[4.237s] Level 1:colcon.colcon_core.environment:checking '/home/asdfr-30/ASDfR_3/install/xeno_loop/lib/python3.10/site-packages'
[4.238s] Level 1:colcon.colcon_core.environment:checking '/home/asdfr-30/ASDfR_3/install/xeno_loop/bin'
[4.240s] INFO:colcon.colcon_core.shell:Creating package script '/home/asdfr-30/ASDfR_3/install/xeno_loop/share/xeno_loop/package.ps1'
[4.242s] INFO:colcon.colcon_core.shell:Creating package descriptor '/home/asdfr-30/ASDfR_3/install/xeno_loop/share/xeno_loop/package.dsv'
[4.244s] INFO:colcon.colcon_core.shell:Creating package script '/home/asdfr-30/ASDfR_3/install/xeno_loop/share/xeno_loop/package.sh'
[4.246s] INFO:colcon.colcon_core.shell:Creating package script '/home/asdfr-30/ASDfR_3/install/xeno_loop/share/xeno_loop/package.bash'
[4.249s] INFO:colcon.colcon_core.shell:Creating package script '/home/asdfr-30/ASDfR_3/install/xeno_loop/share/xeno_loop/package.zsh'
[4.250s] DEBUG:colcon.colcon_core.event_handler.log_command:Invoked command in '/home/asdfr-30/ASDfR_3/build/xeno_loop' returned '0': AMENT_PREFIX_PATH=/home/asdfr-30/ASDfR_3/install/xrf2_msgs:${AMENT_PREFIX_PATH} CMAKE_PREFIX_PATH=/home/asdfr-30/ASDfR_3/install/xrf2_msgs LD_LIBRARY_PATH=/home/asdfr-30/ASDfR_3/install/xrf2_msgs/lib:${LD_LIBRARY_PATH} PYTHONPATH=/home/asdfr-30/ASDfR_3/install/xrf2_msgs/local/lib/python3.10/dist-packages:${PYTHONPATH} /usr/bin/cmake --build /home/asdfr-30/ASDfR_3/build/xeno_loop -- -j3 -l3
[4.252s] Level 1:colcon.colcon_core.environment:create_file_with_runtime_dependencies(/home/asdfr-30/ASDfR_3/install/xeno_loop/share/colcon-core/packages/xeno_loop)
[4.256s] Level 1:colcon.colcon_core.environment:create_environment_scripts_only(ros_xeno_bridge)
[4.257s] Level 1:colcon.colcon_core.environment:checking '/home/asdfr-30/ASDfR_3/install/ros_xeno_bridge' for CMake module files
[4.260s] DEBUG:colcon.colcon_core.event_handler.log_command:Invoked command in '/home/asdfr-30/ASDfR_3/build/ros_xeno_bridge' returned '0': AMENT_PREFIX_PATH=/home/asdfr-30/ASDfR_3/install/xrf2_msgs:${AMENT_PREFIX_PATH} CMAKE_PREFIX_PATH=/home/asdfr-30/ASDfR_3/install/xrf2_msgs:/opt/ros/humble LD_LIBRARY_PATH=/home/asdfr-30/ASDfR_3/install/xrf2_msgs/lib:${LD_LIBRARY_PATH} PYTHONPATH=/home/asdfr-30/ASDfR_3/install/xrf2_msgs/local/lib/python3.10/dist-packages:${PYTHONPATH} /usr/bin/cmake --install /home/asdfr-30/ASDfR_3/build/ros_xeno_bridge
[4.261s] Level 1:colcon.colcon_core.environment:checking '/home/asdfr-30/ASDfR_3/install/ros_xeno_bridge' for CMake config files
[4.262s] Level 1:colcon.colcon_core.shell:create_environment_hook('ros_xeno_bridge', 'cmake_prefix_path')
[4.264s] INFO:colcon.colcon_core.shell:Creating environment hook '/home/asdfr-30/ASDfR_3/install/ros_xeno_bridge/share/ros_xeno_bridge/hook/cmake_prefix_path.ps1'
[4.266s] INFO:colcon.colcon_core.shell:Creating environment descriptor '/home/asdfr-30/ASDfR_3/install/ros_xeno_bridge/share/ros_xeno_bridge/hook/cmake_prefix_path.dsv'
[4.268s] INFO:colcon.colcon_core.shell:Creating environment hook '/home/asdfr-30/ASDfR_3/install/ros_xeno_bridge/share/ros_xeno_bridge/hook/cmake_prefix_path.sh'
[4.271s] Level 1:colcon.colcon_core.environment:checking '/home/asdfr-30/ASDfR_3/install/ros_xeno_bridge/lib'
[4.271s] Level 1:colcon.colcon_core.environment:checking '/home/asdfr-30/ASDfR_3/install/ros_xeno_bridge/bin'
[4.272s] Level 1:colcon.colcon_core.environment:checking '/home/asdfr-30/ASDfR_3/install/ros_xeno_bridge/lib/pkgconfig/ros_xeno_bridge.pc'
[4.273s] Level 1:colcon.colcon_core.environment:checking '/home/asdfr-30/ASDfR_3/install/ros_xeno_bridge/lib/python3.10/site-packages'
[4.274s] Level 1:colcon.colcon_core.environment:checking '/home/asdfr-30/ASDfR_3/install/ros_xeno_bridge/bin'
[4.275s] INFO:colcon.colcon_core.shell:Creating package script '/home/asdfr-30/ASDfR_3/install/ros_xeno_bridge/share/ros_xeno_bridge/package.ps1'
[4.278s] INFO:colcon.colcon_core.shell:Creating package descriptor '/home/asdfr-30/ASDfR_3/install/ros_xeno_bridge/share/ros_xeno_bridge/package.dsv'
[4.280s] INFO:colcon.colcon_core.shell:Creating package script '/home/asdfr-30/ASDfR_3/install/ros_xeno_bridge/share/ros_xeno_bridge/package.sh'
[4.282s] INFO:colcon.colcon_core.shell:Creating package script '/home/asdfr-30/ASDfR_3/install/ros_xeno_bridge/share/ros_xeno_bridge/package.bash'
[4.284s] INFO:colcon.colcon_core.shell:Creating package script '/home/asdfr-30/ASDfR_3/install/ros_xeno_bridge/share/ros_xeno_bridge/package.zsh'
[4.286s] Level 1:colcon.colcon_core.environment:create_file_with_runtime_dependencies(/home/asdfr-30/ASDfR_3/install/ros_xeno_bridge/share/colcon-core/packages/ros_xeno_bridge)
[4.288s] Level 1:colcon.colcon_core.environment:create_environment_scripts_only(ros_xeno_bridge)
[4.290s] Level 1:colcon.colcon_core.environment:checking '/home/asdfr-30/ASDfR_3/install/ros_xeno_bridge' for CMake module files
[4.293s] Level 1:colcon.colcon_core.environment:checking '/home/asdfr-30/ASDfR_3/install/ros_xeno_bridge' for CMake config files
[4.294s] Level 1:colcon.colcon_core.shell:create_environment_hook('ros_xeno_bridge', 'cmake_prefix_path')
[4.295s] INFO:colcon.colcon_core.shell:Creating environment hook '/home/asdfr-30/ASDfR_3/install/ros_xeno_bridge/share/ros_xeno_bridge/hook/cmake_prefix_path.ps1'
[4.297s] INFO:colcon.colcon_core.shell:Creating environment descriptor '/home/asdfr-30/ASDfR_3/install/ros_xeno_bridge/share/ros_xeno_bridge/hook/cmake_prefix_path.dsv'
[4.299s] INFO:colcon.colcon_core.shell:Creating environment hook '/home/asdfr-30/ASDfR_3/install/ros_xeno_bridge/share/ros_xeno_bridge/hook/cmake_prefix_path.sh'
[4.302s] Level 1:colcon.colcon_core.environment:checking '/home/asdfr-30/ASDfR_3/install/ros_xeno_bridge/lib'
[4.303s] Level 1:colcon.colcon_core.environment:checking '/home/asdfr-30/ASDfR_3/install/ros_xeno_bridge/bin'
[4.303s] Level 1:colcon.colcon_core.environment:checking '/home/asdfr-30/ASDfR_3/install/ros_xeno_bridge/lib/pkgconfig/ros_xeno_bridge.pc'
[4.304s] Level 1:colcon.colcon_core.environment:checking '/home/asdfr-30/ASDfR_3/install/ros_xeno_bridge/lib/python3.10/site-packages'
[4.305s] Level 1:colcon.colcon_core.environment:checking '/home/asdfr-30/ASDfR_3/install/ros_xeno_bridge/bin'
[4.306s] INFO:colcon.colcon_core.shell:Creating package script '/home/asdfr-30/ASDfR_3/install/ros_xeno_bridge/share/ros_xeno_bridge/package.ps1'
[4.309s] INFO:colcon.colcon_core.shell:Creating package descriptor '/home/asdfr-30/ASDfR_3/install/ros_xeno_bridge/share/ros_xeno_bridge/package.dsv'
[4.311s] INFO:colcon.colcon_core.shell:Creating package script '/home/asdfr-30/ASDfR_3/install/ros_xeno_bridge/share/ros_xeno_bridge/package.sh'
[4.313s] INFO:colcon.colcon_core.shell:Creating package script '/home/asdfr-30/ASDfR_3/install/ros_xeno_bridge/share/ros_xeno_bridge/package.bash'
[4.316s] INFO:colcon.colcon_core.shell:Creating package script '/home/asdfr-30/ASDfR_3/install/ros_xeno_bridge/share/ros_xeno_bridge/package.zsh'
[4.318s] Level 1:colcon.colcon_core.environment:create_file_with_runtime_dependencies(/home/asdfr-30/ASDfR_3/install/ros_xeno_bridge/share/colcon-core/packages/ros_xeno_bridge)
[4.319s] DEBUG:colcon.colcon_parallel_executor.executor.parallel:closing loop
[4.320s] DEBUG:colcon.colcon_parallel_executor.executor.parallel:loop closed
[4.321s] DEBUG:colcon.colcon_parallel_executor.executor.parallel:run_until_complete finished with '0'
[4.321s] DEBUG:colcon.colcon_core.event_reactor:joining thread
[4.340s] INFO:colcon.colcon_core.plugin_system:Skipping extension 'colcon_notification.desktop_notification.notify_send': Could not find 'notify-send'
[4.340s] INFO:colcon.colcon_core.plugin_system:Skipping extension 'colcon_notification.desktop_notification.terminal_notifier': Not used on non-Darwin systems
[4.341s] INFO:colcon.colcon_core.plugin_system:Skipping extension 'colcon_notification.desktop_notification.win32': Not used on non-Windows systems
[4.341s] INFO:colcon.colcon_notification.desktop_notification:Sending desktop notification using 'notify2'
[4.343s] DEBUG:colcon.colcon_notification.desktop_notification.notify2:Failed to initialize notify2: org.freedesktop.DBus.Error.ServiceUnknown: The name org.freedesktop.Notifications was not provided by any .service files
[4.344s] DEBUG:colcon.colcon_core.event_reactor:joined thread
[4.345s] INFO:colcon.colcon_core.shell:Creating prefix script '/home/asdfr-30/ASDfR_3/install/local_setup.ps1'
[4.349s] INFO:colcon.colcon_core.shell:Creating prefix util module '/home/asdfr-30/ASDfR_3/install/_local_setup_util_ps1.py'
[4.355s] INFO:colcon.colcon_core.shell:Creating prefix chain script '/home/asdfr-30/ASDfR_3/install/setup.ps1'
[4.359s] INFO:colcon.colcon_core.shell:Creating prefix script '/home/asdfr-30/ASDfR_3/install/local_setup.sh'
[4.362s] INFO:colcon.colcon_core.shell:Creating prefix util module '/home/asdfr-30/ASDfR_3/install/_local_setup_util_sh.py'
[4.365s] INFO:colcon.colcon_core.shell:Creating prefix chain script '/home/asdfr-30/ASDfR_3/install/setup.sh'
[4.369s] INFO:colcon.colcon_core.shell:Creating prefix script '/home/asdfr-30/ASDfR_3/install/local_setup.bash'
[4.372s] INFO:colcon.colcon_core.shell:Creating prefix chain script '/home/asdfr-30/ASDfR_3/install/setup.bash'
[4.376s] INFO:colcon.colcon_core.shell:Creating prefix script '/home/asdfr-30/ASDfR_3/install/local_setup.zsh'
[4.379s] INFO:colcon.colcon_core.shell:Creating prefix chain script '/home/asdfr-30/ASDfR_3/install/setup.zsh'
