[0.458s] DEBUG:colcon:Command line arguments: ['/usr/bin/colcon', 'build']
[0.459s] DEBUG:colcon:Parsed command line arguments: Namespace(log_base=None, log_level=None, verb_name='build', build_base='build', install_base='install', merge_install=False, symlink_install=False, test_result_base=None, continue_on_error=False, executor='parallel', parallel_workers=3, event_handlers=None, ignore_user_meta=False, metas=['./colcon.meta'], base_paths=['.'], packages_ignore=None, packages_ignore_regex=None, paths=None, packages_up_to=None, packages_up_to_regex=None, packages_above=None, packages_above_and_dependencies=None, packages_above_depth=None, packages_select_by_dep=None, packages_skip_by_dep=None, packages_skip_up_to=None, packages_select_build_failed=False, packages_skip_build_finished=False, packages_select_test_failures=False, packages_skip_test_passed=False, packages_select=None, packages_skip=None, packages_select_regex=None, packages_skip_regex=None, packages_start=None, packages_end=None, allow_overriding=[], cmake_args=None, cmake_target=None, cmake_target_skip_unavailable=False, cmake_clean_cache=False, cmake_clean_first=False, cmake_force_configure=False, ament_cmake_args=None, catkin_cmake_args=None, catkin_skip_building_tests=False, mixin_files=None, mixin=None, verb_parser=<colcon_mixin.mixin.mixin_argument.MixinArgumentDecorator object at 0xffffad23cc70>, verb_extension=<colcon_core.verb.build.BuildVerb object at 0xffffad23c700>, main=<bound method BuildVerb.main of <colcon_core.verb.build.BuildVerb object at 0xffffad23c700>>, mixin_verb=('build',))
[1.068s] Level 1:colcon.colcon_core.package_discovery:discover_packages(colcon_meta) check parameters
[1.068s] Level 1:colcon.colcon_core.package_discovery:discover_packages(recursive) check parameters
[1.069s] Level 1:colcon.colcon_core.package_discovery:discover_packages(ignore) check parameters
[1.069s] Level 1:colcon.colcon_core.package_discovery:discover_packages(path) check parameters
[1.069s] Level 1:colcon.colcon_core.package_discovery:discover_packages(colcon_meta) discover
[1.070s] Level 1:colcon.colcon_core.package_discovery:discover_packages(recursive) discover
[1.070s] INFO:colcon.colcon_core.package_discovery:Crawling recursively for packages in '/home/asdfr-30/ASDfR_3'
[1.071s] Level 1:colcon.colcon_core.package_identification:_identify(.) by extensions ['ignore', 'ignore_ament_install']
[1.071s] Level 1:colcon.colcon_core.package_identification:_identify(.) by extension 'ignore'
[1.072s] Level 1:colcon.colcon_core.package_identification:_identify(.) by extension 'ignore_ament_install'
[1.072s] Level 1:colcon.colcon_core.package_identification:_identify(.) by extensions ['colcon_pkg']
[1.073s] Level 1:colcon.colcon_core.package_identification:_identify(.) by extension 'colcon_pkg'
[1.073s] Level 1:colcon.colcon_core.package_identification:_identify(.) by extensions ['colcon_meta']
[1.074s] Level 1:colcon.colcon_core.package_identification:_identify(.) by extension 'colcon_meta'
[1.074s] Level 1:colcon.colcon_core.package_identification:_identify(.) by extensions ['ros']
[1.074s] Level 1:colcon.colcon_core.package_identification:_identify(.) by extension 'ros'
[1.116s] Level 1:colcon.colcon_core.package_identification:_identify(.) by extensions ['cmake', 'python']
[1.116s] Level 1:colcon.colcon_core.package_identification:_identify(.) by extension 'cmake'
[1.117s] Level 1:colcon.colcon_core.package_identification:_identify(.) by extension 'python'
[1.117s] Level 1:colcon.colcon_core.package_identification:_identify(.) by extensions ['python_setup_py']
[1.117s] Level 1:colcon.colcon_core.package_identification:_identify(.) by extension 'python_setup_py'
[1.118s] Level 1:colcon.colcon_core.package_identification:_identify(build) by extensions ['ignore', 'ignore_ament_install']
[1.118s] Level 1:colcon.colcon_core.package_identification:_identify(build) by extension 'ignore'
[1.119s] Level 1:colcon.colcon_core.package_identification:_identify(build) ignored
[1.120s] Level 1:colcon.colcon_core.package_identification:_identify(install) by extensions ['ignore', 'ignore_ament_install']
[1.120s] Level 1:colcon.colcon_core.package_identification:_identify(install) by extension 'ignore'
[1.121s] Level 1:colcon.colcon_core.package_identification:_identify(install) ignored
[1.122s] Level 1:colcon.colcon_core.package_identification:_identify(log) by extensions ['ignore', 'ignore_ament_install']
[1.122s] Level 1:colcon.colcon_core.package_identification:_identify(log) by extension 'ignore'
[1.122s] Level 1:colcon.colcon_core.package_identification:_identify(log) ignored
[1.123s] Level 1:colcon.colcon_core.package_identification:_identify(src) by extensions ['ignore', 'ignore_ament_install']
[1.124s] Level 1:colcon.colcon_core.package_identification:_identify(src) by extension 'ignore'
[1.124s] Level 1:colcon.colcon_core.package_identification:_identify(src) by extension 'ignore_ament_install'
[1.124s] Level 1:colcon.colcon_core.package_identification:_identify(src) by extensions ['colcon_pkg']
[1.125s] Level 1:colcon.colcon_core.package_identification:_identify(src) by extension 'colcon_pkg'
[1.125s] Level 1:colcon.colcon_core.package_identification:_identify(src) by extensions ['colcon_meta']
[1.125s] Level 1:colcon.colcon_core.package_identification:_identify(src) by extension 'colcon_meta'
[1.126s] Level 1:colcon.colcon_core.package_identification:_identify(src) by extensions ['ros']
[1.126s] Level 1:colcon.colcon_core.package_identification:_identify(src) by extension 'ros'
[1.126s] Level 1:colcon.colcon_core.package_identification:_identify(src) by extensions ['cmake', 'python']
[1.127s] Level 1:colcon.colcon_core.package_identification:_identify(src) by extension 'cmake'
[1.127s] Level 1:colcon.colcon_core.package_identification:_identify(src) by extension 'python'
[1.127s] Level 1:colcon.colcon_core.package_identification:_identify(src) by extensions ['python_setup_py']
[1.128s] Level 1:colcon.colcon_core.package_identification:_identify(src) by extension 'python_setup_py'
[1.128s] Level 1:colcon.colcon_core.package_identification:_identify(src/XRF2) by extensions ['ignore', 'ignore_ament_install']
[1.129s] Level 1:colcon.colcon_core.package_identification:_identify(src/XRF2) by extension 'ignore'
[1.129s] Level 1:colcon.colcon_core.package_identification:_identify(src/XRF2) by extension 'ignore_ament_install'
[1.130s] Level 1:colcon.colcon_core.package_identification:_identify(src/XRF2) by extensions ['colcon_pkg']
[1.130s] Level 1:colcon.colcon_core.package_identification:_identify(src/XRF2) by extension 'colcon_pkg'
[1.131s] Level 1:colcon.colcon_core.package_identification:_identify(src/XRF2) by extensions ['colcon_meta']
[1.131s] Level 1:colcon.colcon_core.package_identification:_identify(src/XRF2) by extension 'colcon_meta'
[1.132s] Level 1:colcon.colcon_core.package_identification:_identify(src/XRF2) by extensions ['ros']
[1.132s] Level 1:colcon.colcon_core.package_identification:_identify(src/XRF2) by extension 'ros'
[1.133s] Level 1:colcon.colcon_core.package_identification:_identify(src/XRF2) by extensions ['cmake', 'python']
[1.133s] Level 1:colcon.colcon_core.package_identification:_identify(src/XRF2) by extension 'cmake'
[1.133s] Level 1:colcon.colcon_core.package_identification:_identify(src/XRF2) by extension 'python'
[1.134s] Level 1:colcon.colcon_core.package_identification:_identify(src/XRF2) by extensions ['python_setup_py']
[1.134s] Level 1:colcon.colcon_core.package_identification:_identify(src/XRF2) by extension 'python_setup_py'
[1.135s] Level 1:colcon.colcon_core.package_identification:_identify(src/XRF2/Template) by extensions ['ignore', 'ignore_ament_install']
[1.135s] Level 1:colcon.colcon_core.package_identification:_identify(src/XRF2/Template) by extension 'ignore'
[1.135s] Level 1:colcon.colcon_core.package_identification:_identify(src/XRF2/Template) ignored
[1.136s] Level 1:colcon.colcon_core.package_identification:_identify(src/XRF2/XenoRosFramework) by extensions ['ignore', 'ignore_ament_install']
[1.136s] Level 1:colcon.colcon_core.package_identification:_identify(src/XRF2/XenoRosFramework) by extension 'ignore'
[1.137s] Level 1:colcon.colcon_core.package_identification:_identify(src/XRF2/XenoRosFramework) by extension 'ignore_ament_install'
[1.137s] Level 1:colcon.colcon_core.package_identification:_identify(src/XRF2/XenoRosFramework) by extensions ['colcon_pkg']
[1.138s] Level 1:colcon.colcon_core.package_identification:_identify(src/XRF2/XenoRosFramework) by extension 'colcon_pkg'
[1.138s] Level 1:colcon.colcon_core.package_identification:_identify(src/XRF2/XenoRosFramework) by extensions ['colcon_meta']
[1.138s] Level 1:colcon.colcon_core.package_identification:_identify(src/XRF2/XenoRosFramework) by extension 'colcon_meta'
[1.139s] Level 1:colcon.colcon_core.package_identification:_identify(src/XRF2/XenoRosFramework) by extensions ['ros']
[1.139s] Level 1:colcon.colcon_core.package_identification:_identify(src/XRF2/XenoRosFramework) by extension 'ros'
[1.139s] Level 1:colcon.colcon_core.package_identification:_identify(src/XRF2/XenoRosFramework) by extensions ['cmake', 'python']
[1.140s] Level 1:colcon.colcon_core.package_identification:_identify(src/XRF2/XenoRosFramework) by extension 'cmake'
[1.140s] Level 1:colcon.colcon_core.package_identification:_identify(src/XRF2/XenoRosFramework) by extension 'python'
[1.140s] Level 1:colcon.colcon_core.package_identification:_identify(src/XRF2/XenoRosFramework) by extensions ['python_setup_py']
[1.141s] Level 1:colcon.colcon_core.package_identification:_identify(src/XRF2/XenoRosFramework) by extension 'python_setup_py'
[1.142s] Level 1:colcon.colcon_core.package_identification:_identify(src/XRF2/XenoRosFramework/Common) by extensions ['ignore', 'ignore_ament_install']
[1.143s] Level 1:colcon.colcon_core.package_identification:_identify(src/XRF2/XenoRosFramework/Common) by extension 'ignore'
[1.143s] Level 1:colcon.colcon_core.package_identification:_identify(src/XRF2/XenoRosFramework/Common) by extension 'ignore_ament_install'
[1.144s] Level 1:colcon.colcon_core.package_identification:_identify(src/XRF2/XenoRosFramework/Common) by extensions ['colcon_pkg']
[1.144s] Level 1:colcon.colcon_core.package_identification:_identify(src/XRF2/XenoRosFramework/Common) by extension 'colcon_pkg'
[1.145s] Level 1:colcon.colcon_core.package_identification:_identify(src/XRF2/XenoRosFramework/Common) by extensions ['colcon_meta']
[1.145s] Level 1:colcon.colcon_core.package_identification:_identify(src/XRF2/XenoRosFramework/Common) by extension 'colcon_meta'
[1.145s] Level 1:colcon.colcon_core.package_identification:_identify(src/XRF2/XenoRosFramework/Common) by extensions ['ros']
[1.146s] Level 1:colcon.colcon_core.package_identification:_identify(src/XRF2/XenoRosFramework/Common) by extension 'ros'
[1.146s] Level 1:colcon.colcon_core.package_identification:_identify(src/XRF2/XenoRosFramework/Common) by extensions ['cmake', 'python']
[1.147s] Level 1:colcon.colcon_core.package_identification:_identify(src/XRF2/XenoRosFramework/Common) by extension 'cmake'
[1.147s] Level 1:colcon.colcon_core.package_identification:_identify(src/XRF2/XenoRosFramework/Common) by extension 'python'
[1.147s] Level 1:colcon.colcon_core.package_identification:_identify(src/XRF2/XenoRosFramework/Common) by extensions ['python_setup_py']
[1.148s] Level 1:colcon.colcon_core.package_identification:_identify(src/XRF2/XenoRosFramework/Common) by extension 'python_setup_py'
[1.148s] Level 1:colcon.colcon_core.package_identification:_identify(src/XRF2/XenoRosFramework/Common/XRF2_msgs) by extensions ['ignore', 'ignore_ament_install']
[1.149s] Level 1:colcon.colcon_core.package_identification:_identify(src/XRF2/XenoRosFramework/Common/XRF2_msgs) by extension 'ignore'
[1.149s] Level 1:colcon.colcon_core.package_identification:_identify(src/XRF2/XenoRosFramework/Common/XRF2_msgs) by extension 'ignore_ament_install'
[1.150s] Level 1:colcon.colcon_core.package_identification:_identify(src/XRF2/XenoRosFramework/Common/XRF2_msgs) by extensions ['colcon_pkg']
[1.150s] Level 1:colcon.colcon_core.package_identification:_identify(src/XRF2/XenoRosFramework/Common/XRF2_msgs) by extension 'colcon_pkg'
[1.150s] Level 1:colcon.colcon_core.package_identification:_identify(src/XRF2/XenoRosFramework/Common/XRF2_msgs) by extensions ['colcon_meta']
[1.151s] Level 1:colcon.colcon_core.package_identification:_identify(src/XRF2/XenoRosFramework/Common/XRF2_msgs) by extension 'colcon_meta'
[1.151s] Level 1:colcon.colcon_core.package_identification:_identify(src/XRF2/XenoRosFramework/Common/XRF2_msgs) by extensions ['ros']
[1.151s] Level 1:colcon.colcon_core.package_identification:_identify(src/XRF2/XenoRosFramework/Common/XRF2_msgs) by extension 'ros'
[1.160s] DEBUG:colcon.colcon_core.package_identification:Package 'src/XRF2/XenoRosFramework/Common/XRF2_msgs' with type 'ros.ament_cmake' and name 'xrf2_msgs'
[1.161s] Level 1:colcon.colcon_core.package_identification:_identify(src/XRF2/XenoRosFramework/Common/XenoFrtLogger_decoder) by extensions ['ignore', 'ignore_ament_install']
[1.161s] Level 1:colcon.colcon_core.package_identification:_identify(src/XRF2/XenoRosFramework/Common/XenoFrtLogger_decoder) by extension 'ignore'
[1.161s] Level 1:colcon.colcon_core.package_identification:_identify(src/XRF2/XenoRosFramework/Common/XenoFrtLogger_decoder) by extension 'ignore_ament_install'
[1.162s] Level 1:colcon.colcon_core.package_identification:_identify(src/XRF2/XenoRosFramework/Common/XenoFrtLogger_decoder) by extensions ['colcon_pkg']
[1.162s] Level 1:colcon.colcon_core.package_identification:_identify(src/XRF2/XenoRosFramework/Common/XenoFrtLogger_decoder) by extension 'colcon_pkg'
[1.162s] Level 1:colcon.colcon_core.package_identification:_identify(src/XRF2/XenoRosFramework/Common/XenoFrtLogger_decoder) by extensions ['colcon_meta']
[1.163s] Level 1:colcon.colcon_core.package_identification:_identify(src/XRF2/XenoRosFramework/Common/XenoFrtLogger_decoder) by extension 'colcon_meta'
[1.163s] Level 1:colcon.colcon_core.package_identification:_identify(src/XRF2/XenoRosFramework/Common/XenoFrtLogger_decoder) by extensions ['ros']
[1.163s] Level 1:colcon.colcon_core.package_identification:_identify(src/XRF2/XenoRosFramework/Common/XenoFrtLogger_decoder) by extension 'ros'
[1.164s] Level 1:colcon.colcon_core.package_identification:_identify(src/XRF2/XenoRosFramework/Common/XenoFrtLogger_decoder) by extensions ['cmake', 'python']
[1.164s] Level 1:colcon.colcon_core.package_identification:_identify(src/XRF2/XenoRosFramework/Common/XenoFrtLogger_decoder) by extension 'cmake'
[1.165s] Level 1:colcon.colcon_core.package_identification:_identify(src/XRF2/XenoRosFramework/Common/XenoFrtLogger_decoder) by extension 'python'
[1.165s] Level 1:colcon.colcon_core.package_identification:_identify(src/XRF2/XenoRosFramework/Common/XenoFrtLogger_decoder) by extensions ['python_setup_py']
[1.165s] Level 1:colcon.colcon_core.package_identification:_identify(src/XRF2/XenoRosFramework/Common/XenoFrtLogger_decoder) by extension 'python_setup_py'
[1.166s] Level 1:colcon.colcon_core.package_identification:_identify(src/XRF2/XenoRosFramework/Common/include) by extensions ['ignore', 'ignore_ament_install']
[1.167s] Level 1:colcon.colcon_core.package_identification:_identify(src/XRF2/XenoRosFramework/Common/include) by extension 'ignore'
[1.167s] Level 1:colcon.colcon_core.package_identification:_identify(src/XRF2/XenoRosFramework/Common/include) by extension 'ignore_ament_install'
[1.168s] Level 1:colcon.colcon_core.package_identification:_identify(src/XRF2/XenoRosFramework/Common/include) by extensions ['colcon_pkg']
[1.168s] Level 1:colcon.colcon_core.package_identification:_identify(src/XRF2/XenoRosFramework/Common/include) by extension 'colcon_pkg'
[1.169s] Level 1:colcon.colcon_core.package_identification:_identify(src/XRF2/XenoRosFramework/Common/include) by extensions ['colcon_meta']
[1.169s] Level 1:colcon.colcon_core.package_identification:_identify(src/XRF2/XenoRosFramework/Common/include) by extension 'colcon_meta'
[1.169s] Level 1:colcon.colcon_core.package_identification:_identify(src/XRF2/XenoRosFramework/Common/include) by extensions ['ros']
[1.170s] Level 1:colcon.colcon_core.package_identification:_identify(src/XRF2/XenoRosFramework/Common/include) by extension 'ros'
[1.170s] Level 1:colcon.colcon_core.package_identification:_identify(src/XRF2/XenoRosFramework/Common/include) by extensions ['cmake', 'python']
[1.171s] Level 1:colcon.colcon_core.package_identification:_identify(src/XRF2/XenoRosFramework/Common/include) by extension 'cmake'
[1.171s] Level 1:colcon.colcon_core.package_identification:_identify(src/XRF2/XenoRosFramework/Common/include) by extension 'python'
[1.171s] Level 1:colcon.colcon_core.package_identification:_identify(src/XRF2/XenoRosFramework/Common/include) by extensions ['python_setup_py']
[1.172s] Level 1:colcon.colcon_core.package_identification:_identify(src/XRF2/XenoRosFramework/Common/include) by extension 'python_setup_py'
[1.172s] Level 1:colcon.colcon_core.package_identification:_identify(src/XRF2/XenoRosFramework/Common/python_script) by extensions ['ignore', 'ignore_ament_install']
[1.173s] Level 1:colcon.colcon_core.package_identification:_identify(src/XRF2/XenoRosFramework/Common/python_script) by extension 'ignore'
[1.173s] Level 1:colcon.colcon_core.package_identification:_identify(src/XRF2/XenoRosFramework/Common/python_script) by extension 'ignore_ament_install'
[1.173s] Level 1:colcon.colcon_core.package_identification:_identify(src/XRF2/XenoRosFramework/Common/python_script) by extensions ['colcon_pkg']
[1.174s] Level 1:colcon.colcon_core.package_identification:_identify(src/XRF2/XenoRosFramework/Common/python_script) by extension 'colcon_pkg'
[1.174s] Level 1:colcon.colcon_core.package_identification:_identify(src/XRF2/XenoRosFramework/Common/python_script) by extensions ['colcon_meta']
[1.174s] Level 1:colcon.colcon_core.package_identification:_identify(src/XRF2/XenoRosFramework/Common/python_script) by extension 'colcon_meta'
[1.175s] Level 1:colcon.colcon_core.package_identification:_identify(src/XRF2/XenoRosFramework/Common/python_script) by extensions ['ros']
[1.175s] Level 1:colcon.colcon_core.package_identification:_identify(src/XRF2/XenoRosFramework/Common/python_script) by extension 'ros'
[1.176s] Level 1:colcon.colcon_core.package_identification:_identify(src/XRF2/XenoRosFramework/Common/python_script) by extensions ['cmake', 'python']
[1.176s] Level 1:colcon.colcon_core.package_identification:_identify(src/XRF2/XenoRosFramework/Common/python_script) by extension 'cmake'
[1.176s] Level 1:colcon.colcon_core.package_identification:_identify(src/XRF2/XenoRosFramework/Common/python_script) by extension 'python'
[1.177s] Level 1:colcon.colcon_core.package_identification:_identify(src/XRF2/XenoRosFramework/Common/python_script) by extensions ['python_setup_py']
[1.177s] Level 1:colcon.colcon_core.package_identification:_identify(src/XRF2/XenoRosFramework/Common/python_script) by extension 'python_setup_py'
[1.178s] Level 1:colcon.colcon_core.package_identification:_identify(src/XRF2/XenoRosFramework/Common/xbuf_dev_rule) by extensions ['ignore', 'ignore_ament_install']
[1.179s] Level 1:colcon.colcon_core.package_identification:_identify(src/XRF2/XenoRosFramework/Common/xbuf_dev_rule) by extension 'ignore'
[1.179s] Level 1:colcon.colcon_core.package_identification:_identify(src/XRF2/XenoRosFramework/Common/xbuf_dev_rule) by extension 'ignore_ament_install'
[1.180s] Level 1:colcon.colcon_core.package_identification:_identify(src/XRF2/XenoRosFramework/Common/xbuf_dev_rule) by extensions ['colcon_pkg']
[1.180s] Level 1:colcon.colcon_core.package_identification:_identify(src/XRF2/XenoRosFramework/Common/xbuf_dev_rule) by extension 'colcon_pkg'
[1.180s] Level 1:colcon.colcon_core.package_identification:_identify(src/XRF2/XenoRosFramework/Common/xbuf_dev_rule) by extensions ['colcon_meta']
[1.181s] Level 1:colcon.colcon_core.package_identification:_identify(src/XRF2/XenoRosFramework/Common/xbuf_dev_rule) by extension 'colcon_meta'
[1.181s] Level 1:colcon.colcon_core.package_identification:_identify(src/XRF2/XenoRosFramework/Common/xbuf_dev_rule) by extensions ['ros']
[1.181s] Level 1:colcon.colcon_core.package_identification:_identify(src/XRF2/XenoRosFramework/Common/xbuf_dev_rule) by extension 'ros'
[1.182s] Level 1:colcon.colcon_core.package_identification:_identify(src/XRF2/XenoRosFramework/Common/xbuf_dev_rule) by extensions ['cmake', 'python']
[1.182s] Level 1:colcon.colcon_core.package_identification:_identify(src/XRF2/XenoRosFramework/Common/xbuf_dev_rule) by extension 'cmake'
[1.183s] Level 1:colcon.colcon_core.package_identification:_identify(src/XRF2/XenoRosFramework/Common/xbuf_dev_rule) by extension 'python'
[1.183s] Level 1:colcon.colcon_core.package_identification:_identify(src/XRF2/XenoRosFramework/Common/xbuf_dev_rule) by extensions ['python_setup_py']
[1.183s] Level 1:colcon.colcon_core.package_identification:_identify(src/XRF2/XenoRosFramework/Common/xbuf_dev_rule) by extension 'python_setup_py'
[1.184s] Level 1:colcon.colcon_core.package_identification:_identify(src/XRF2/XenoRosFramework/Ros) by extensions ['ignore', 'ignore_ament_install']
[1.184s] Level 1:colcon.colcon_core.package_identification:_identify(src/XRF2/XenoRosFramework/Ros) by extension 'ignore'
[1.185s] Level 1:colcon.colcon_core.package_identification:_identify(src/XRF2/XenoRosFramework/Ros) by extension 'ignore_ament_install'
[1.185s] Level 1:colcon.colcon_core.package_identification:_identify(src/XRF2/XenoRosFramework/Ros) by extensions ['colcon_pkg']
[1.185s] Level 1:colcon.colcon_core.package_identification:_identify(src/XRF2/XenoRosFramework/Ros) by extension 'colcon_pkg'
[1.186s] Level 1:colcon.colcon_core.package_identification:_identify(src/XRF2/XenoRosFramework/Ros) by extensions ['colcon_meta']
[1.186s] Level 1:colcon.colcon_core.package_identification:_identify(src/XRF2/XenoRosFramework/Ros) by extension 'colcon_meta'
[1.186s] Level 1:colcon.colcon_core.package_identification:_identify(src/XRF2/XenoRosFramework/Ros) by extensions ['ros']
[1.187s] Level 1:colcon.colcon_core.package_identification:_identify(src/XRF2/XenoRosFramework/Ros) by extension 'ros'
[1.187s] Level 1:colcon.colcon_core.package_identification:_identify(src/XRF2/XenoRosFramework/Ros) by extensions ['cmake', 'python']
[1.188s] Level 1:colcon.colcon_core.package_identification:_identify(src/XRF2/XenoRosFramework/Ros) by extension 'cmake'
[1.188s] Level 1:colcon.colcon_core.package_identification:_identify(src/XRF2/XenoRosFramework/Ros) by extension 'python'
[1.188s] Level 1:colcon.colcon_core.package_identification:_identify(src/XRF2/XenoRosFramework/Ros) by extensions ['python_setup_py']
[1.188s] Level 1:colcon.colcon_core.package_identification:_identify(src/XRF2/XenoRosFramework/Ros) by extension 'python_setup_py'
[1.189s] Level 1:colcon.colcon_core.package_identification:_identify(src/XRF2/XenoRosFramework/Ros/ros_xeno_bridge) by extensions ['ignore', 'ignore_ament_install']
[1.190s] Level 1:colcon.colcon_core.package_identification:_identify(src/XRF2/XenoRosFramework/Ros/ros_xeno_bridge) by extension 'ignore'
[1.190s] Level 1:colcon.colcon_core.package_identification:_identify(src/XRF2/XenoRosFramework/Ros/ros_xeno_bridge) by extension 'ignore_ament_install'
[1.190s] Level 1:colcon.colcon_core.package_identification:_identify(src/XRF2/XenoRosFramework/Ros/ros_xeno_bridge) by extensions ['colcon_pkg']
[1.190s] Level 1:colcon.colcon_core.package_identification:_identify(src/XRF2/XenoRosFramework/Ros/ros_xeno_bridge) by extension 'colcon_pkg'
[1.191s] Level 1:colcon.colcon_core.package_identification:_identify(src/XRF2/XenoRosFramework/Ros/ros_xeno_bridge) by extensions ['colcon_meta']
[1.191s] Level 1:colcon.colcon_core.package_identification:_identify(src/XRF2/XenoRosFramework/Ros/ros_xeno_bridge) by extension 'colcon_meta'
[1.192s] Level 1:colcon.colcon_core.package_identification:_identify(src/XRF2/XenoRosFramework/Ros/ros_xeno_bridge) by extensions ['ros']
[1.192s] Level 1:colcon.colcon_core.package_identification:_identify(src/XRF2/XenoRosFramework/Ros/ros_xeno_bridge) by extension 'ros'
[1.195s] DEBUG:colcon.colcon_core.package_identification:Package 'src/XRF2/XenoRosFramework/Ros/ros_xeno_bridge' with type 'ros.ament_cmake' and name 'ros_xeno_bridge'
[1.196s] Level 1:colcon.colcon_core.package_identification:_identify(src/XRF2/XenoRosFramework/Unit-Tests) by extensions ['ignore', 'ignore_ament_install']
[1.197s] Level 1:colcon.colcon_core.package_identification:_identify(src/XRF2/XenoRosFramework/Unit-Tests) by extension 'ignore'
[1.197s] Level 1:colcon.colcon_core.package_identification:_identify(src/XRF2/XenoRosFramework/Unit-Tests) by extension 'ignore_ament_install'
[1.198s] Level 1:colcon.colcon_core.package_identification:_identify(src/XRF2/XenoRosFramework/Unit-Tests) by extensions ['colcon_pkg']
[1.198s] Level 1:colcon.colcon_core.package_identification:_identify(src/XRF2/XenoRosFramework/Unit-Tests) by extension 'colcon_pkg'
[1.198s] Level 1:colcon.colcon_core.package_identification:_identify(src/XRF2/XenoRosFramework/Unit-Tests) by extensions ['colcon_meta']
[1.198s] Level 1:colcon.colcon_core.package_identification:_identify(src/XRF2/XenoRosFramework/Unit-Tests) by extension 'colcon_meta'
[1.199s] Level 1:colcon.colcon_core.package_identification:_identify(src/XRF2/XenoRosFramework/Unit-Tests) by extensions ['ros']
[1.199s] Level 1:colcon.colcon_core.package_identification:_identify(src/XRF2/XenoRosFramework/Unit-Tests) by extension 'ros'
[1.200s] Level 1:colcon.colcon_core.package_identification:_identify(src/XRF2/XenoRosFramework/Unit-Tests) by extensions ['cmake', 'python']
[1.200s] Level 1:colcon.colcon_core.package_identification:_identify(src/XRF2/XenoRosFramework/Unit-Tests) by extension 'cmake'
[1.200s] Level 1:colcon.colcon_core.package_identification:_identify(src/XRF2/XenoRosFramework/Unit-Tests) by extension 'python'
[1.201s] Level 1:colcon.colcon_core.package_identification:_identify(src/XRF2/XenoRosFramework/Unit-Tests) by extensions ['python_setup_py']
[1.201s] Level 1:colcon.colcon_core.package_identification:_identify(src/XRF2/XenoRosFramework/Unit-Tests) by extension 'python_setup_py'
[1.202s] Level 1:colcon.colcon_core.package_identification:_identify(src/XRF2/XenoRosFramework/Unit-Tests/IcoIo) by extensions ['ignore', 'ignore_ament_install']
[1.202s] Level 1:colcon.colcon_core.package_identification:_identify(src/XRF2/XenoRosFramework/Unit-Tests/IcoIo) by extension 'ignore'
[1.202s] Level 1:colcon.colcon_core.package_identification:_identify(src/XRF2/XenoRosFramework/Unit-Tests/IcoIo) ignored
[1.203s] Level 1:colcon.colcon_core.package_identification:_identify(src/XRF2/XenoRosFramework/Unit-Tests/Logger) by extensions ['ignore', 'ignore_ament_install']
[1.203s] Level 1:colcon.colcon_core.package_identification:_identify(src/XRF2/XenoRosFramework/Unit-Tests/Logger) by extension 'ignore'
[1.204s] Level 1:colcon.colcon_core.package_identification:_identify(src/XRF2/XenoRosFramework/Unit-Tests/Logger) ignored
[1.204s] Level 1:colcon.colcon_core.package_identification:_identify(src/XRF2/XenoRosFramework/Unit-Tests/Monitor) by extensions ['ignore', 'ignore_ament_install']
[1.205s] Level 1:colcon.colcon_core.package_identification:_identify(src/XRF2/XenoRosFramework/Unit-Tests/Monitor) by extension 'ignore'
[1.205s] Level 1:colcon.colcon_core.package_identification:_identify(src/XRF2/XenoRosFramework/Unit-Tests/Monitor) ignored
[1.206s] Level 1:colcon.colcon_core.package_identification:_identify(src/XRF2/XenoRosFramework/Xenomai) by extensions ['ignore', 'ignore_ament_install']
[1.206s] Level 1:colcon.colcon_core.package_identification:_identify(src/XRF2/XenoRosFramework/Xenomai) by extension 'ignore'
[1.207s] Level 1:colcon.colcon_core.package_identification:_identify(src/XRF2/XenoRosFramework/Xenomai) by extension 'ignore_ament_install'
[1.207s] Level 1:colcon.colcon_core.package_identification:_identify(src/XRF2/XenoRosFramework/Xenomai) by extensions ['colcon_pkg']
[1.207s] Level 1:colcon.colcon_core.package_identification:_identify(src/XRF2/XenoRosFramework/Xenomai) by extension 'colcon_pkg'
[1.208s] Level 1:colcon.colcon_core.package_identification:_identify(src/XRF2/XenoRosFramework/Xenomai) by extensions ['colcon_meta']
[1.208s] Level 1:colcon.colcon_core.package_identification:_identify(src/XRF2/XenoRosFramework/Xenomai) by extension 'colcon_meta'
[1.208s] Level 1:colcon.colcon_core.package_identification:_identify(src/XRF2/XenoRosFramework/Xenomai) by extensions ['ros']
[1.209s] Level 1:colcon.colcon_core.package_identification:_identify(src/XRF2/XenoRosFramework/Xenomai) by extension 'ros'
[1.209s] Level 1:colcon.colcon_core.package_identification:_identify(src/XRF2/XenoRosFramework/Xenomai) by extensions ['cmake', 'python']
[1.210s] Level 1:colcon.colcon_core.package_identification:_identify(src/XRF2/XenoRosFramework/Xenomai) by extension 'cmake'
[1.210s] Level 1:colcon.colcon_core.package_identification:_identify(src/XRF2/XenoRosFramework/Xenomai) by extension 'python'
[1.210s] Level 1:colcon.colcon_core.package_identification:_identify(src/XRF2/XenoRosFramework/Xenomai) by extensions ['python_setup_py']
[1.210s] Level 1:colcon.colcon_core.package_identification:_identify(src/XRF2/XenoRosFramework/Xenomai) by extension 'python_setup_py'
[1.211s] Level 1:colcon.colcon_core.package_identification:_identify(src/XRF2/XenoRosFramework/Xenomai/include) by extensions ['ignore', 'ignore_ament_install']
[1.212s] Level 1:colcon.colcon_core.package_identification:_identify(src/XRF2/XenoRosFramework/Xenomai/include) by extension 'ignore'
[1.212s] Level 1:colcon.colcon_core.package_identification:_identify(src/XRF2/XenoRosFramework/Xenomai/include) by extension 'ignore_ament_install'
[1.213s] Level 1:colcon.colcon_core.package_identification:_identify(src/XRF2/XenoRosFramework/Xenomai/include) by extensions ['colcon_pkg']
[1.213s] Level 1:colcon.colcon_core.package_identification:_identify(src/XRF2/XenoRosFramework/Xenomai/include) by extension 'colcon_pkg'
[1.213s] Level 1:colcon.colcon_core.package_identification:_identify(src/XRF2/XenoRosFramework/Xenomai/include) by extensions ['colcon_meta']
[1.213s] Level 1:colcon.colcon_core.package_identification:_identify(src/XRF2/XenoRosFramework/Xenomai/include) by extension 'colcon_meta'
[1.214s] Level 1:colcon.colcon_core.package_identification:_identify(src/XRF2/XenoRosFramework/Xenomai/include) by extensions ['ros']
[1.214s] Level 1:colcon.colcon_core.package_identification:_identify(src/XRF2/XenoRosFramework/Xenomai/include) by extension 'ros'
[1.214s] Level 1:colcon.colcon_core.package_identification:_identify(src/XRF2/XenoRosFramework/Xenomai/include) by extensions ['cmake', 'python']
[1.215s] Level 1:colcon.colcon_core.package_identification:_identify(src/XRF2/XenoRosFramework/Xenomai/include) by extension 'cmake'
[1.215s] Level 1:colcon.colcon_core.package_identification:_identify(src/XRF2/XenoRosFramework/Xenomai/include) by extension 'python'
[1.215s] Level 1:colcon.colcon_core.package_identification:_identify(src/XRF2/XenoRosFramework/Xenomai/include) by extensions ['python_setup_py']
[1.216s] Level 1:colcon.colcon_core.package_identification:_identify(src/XRF2/XenoRosFramework/Xenomai/include) by extension 'python_setup_py'
[1.216s] Level 1:colcon.colcon_core.package_identification:_identify(src/XRF2/XenoRosFramework/Xenomai/src) by extensions ['ignore', 'ignore_ament_install']
[1.217s] Level 1:colcon.colcon_core.package_identification:_identify(src/XRF2/XenoRosFramework/Xenomai/src) by extension 'ignore'
[1.217s] Level 1:colcon.colcon_core.package_identification:_identify(src/XRF2/XenoRosFramework/Xenomai/src) by extension 'ignore_ament_install'
[1.218s] Level 1:colcon.colcon_core.package_identification:_identify(src/XRF2/XenoRosFramework/Xenomai/src) by extensions ['colcon_pkg']
[1.218s] Level 1:colcon.colcon_core.package_identification:_identify(src/XRF2/XenoRosFramework/Xenomai/src) by extension 'colcon_pkg'
[1.218s] Level 1:colcon.colcon_core.package_identification:_identify(src/XRF2/XenoRosFramework/Xenomai/src) by extensions ['colcon_meta']
[1.218s] Level 1:colcon.colcon_core.package_identification:_identify(src/XRF2/XenoRosFramework/Xenomai/src) by extension 'colcon_meta'
[1.219s] Level 1:colcon.colcon_core.package_identification:_identify(src/XRF2/XenoRosFramework/Xenomai/src) by extensions ['ros']
[1.219s] Level 1:colcon.colcon_core.package_identification:_identify(src/XRF2/XenoRosFramework/Xenomai/src) by extension 'ros'
[1.220s] Level 1:colcon.colcon_core.package_identification:_identify(src/XRF2/XenoRosFramework/Xenomai/src) by extensions ['cmake', 'python']
[1.220s] Level 1:colcon.colcon_core.package_identification:_identify(src/XRF2/XenoRosFramework/Xenomai/src) by extension 'cmake'
[1.221s] Level 1:colcon.colcon_core.package_identification:_identify(src/XRF2/XenoRosFramework/Xenomai/src) by extension 'python'
[1.221s] Level 1:colcon.colcon_core.package_identification:_identify(src/XRF2/XenoRosFramework/Xenomai/src) by extensions ['python_setup_py']
[1.221s] Level 1:colcon.colcon_core.package_identification:_identify(src/XRF2/XenoRosFramework/Xenomai/src) by extension 'python_setup_py'
[1.222s] Level 1:colcon.colcon_core.package_identification:_identify(src/ball_tracker) by extensions ['ignore', 'ignore_ament_install']
[1.222s] Level 1:colcon.colcon_core.package_identification:_identify(src/ball_tracker) by extension 'ignore'
[1.223s] Level 1:colcon.colcon_core.package_identification:_identify(src/ball_tracker) by extension 'ignore_ament_install'
[1.223s] Level 1:colcon.colcon_core.package_identification:_identify(src/ball_tracker) by extensions ['colcon_pkg']
[1.223s] Level 1:colcon.colcon_core.package_identification:_identify(src/ball_tracker) by extension 'colcon_pkg'
[1.224s] Level 1:colcon.colcon_core.package_identification:_identify(src/ball_tracker) by extensions ['colcon_meta']
[1.224s] Level 1:colcon.colcon_core.package_identification:_identify(src/ball_tracker) by extension 'colcon_meta'
[1.224s] Level 1:colcon.colcon_core.package_identification:_identify(src/ball_tracker) by extensions ['ros']
[1.225s] Level 1:colcon.colcon_core.package_identification:_identify(src/ball_tracker) by extension 'ros'
[1.227s] DEBUG:colcon.colcon_core.package_identification:Package 'src/ball_tracker' with type 'ros.ament_cmake' and name 'ball_tracker'
[1.228s] Level 1:colcon.colcon_core.package_identification:_identify(src/cam2image_vm2ros) by extensions ['ignore', 'ignore_ament_install']
[1.229s] Level 1:colcon.colcon_core.package_identification:_identify(src/cam2image_vm2ros) by extension 'ignore'
[1.229s] Level 1:colcon.colcon_core.package_identification:_identify(src/cam2image_vm2ros) by extension 'ignore_ament_install'
[1.230s] Level 1:colcon.colcon_core.package_identification:_identify(src/cam2image_vm2ros) by extensions ['colcon_pkg']
[1.230s] Level 1:colcon.colcon_core.package_identification:_identify(src/cam2image_vm2ros) by extension 'colcon_pkg'
[1.231s] Level 1:colcon.colcon_core.package_identification:_identify(src/cam2image_vm2ros) by extensions ['colcon_meta']
[1.231s] Level 1:colcon.colcon_core.package_identification:_identify(src/cam2image_vm2ros) by extension 'colcon_meta'
[1.231s] Level 1:colcon.colcon_core.package_identification:_identify(src/cam2image_vm2ros) by extensions ['ros']
[1.232s] Level 1:colcon.colcon_core.package_identification:_identify(src/cam2image_vm2ros) by extension 'ros'
[1.235s] DEBUG:colcon.colcon_core.package_identification:Package 'src/cam2image_vm2ros' with type 'ros.ament_cmake' and name 'cam2image_vm2ros'
[1.236s] Level 1:colcon.colcon_core.package_identification:_identify(src/relbot_simulator) by extensions ['ignore', 'ignore_ament_install']
[1.236s] Level 1:colcon.colcon_core.package_identification:_identify(src/relbot_simulator) by extension 'ignore'
[1.237s] Level 1:colcon.colcon_core.package_identification:_identify(src/relbot_simulator) by extension 'ignore_ament_install'
[1.237s] Level 1:colcon.colcon_core.package_identification:_identify(src/relbot_simulator) by extensions ['colcon_pkg']
[1.238s] Level 1:colcon.colcon_core.package_identification:_identify(src/relbot_simulator) by extension 'colcon_pkg'
[1.238s] Level 1:colcon.colcon_core.package_identification:_identify(src/relbot_simulator) by extensions ['colcon_meta']
[1.239s] Level 1:colcon.colcon_core.package_identification:_identify(src/relbot_simulator) by extension 'colcon_meta'
[1.239s] Level 1:colcon.colcon_core.package_identification:_identify(src/relbot_simulator) by extensions ['ros']
[1.239s] Level 1:colcon.colcon_core.package_identification:_identify(src/relbot_simulator) by extension 'ros'
[1.243s] DEBUG:colcon.colcon_core.package_identification:Package 'src/relbot_simulator' with type 'ros.ament_cmake' and name 'relbot_simulator'
[1.244s] Level 1:colcon.colcon_core.package_identification:_identify(src/sequence_controller) by extensions ['ignore', 'ignore_ament_install']
[1.245s] Level 1:colcon.colcon_core.package_identification:_identify(src/sequence_controller) by extension 'ignore'
[1.245s] Level 1:colcon.colcon_core.package_identification:_identify(src/sequence_controller) by extension 'ignore_ament_install'
[1.246s] Level 1:colcon.colcon_core.package_identification:_identify(src/sequence_controller) by extensions ['colcon_pkg']
[1.246s] Level 1:colcon.colcon_core.package_identification:_identify(src/sequence_controller) by extension 'colcon_pkg'
[1.247s] Level 1:colcon.colcon_core.package_identification:_identify(src/sequence_controller) by extensions ['colcon_meta']
[1.247s] Level 1:colcon.colcon_core.package_identification:_identify(src/sequence_controller) by extension 'colcon_meta'
[1.247s] Level 1:colcon.colcon_core.package_identification:_identify(src/sequence_controller) by extensions ['ros']
[1.248s] Level 1:colcon.colcon_core.package_identification:_identify(src/sequence_controller) by extension 'ros'
[1.251s] DEBUG:colcon.colcon_core.package_identification:Package 'src/sequence_controller' with type 'ros.ament_cmake' and name 'sequence_controller'
[1.252s] Level 1:colcon.colcon_core.package_identification:_identify(src/xeno_loop) by extensions ['ignore', 'ignore_ament_install']
[1.252s] Level 1:colcon.colcon_core.package_identification:_identify(src/xeno_loop) by extension 'ignore'
[1.253s] Level 1:colcon.colcon_core.package_identification:_identify(src/xeno_loop) by extension 'ignore_ament_install'
[1.253s] Level 1:colcon.colcon_core.package_identification:_identify(src/xeno_loop) by extensions ['colcon_pkg']
[1.253s] Level 1:colcon.colcon_core.package_identification:_identify(src/xeno_loop) by extension 'colcon_pkg'
[1.254s] Level 1:colcon.colcon_core.package_identification:_identify(src/xeno_loop) by extensions ['colcon_meta']
[1.254s] Level 1:colcon.colcon_core.package_identification:_identify(src/xeno_loop) by extension 'colcon_meta'
[1.254s] Level 1:colcon.colcon_core.package_identification:_identify(src/xeno_loop) by extensions ['ros']
[1.255s] Level 1:colcon.colcon_core.package_identification:_identify(src/xeno_loop) by extension 'ros'
[1.255s] Level 1:colcon.colcon_core.package_identification:_identify(src/xeno_loop) by extensions ['cmake', 'python']
[1.255s] Level 1:colcon.colcon_core.package_identification:_identify(src/xeno_loop) by extension 'cmake'
[1.261s] Level 1:colcon.colcon_core.package_identification:_identify(src/xeno_loop) by extension 'python'
[1.262s] DEBUG:colcon.colcon_core.package_identification:Package 'src/xeno_loop' with type 'cmake' and name 'xeno_loop'
[1.263s] Level 1:colcon.colcon_core.package_identification:_identify(xrf2_logging) by extensions ['ignore', 'ignore_ament_install']
[1.264s] Level 1:colcon.colcon_core.package_identification:_identify(xrf2_logging) by extension 'ignore'
[1.264s] Level 1:colcon.colcon_core.package_identification:_identify(xrf2_logging) by extension 'ignore_ament_install'
[1.265s] Level 1:colcon.colcon_core.package_identification:_identify(xrf2_logging) by extensions ['colcon_pkg']
[1.265s] Level 1:colcon.colcon_core.package_identification:_identify(xrf2_logging) by extension 'colcon_pkg'
[1.265s] Level 1:colcon.colcon_core.package_identification:_identify(xrf2_logging) by extensions ['colcon_meta']
[1.266s] Level 1:colcon.colcon_core.package_identification:_identify(xrf2_logging) by extension 'colcon_meta'
[1.266s] Level 1:colcon.colcon_core.package_identification:_identify(xrf2_logging) by extensions ['ros']
[1.266s] Level 1:colcon.colcon_core.package_identification:_identify(xrf2_logging) by extension 'ros'
[1.267s] Level 1:colcon.colcon_core.package_identification:_identify(xrf2_logging) by extensions ['cmake', 'python']
[1.267s] Level 1:colcon.colcon_core.package_identification:_identify(xrf2_logging) by extension 'cmake'
[1.267s] Level 1:colcon.colcon_core.package_identification:_identify(xrf2_logging) by extension 'python'
[1.268s] Level 1:colcon.colcon_core.package_identification:_identify(xrf2_logging) by extensions ['python_setup_py']
[1.268s] Level 1:colcon.colcon_core.package_identification:_identify(xrf2_logging) by extension 'python_setup_py'
[1.269s] Level 1:colcon.colcon_core.package_discovery:discover_packages(recursive) using defaults
[1.269s] Level 1:colcon.colcon_core.package_discovery:discover_packages(ignore) discover
[1.269s] Level 1:colcon.colcon_core.package_discovery:discover_packages(ignore) using defaults
[1.269s] Level 1:colcon.colcon_core.package_discovery:discover_packages(path) discover
[1.270s] Level 1:colcon.colcon_core.package_discovery:discover_packages(path) using defaults
[1.379s] Level 1:colcon.colcon_core.package_discovery:discover_packages(prefix_path) check parameters
[1.379s] Level 1:colcon.colcon_core.package_discovery:discover_packages(prefix_path) discover
[1.386s] DEBUG:colcon.colcon_installed_package_information.package_discovery:Found 7 installed packages in /home/asdfr-30/ASDfR_3/install
[1.391s] DEBUG:colcon.colcon_installed_package_information.package_discovery:Found 271 installed packages in /opt/ros/humble
[1.397s] Level 1:colcon.colcon_core.package_discovery:discover_packages(prefix_path) using defaults
[1.537s] Level 5:colcon.colcon_core.verb:set package 'ball_tracker' build argument 'cmake_args' from command line to 'None'
[1.537s] Level 5:colcon.colcon_core.verb:set package 'ball_tracker' build argument 'cmake_target' from command line to 'None'
[1.538s] Level 5:colcon.colcon_core.verb:set package 'ball_tracker' build argument 'cmake_target_skip_unavailable' from command line to 'False'
[1.538s] Level 5:colcon.colcon_core.verb:set package 'ball_tracker' build argument 'cmake_clean_cache' from command line to 'False'
[1.538s] Level 5:colcon.colcon_core.verb:set package 'ball_tracker' build argument 'cmake_clean_first' from command line to 'False'
[1.538s] Level 5:colcon.colcon_core.verb:set package 'ball_tracker' build argument 'cmake_force_configure' from command line to 'False'
[1.539s] Level 5:colcon.colcon_core.verb:set package 'ball_tracker' build argument 'ament_cmake_args' from command line to 'None'
[1.539s] Level 5:colcon.colcon_core.verb:set package 'ball_tracker' build argument 'catkin_cmake_args' from command line to 'None'
[1.539s] Level 5:colcon.colcon_core.verb:set package 'ball_tracker' build argument 'catkin_skip_building_tests' from command line to 'False'
[1.540s] DEBUG:colcon.colcon_core.verb:Building package 'ball_tracker' with the following arguments: {'ament_cmake_args': None, 'build_base': '/home/asdfr-30/ASDfR_3/build/ball_tracker', 'catkin_cmake_args': None, 'catkin_skip_building_tests': False, 'cmake_args': None, 'cmake_clean_cache': False, 'cmake_clean_first': False, 'cmake_force_configure': False, 'cmake_target': None, 'cmake_target_skip_unavailable': False, 'install_base': '/home/asdfr-30/ASDfR_3/install/ball_tracker', 'merge_install': False, 'path': '/home/asdfr-30/ASDfR_3/src/ball_tracker', 'symlink_install': False, 'test_result_base': None}
[1.541s] Level 5:colcon.colcon_core.verb:set package 'cam2image_vm2ros' build argument 'cmake_args' from command line to 'None'
[1.542s] Level 5:colcon.colcon_core.verb:set package 'cam2image_vm2ros' build argument 'cmake_target' from command line to 'None'
[1.542s] Level 5:colcon.colcon_core.verb:set package 'cam2image_vm2ros' build argument 'cmake_target_skip_unavailable' from command line to 'False'
[1.542s] Level 5:colcon.colcon_core.verb:set package 'cam2image_vm2ros' build argument 'cmake_clean_cache' from command line to 'False'
[1.542s] Level 5:colcon.colcon_core.verb:set package 'cam2image_vm2ros' build argument 'cmake_clean_first' from command line to 'False'
[1.543s] Level 5:colcon.colcon_core.verb:set package 'cam2image_vm2ros' build argument 'cmake_force_configure' from command line to 'False'
[1.543s] Level 5:colcon.colcon_core.verb:set package 'cam2image_vm2ros' build argument 'ament_cmake_args' from command line to 'None'
[1.543s] Level 5:colcon.colcon_core.verb:set package 'cam2image_vm2ros' build argument 'catkin_cmake_args' from command line to 'None'
[1.543s] Level 5:colcon.colcon_core.verb:set package 'cam2image_vm2ros' build argument 'catkin_skip_building_tests' from command line to 'False'
[1.544s] DEBUG:colcon.colcon_core.verb:Building package 'cam2image_vm2ros' with the following arguments: {'ament_cmake_args': None, 'build_base': '/home/asdfr-30/ASDfR_3/build/cam2image_vm2ros', 'catkin_cmake_args': None, 'catkin_skip_building_tests': False, 'cmake_args': None, 'cmake_clean_cache': False, 'cmake_clean_first': False, 'cmake_force_configure': False, 'cmake_target': None, 'cmake_target_skip_unavailable': False, 'install_base': '/home/asdfr-30/ASDfR_3/install/cam2image_vm2ros', 'merge_install': False, 'path': '/home/asdfr-30/ASDfR_3/src/cam2image_vm2ros', 'symlink_install': False, 'test_result_base': None}
[1.545s] Level 5:colcon.colcon_core.verb:set package 'relbot_simulator' build argument 'cmake_args' from command line to 'None'
[1.546s] Level 5:colcon.colcon_core.verb:set package 'relbot_simulator' build argument 'cmake_target' from command line to 'None'
[1.546s] Level 5:colcon.colcon_core.verb:set package 'relbot_simulator' build argument 'cmake_target_skip_unavailable' from command line to 'False'
[1.546s] Level 5:colcon.colcon_core.verb:set package 'relbot_simulator' build argument 'cmake_clean_cache' from command line to 'False'
[1.546s] Level 5:colcon.colcon_core.verb:set package 'relbot_simulator' build argument 'cmake_clean_first' from command line to 'False'
[1.547s] Level 5:colcon.colcon_core.verb:set package 'relbot_simulator' build argument 'cmake_force_configure' from command line to 'False'
[1.547s] Level 5:colcon.colcon_core.verb:set package 'relbot_simulator' build argument 'ament_cmake_args' from command line to 'None'
[1.547s] Level 5:colcon.colcon_core.verb:set package 'relbot_simulator' build argument 'catkin_cmake_args' from command line to 'None'
[1.548s] Level 5:colcon.colcon_core.verb:set package 'relbot_simulator' build argument 'catkin_skip_building_tests' from command line to 'False'
[1.548s] DEBUG:colcon.colcon_core.verb:Building package 'relbot_simulator' with the following arguments: {'ament_cmake_args': None, 'build_base': '/home/asdfr-30/ASDfR_3/build/relbot_simulator', 'catkin_cmake_args': None, 'catkin_skip_building_tests': False, 'cmake_args': None, 'cmake_clean_cache': False, 'cmake_clean_first': False, 'cmake_force_configure': False, 'cmake_target': None, 'cmake_target_skip_unavailable': False, 'install_base': '/home/asdfr-30/ASDfR_3/install/relbot_simulator', 'merge_install': False, 'path': '/home/asdfr-30/ASDfR_3/src/relbot_simulator', 'symlink_install': False, 'test_result_base': None}
[1.549s] Level 5:colcon.colcon_core.verb:set package 'xrf2_msgs' build argument 'cmake_args' from command line to 'None'
[1.550s] Level 5:colcon.colcon_core.verb:set package 'xrf2_msgs' build argument 'cmake_target' from command line to 'None'
[1.550s] Level 5:colcon.colcon_core.verb:set package 'xrf2_msgs' build argument 'cmake_target_skip_unavailable' from command line to 'False'
[1.550s] Level 5:colcon.colcon_core.verb:set package 'xrf2_msgs' build argument 'cmake_clean_cache' from command line to 'False'
[1.550s] Level 5:colcon.colcon_core.verb:set package 'xrf2_msgs' build argument 'cmake_clean_first' from command line to 'False'
[1.551s] Level 5:colcon.colcon_core.verb:set package 'xrf2_msgs' build argument 'cmake_force_configure' from command line to 'False'
[1.551s] Level 5:colcon.colcon_core.verb:set package 'xrf2_msgs' build argument 'ament_cmake_args' from command line to 'None'
[1.551s] Level 5:colcon.colcon_core.verb:set package 'xrf2_msgs' build argument 'catkin_cmake_args' from command line to 'None'
[1.551s] Level 5:colcon.colcon_core.verb:set package 'xrf2_msgs' build argument 'catkin_skip_building_tests' from command line to 'False'
[1.552s] DEBUG:colcon.colcon_core.verb:Building package 'xrf2_msgs' with the following arguments: {'ament_cmake_args': None, 'build_base': '/home/asdfr-30/ASDfR_3/build/xrf2_msgs', 'catkin_cmake_args': None, 'catkin_skip_building_tests': False, 'cmake_args': None, 'cmake_clean_cache': False, 'cmake_clean_first': False, 'cmake_force_configure': False, 'cmake_target': None, 'cmake_target_skip_unavailable': False, 'install_base': '/home/asdfr-30/ASDfR_3/install/xrf2_msgs', 'merge_install': False, 'path': '/home/asdfr-30/ASDfR_3/src/XRF2/XenoRosFramework/Common/XRF2_msgs', 'symlink_install': False, 'test_result_base': None}
[1.554s] Level 5:colcon.colcon_core.verb:set package 'ros_xeno_bridge' build argument 'cmake_args' from command line to 'None'
[1.554s] Level 5:colcon.colcon_core.verb:set package 'ros_xeno_bridge' build argument 'cmake_target' from command line to 'None'
[1.554s] Level 5:colcon.colcon_core.verb:set package 'ros_xeno_bridge' build argument 'cmake_target_skip_unavailable' from command line to 'False'
[1.554s] Level 5:colcon.colcon_core.verb:set package 'ros_xeno_bridge' build argument 'cmake_clean_cache' from command line to 'False'
[1.555s] Level 5:colcon.colcon_core.verb:set package 'ros_xeno_bridge' build argument 'cmake_clean_first' from command line to 'False'
[1.555s] Level 5:colcon.colcon_core.verb:set package 'ros_xeno_bridge' build argument 'cmake_force_configure' from command line to 'False'
[1.555s] Level 5:colcon.colcon_core.verb:set package 'ros_xeno_bridge' build argument 'ament_cmake_args' from command line to 'None'
[1.555s] Level 5:colcon.colcon_core.verb:set package 'ros_xeno_bridge' build argument 'catkin_cmake_args' from command line to 'None'
[1.556s] Level 5:colcon.colcon_core.verb:set package 'ros_xeno_bridge' build argument 'catkin_skip_building_tests' from command line to 'False'
[1.556s] DEBUG:colcon.colcon_core.verb:Building package 'ros_xeno_bridge' with the following arguments: {'ament_cmake_args': None, 'build_base': '/home/asdfr-30/ASDfR_3/build/ros_xeno_bridge', 'catkin_cmake_args': None, 'catkin_skip_building_tests': False, 'cmake_args': None, 'cmake_clean_cache': False, 'cmake_clean_first': False, 'cmake_force_configure': False, 'cmake_target': None, 'cmake_target_skip_unavailable': False, 'install_base': '/home/asdfr-30/ASDfR_3/install/ros_xeno_bridge', 'merge_install': False, 'path': '/home/asdfr-30/ASDfR_3/src/XRF2/XenoRosFramework/Ros/ros_xeno_bridge', 'symlink_install': False, 'test_result_base': None}
[1.558s] Level 5:colcon.colcon_core.verb:set package 'sequence_controller' build argument 'cmake_args' from command line to 'None'
[1.558s] Level 5:colcon.colcon_core.verb:set package 'sequence_controller' build argument 'cmake_target' from command line to 'None'
[1.558s] Level 5:colcon.colcon_core.verb:set package 'sequence_controller' build argument 'cmake_target_skip_unavailable' from command line to 'False'
[1.558s] Level 5:colcon.colcon_core.verb:set package 'sequence_controller' build argument 'cmake_clean_cache' from command line to 'False'
[1.559s] Level 5:colcon.colcon_core.verb:set package 'sequence_controller' build argument 'cmake_clean_first' from command line to 'False'
[1.559s] Level 5:colcon.colcon_core.verb:set package 'sequence_controller' build argument 'cmake_force_configure' from command line to 'False'
[1.559s] Level 5:colcon.colcon_core.verb:set package 'sequence_controller' build argument 'ament_cmake_args' from command line to 'None'
[1.559s] Level 5:colcon.colcon_core.verb:set package 'sequence_controller' build argument 'catkin_cmake_args' from command line to 'None'
[1.560s] Level 5:colcon.colcon_core.verb:set package 'sequence_controller' build argument 'catkin_skip_building_tests' from command line to 'False'
[1.560s] DEBUG:colcon.colcon_core.verb:Building package 'sequence_controller' with the following arguments: {'ament_cmake_args': None, 'build_base': '/home/asdfr-30/ASDfR_3/build/sequence_controller', 'catkin_cmake_args': None, 'catkin_skip_building_tests': False, 'cmake_args': None, 'cmake_clean_cache': False, 'cmake_clean_first': False, 'cmake_force_configure': False, 'cmake_target': None, 'cmake_target_skip_unavailable': False, 'install_base': '/home/asdfr-30/ASDfR_3/install/sequence_controller', 'merge_install': False, 'path': '/home/asdfr-30/ASDfR_3/src/sequence_controller', 'symlink_install': False, 'test_result_base': None}
[1.562s] Level 5:colcon.colcon_core.verb:set package 'xeno_loop' build argument 'cmake_args' from command line to 'None'
[1.562s] Level 5:colcon.colcon_core.verb:set package 'xeno_loop' build argument 'cmake_target' from command line to 'None'
[1.562s] Level 5:colcon.colcon_core.verb:set package 'xeno_loop' build argument 'cmake_target_skip_unavailable' from command line to 'False'
[1.563s] Level 5:colcon.colcon_core.verb:set package 'xeno_loop' build argument 'cmake_clean_cache' from command line to 'False'
[1.563s] Level 5:colcon.colcon_core.verb:set package 'xeno_loop' build argument 'cmake_clean_first' from command line to 'False'
[1.563s] Level 5:colcon.colcon_core.verb:set package 'xeno_loop' build argument 'cmake_force_configure' from command line to 'False'
[1.563s] Level 5:colcon.colcon_core.verb:set package 'xeno_loop' build argument 'ament_cmake_args' from command line to 'None'
[1.564s] Level 5:colcon.colcon_core.verb:set package 'xeno_loop' build argument 'catkin_cmake_args' from command line to 'None'
[1.564s] Level 5:colcon.colcon_core.verb:set package 'xeno_loop' build argument 'catkin_skip_building_tests' from command line to 'False'
[1.564s] DEBUG:colcon.colcon_core.verb:Building package 'xeno_loop' with the following arguments: {'ament_cmake_args': None, 'build_base': '/home/asdfr-30/ASDfR_3/build/xeno_loop', 'catkin_cmake_args': None, 'catkin_skip_building_tests': False, 'cmake_args': None, 'cmake_clean_cache': False, 'cmake_clean_first': False, 'cmake_force_configure': False, 'cmake_target': None, 'cmake_target_skip_unavailable': False, 'install_base': '/home/asdfr-30/ASDfR_3/install/xeno_loop', 'merge_install': False, 'path': '/home/asdfr-30/ASDfR_3/src/xeno_loop', 'symlink_install': False, 'test_result_base': None}
[1.565s] INFO:colcon.colcon_core.executor:Executing jobs using 'parallel' executor
[1.568s] DEBUG:colcon.colcon_parallel_executor.executor.parallel:run_until_complete
[1.569s] INFO:colcon.colcon_ros.task.ament_cmake.build:Building ROS package in '/home/asdfr-30/ASDfR_3/src/XRF2/XenoRosFramework/Common/XRF2_msgs' with build type 'ament_cmake'
[1.570s] INFO:colcon.colcon_cmake.task.cmake.build:Building CMake package in '/home/asdfr-30/ASDfR_3/src/XRF2/XenoRosFramework/Common/XRF2_msgs'
[1.578s] INFO:colcon.colcon_core.plugin_system:Skipping extension 'colcon_core.shell.bat': Not used on non-Windows systems
[1.579s] INFO:colcon.colcon_core.shell:Skip shell extension 'powershell' for command environment: Not usable outside of PowerShell
[1.580s] DEBUG:colcon.colcon_core.shell:Skip shell extension 'dsv' for command environment
[1.592s] INFO:colcon.colcon_ros.task.ament_cmake.build:Building ROS package in '/home/asdfr-30/ASDfR_3/src/ball_tracker' with build type 'ament_cmake'
[1.593s] INFO:colcon.colcon_cmake.task.cmake.build:Building CMake package in '/home/asdfr-30/ASDfR_3/src/ball_tracker'
[1.594s] INFO:colcon.colcon_core.shell:Skip shell extension 'powershell' for command environment: Not usable outside of PowerShell
[1.595s] DEBUG:colcon.colcon_core.shell:Skip shell extension 'dsv' for command environment
[1.606s] INFO:colcon.colcon_ros.task.ament_cmake.build:Building ROS package in '/home/asdfr-30/ASDfR_3/src/cam2image_vm2ros' with build type 'ament_cmake'
[1.607s] INFO:colcon.colcon_cmake.task.cmake.build:Building CMake package in '/home/asdfr-30/ASDfR_3/src/cam2image_vm2ros'
[1.608s] INFO:colcon.colcon_core.shell:Skip shell extension 'powershell' for command environment: Not usable outside of PowerShell
[1.609s] DEBUG:colcon.colcon_core.shell:Skip shell extension 'dsv' for command environment
[1.644s] DEBUG:colcon.colcon_core.event_handler.log_command:Invoking command in '/home/asdfr-30/ASDfR_3/build/xrf2_msgs': CMAKE_PREFIX_PATH=/opt/ros/humble /usr/bin/cmake --build /home/asdfr-30/ASDfR_3/build/xrf2_msgs -- -j3 -l3
[1.656s] DEBUG:colcon.colcon_core.event_handler.log_command:Invoking command in '/home/asdfr-30/ASDfR_3/build/ball_tracker': CMAKE_PREFIX_PATH=/opt/ros/humble /usr/bin/cmake --build /home/asdfr-30/ASDfR_3/build/ball_tracker -- -j3 -l3
[1.695s] DEBUG:colcon.colcon_core.event_handler.log_command:Invoking command in '/home/asdfr-30/ASDfR_3/build/cam2image_vm2ros': CMAKE_PREFIX_PATH=/opt/ros/humble /usr/bin/cmake --build /home/asdfr-30/ASDfR_3/build/cam2image_vm2ros -- -j3 -l3
[2.140s] DEBUG:colcon.colcon_core.event_handler.log_command:Invoked command in '/home/asdfr-30/ASDfR_3/build/cam2image_vm2ros' returned '0': CMAKE_PREFIX_PATH=/opt/ros/humble /usr/bin/cmake --build /home/asdfr-30/ASDfR_3/build/cam2image_vm2ros -- -j3 -l3
[2.184s] DEBUG:colcon.colcon_core.event_handler.log_command:Invoking command in '/home/asdfr-30/ASDfR_3/build/cam2image_vm2ros': CMAKE_PREFIX_PATH=/opt/ros/humble /usr/bin/cmake --install /home/asdfr-30/ASDfR_3/build/cam2image_vm2ros
[2.299s] Level 1:colcon.colcon_core.environment:create_environment_scripts_only(cam2image_vm2ros)
[2.311s] DEBUG:colcon.colcon_core.event_handler.log_command:Invoked command in '/home/asdfr-30/ASDfR_3/build/cam2image_vm2ros' returned '0': CMAKE_PREFIX_PATH=/opt/ros/humble /usr/bin/cmake --install /home/asdfr-30/ASDfR_3/build/cam2image_vm2ros
[2.324s] Level 1:colcon.colcon_core.environment:checking '/home/asdfr-30/ASDfR_3/install/cam2image_vm2ros' for CMake module files
[2.337s] Level 1:colcon.colcon_core.environment:checking '/home/asdfr-30/ASDfR_3/install/cam2image_vm2ros' for CMake config files
[2.341s] Level 1:colcon.colcon_core.shell:create_environment_hook('cam2image_vm2ros', 'cmake_prefix_path')
[2.343s] INFO:colcon.colcon_core.shell:Creating environment hook '/home/asdfr-30/ASDfR_3/install/cam2image_vm2ros/share/cam2image_vm2ros/hook/cmake_prefix_path.ps1'
[2.346s] INFO:colcon.colcon_core.shell:Creating environment descriptor '/home/asdfr-30/ASDfR_3/install/cam2image_vm2ros/share/cam2image_vm2ros/hook/cmake_prefix_path.dsv'
[2.349s] INFO:colcon.colcon_core.shell:Creating environment hook '/home/asdfr-30/ASDfR_3/install/cam2image_vm2ros/share/cam2image_vm2ros/hook/cmake_prefix_path.sh'
[2.354s] Level 1:colcon.colcon_core.environment:checking '/home/asdfr-30/ASDfR_3/install/cam2image_vm2ros/lib'
[2.357s] Level 1:colcon.colcon_core.shell:create_environment_hook('cam2image_vm2ros', 'ld_library_path_lib')
[2.359s] INFO:colcon.colcon_core.shell:Creating environment hook '/home/asdfr-30/ASDfR_3/install/cam2image_vm2ros/share/cam2image_vm2ros/hook/ld_library_path_lib.ps1'
[2.364s] INFO:colcon.colcon_core.shell:Creating environment descriptor '/home/asdfr-30/ASDfR_3/install/cam2image_vm2ros/share/cam2image_vm2ros/hook/ld_library_path_lib.dsv'
[2.367s] INFO:colcon.colcon_core.shell:Creating environment hook '/home/asdfr-30/ASDfR_3/install/cam2image_vm2ros/share/cam2image_vm2ros/hook/ld_library_path_lib.sh'
[2.369s] Level 1:colcon.colcon_core.environment:checking '/home/asdfr-30/ASDfR_3/install/cam2image_vm2ros/bin'
[2.370s] Level 1:colcon.colcon_core.environment:checking '/home/asdfr-30/ASDfR_3/install/cam2image_vm2ros/lib/pkgconfig/cam2image_vm2ros.pc'
[2.379s] Level 1:colcon.colcon_core.environment:checking '/home/asdfr-30/ASDfR_3/install/cam2image_vm2ros/lib/python3.10/site-packages'
[2.381s] Level 1:colcon.colcon_core.environment:checking '/home/asdfr-30/ASDfR_3/install/cam2image_vm2ros/bin'
[2.383s] INFO:colcon.colcon_core.shell:Creating package script '/home/asdfr-30/ASDfR_3/install/cam2image_vm2ros/share/cam2image_vm2ros/package.ps1'
[2.397s] INFO:colcon.colcon_core.shell:Creating package descriptor '/home/asdfr-30/ASDfR_3/install/cam2image_vm2ros/share/cam2image_vm2ros/package.dsv'
[2.404s] INFO:colcon.colcon_core.shell:Creating package script '/home/asdfr-30/ASDfR_3/install/cam2image_vm2ros/share/cam2image_vm2ros/package.sh'
[2.410s] INFO:colcon.colcon_core.shell:Creating package script '/home/asdfr-30/ASDfR_3/install/cam2image_vm2ros/share/cam2image_vm2ros/package.bash'
[2.417s] INFO:colcon.colcon_core.shell:Creating package script '/home/asdfr-30/ASDfR_3/install/cam2image_vm2ros/share/cam2image_vm2ros/package.zsh'
[2.421s] Level 1:colcon.colcon_core.environment:create_file_with_runtime_dependencies(/home/asdfr-30/ASDfR_3/install/cam2image_vm2ros/share/colcon-core/packages/cam2image_vm2ros)
[2.425s] Level 1:colcon.colcon_core.environment:create_environment_scripts_only(cam2image_vm2ros)
[2.428s] Level 1:colcon.colcon_core.environment:checking '/home/asdfr-30/ASDfR_3/install/cam2image_vm2ros' for CMake module files
[2.431s] Level 1:colcon.colcon_core.environment:checking '/home/asdfr-30/ASDfR_3/install/cam2image_vm2ros' for CMake config files
[2.433s] Level 1:colcon.colcon_core.shell:create_environment_hook('cam2image_vm2ros', 'cmake_prefix_path')
[2.435s] INFO:colcon.colcon_core.shell:Creating environment hook '/home/asdfr-30/ASDfR_3/install/cam2image_vm2ros/share/cam2image_vm2ros/hook/cmake_prefix_path.ps1'
[2.438s] INFO:colcon.colcon_core.shell:Creating environment descriptor '/home/asdfr-30/ASDfR_3/install/cam2image_vm2ros/share/cam2image_vm2ros/hook/cmake_prefix_path.dsv'
[2.441s] INFO:colcon.colcon_core.shell:Creating environment hook '/home/asdfr-30/ASDfR_3/install/cam2image_vm2ros/share/cam2image_vm2ros/hook/cmake_prefix_path.sh'
[2.446s] Level 1:colcon.colcon_core.environment:checking '/home/asdfr-30/ASDfR_3/install/cam2image_vm2ros/lib'
[2.446s] Level 1:colcon.colcon_core.shell:create_environment_hook('cam2image_vm2ros', 'ld_library_path_lib')
[2.461s] INFO:colcon.colcon_core.shell:Creating environment hook '/home/asdfr-30/ASDfR_3/install/cam2image_vm2ros/share/cam2image_vm2ros/hook/ld_library_path_lib.ps1'
[2.463s] INFO:colcon.colcon_core.shell:Creating environment descriptor '/home/asdfr-30/ASDfR_3/install/cam2image_vm2ros/share/cam2image_vm2ros/hook/ld_library_path_lib.dsv'
[2.465s] INFO:colcon.colcon_core.shell:Creating environment hook '/home/asdfr-30/ASDfR_3/install/cam2image_vm2ros/share/cam2image_vm2ros/hook/ld_library_path_lib.sh'
[2.467s] Level 1:colcon.colcon_core.environment:checking '/home/asdfr-30/ASDfR_3/install/cam2image_vm2ros/bin'
[2.468s] Level 1:colcon.colcon_core.environment:checking '/home/asdfr-30/ASDfR_3/install/cam2image_vm2ros/lib/pkgconfig/cam2image_vm2ros.pc'
[2.469s] Level 1:colcon.colcon_core.environment:checking '/home/asdfr-30/ASDfR_3/install/cam2image_vm2ros/lib/python3.10/site-packages'
[2.470s] Level 1:colcon.colcon_core.environment:checking '/home/asdfr-30/ASDfR_3/install/cam2image_vm2ros/bin'
[2.484s] INFO:colcon.colcon_core.shell:Creating package script '/home/asdfr-30/ASDfR_3/install/cam2image_vm2ros/share/cam2image_vm2ros/package.ps1'
[2.487s] INFO:colcon.colcon_core.shell:Creating package descriptor '/home/asdfr-30/ASDfR_3/install/cam2image_vm2ros/share/cam2image_vm2ros/package.dsv'
[2.498s] INFO:colcon.colcon_core.shell:Creating package script '/home/asdfr-30/ASDfR_3/install/cam2image_vm2ros/share/cam2image_vm2ros/package.sh'
[2.501s] INFO:colcon.colcon_core.shell:Creating package script '/home/asdfr-30/ASDfR_3/install/cam2image_vm2ros/share/cam2image_vm2ros/package.bash'
[2.511s] INFO:colcon.colcon_core.shell:Creating package script '/home/asdfr-30/ASDfR_3/install/cam2image_vm2ros/share/cam2image_vm2ros/package.zsh'
[2.514s] Level 1:colcon.colcon_core.environment:create_file_with_runtime_dependencies(/home/asdfr-30/ASDfR_3/install/cam2image_vm2ros/share/colcon-core/packages/cam2image_vm2ros)
[2.522s] INFO:colcon.colcon_ros.task.ament_cmake.build:Building ROS package in '/home/asdfr-30/ASDfR_3/src/relbot_simulator' with build type 'ament_cmake'
[2.524s] INFO:colcon.colcon_cmake.task.cmake.build:Building CMake package in '/home/asdfr-30/ASDfR_3/src/relbot_simulator'
[2.530s] INFO:colcon.colcon_core.shell:Skip shell extension 'powershell' for command environment: Not usable outside of PowerShell
[2.530s] DEBUG:colcon.colcon_core.shell:Skip shell extension 'dsv' for command environment
[2.632s] DEBUG:colcon.colcon_core.event_handler.log_command:Invoking command in '/home/asdfr-30/ASDfR_3/build/relbot_simulator': CMAKE_PREFIX_PATH=/opt/ros/humble /usr/bin/cmake --build /home/asdfr-30/ASDfR_3/build/relbot_simulator -- -j3 -l3
[2.770s] DEBUG:colcon.colcon_core.event_handler.log_command:Invoked command in '/home/asdfr-30/ASDfR_3/build/ball_tracker' returned '0': CMAKE_PREFIX_PATH=/opt/ros/humble /usr/bin/cmake --build /home/asdfr-30/ASDfR_3/build/ball_tracker -- -j3 -l3
[2.789s] DEBUG:colcon.colcon_core.event_handler.log_command:Invoking command in '/home/asdfr-30/ASDfR_3/build/ball_tracker': CMAKE_PREFIX_PATH=/opt/ros/humble /usr/bin/cmake --install /home/asdfr-30/ASDfR_3/build/ball_tracker
[2.849s] Level 1:colcon.colcon_core.environment:create_environment_scripts_only(ball_tracker)
[2.852s] Level 1:colcon.colcon_core.environment:checking '/home/asdfr-30/ASDfR_3/install/ball_tracker' for CMake module files
[2.856s] Level 1:colcon.colcon_core.environment:checking '/home/asdfr-30/ASDfR_3/install/ball_tracker' for CMake config files
[2.859s] Level 1:colcon.colcon_core.shell:create_environment_hook('ball_tracker', 'cmake_prefix_path')
[2.861s] INFO:colcon.colcon_core.shell:Creating environment hook '/home/asdfr-30/ASDfR_3/install/ball_tracker/share/ball_tracker/hook/cmake_prefix_path.ps1'
[2.866s] INFO:colcon.colcon_core.shell:Creating environment descriptor '/home/asdfr-30/ASDfR_3/install/ball_tracker/share/ball_tracker/hook/cmake_prefix_path.dsv'
[2.874s] INFO:colcon.colcon_core.shell:Creating environment hook '/home/asdfr-30/ASDfR_3/install/ball_tracker/share/ball_tracker/hook/cmake_prefix_path.sh'
[2.882s] Level 1:colcon.colcon_core.environment:checking '/home/asdfr-30/ASDfR_3/install/ball_tracker/lib'
[2.888s] Level 1:colcon.colcon_core.environment:checking '/home/asdfr-30/ASDfR_3/install/ball_tracker/bin'
[2.891s] Level 1:colcon.colcon_core.environment:checking '/home/asdfr-30/ASDfR_3/install/ball_tracker/lib/pkgconfig/ball_tracker.pc'
[2.895s] Level 1:colcon.colcon_core.environment:checking '/home/asdfr-30/ASDfR_3/install/ball_tracker/lib/python3.10/site-packages'
[2.899s] Level 1:colcon.colcon_core.environment:checking '/home/asdfr-30/ASDfR_3/install/ball_tracker/bin'
[2.902s] INFO:colcon.colcon_core.shell:Creating package script '/home/asdfr-30/ASDfR_3/install/ball_tracker/share/ball_tracker/package.ps1'
[2.906s] INFO:colcon.colcon_core.shell:Creating package descriptor '/home/asdfr-30/ASDfR_3/install/ball_tracker/share/ball_tracker/package.dsv'
[2.900s] DEBUG:colcon.colcon_core.event_handler.log_command:Invoked command in '/home/asdfr-30/ASDfR_3/build/ball_tracker' returned '0': CMAKE_PREFIX_PATH=/opt/ros/humble /usr/bin/cmake --install /home/asdfr-30/ASDfR_3/build/ball_tracker
[2.918s] INFO:colcon.colcon_core.shell:Creating package script '/home/asdfr-30/ASDfR_3/install/ball_tracker/share/ball_tracker/package.sh'
[2.921s] INFO:colcon.colcon_core.shell:Creating package script '/home/asdfr-30/ASDfR_3/install/ball_tracker/share/ball_tracker/package.bash'
[2.925s] INFO:colcon.colcon_core.shell:Creating package script '/home/asdfr-30/ASDfR_3/install/ball_tracker/share/ball_tracker/package.zsh'
[2.928s] Level 1:colcon.colcon_core.environment:create_file_with_runtime_dependencies(/home/asdfr-30/ASDfR_3/install/ball_tracker/share/colcon-core/packages/ball_tracker)
[2.932s] Level 1:colcon.colcon_core.environment:create_environment_scripts_only(ball_tracker)
[2.934s] Level 1:colcon.colcon_core.environment:checking '/home/asdfr-30/ASDfR_3/install/ball_tracker' for CMake module files
[2.938s] Level 1:colcon.colcon_core.environment:checking '/home/asdfr-30/ASDfR_3/install/ball_tracker' for CMake config files
[2.942s] Level 1:colcon.colcon_core.shell:create_environment_hook('ball_tracker', 'cmake_prefix_path')
[2.943s] INFO:colcon.colcon_core.shell:Creating environment hook '/home/asdfr-30/ASDfR_3/install/ball_tracker/share/ball_tracker/hook/cmake_prefix_path.ps1'
[2.947s] INFO:colcon.colcon_core.shell:Creating environment descriptor '/home/asdfr-30/ASDfR_3/install/ball_tracker/share/ball_tracker/hook/cmake_prefix_path.dsv'
[2.950s] INFO:colcon.colcon_core.shell:Creating environment hook '/home/asdfr-30/ASDfR_3/install/ball_tracker/share/ball_tracker/hook/cmake_prefix_path.sh'
[2.954s] Level 1:colcon.colcon_core.environment:checking '/home/asdfr-30/ASDfR_3/install/ball_tracker/lib'
[2.956s] Level 1:colcon.colcon_core.environment:checking '/home/asdfr-30/ASDfR_3/install/ball_tracker/bin'
[2.957s] Level 1:colcon.colcon_core.environment:checking '/home/asdfr-30/ASDfR_3/install/ball_tracker/lib/pkgconfig/ball_tracker.pc'
[2.959s] Level 1:colcon.colcon_core.environment:checking '/home/asdfr-30/ASDfR_3/install/ball_tracker/lib/python3.10/site-packages'
[2.961s] Level 1:colcon.colcon_core.environment:checking '/home/asdfr-30/ASDfR_3/install/ball_tracker/bin'
[2.966s] INFO:colcon.colcon_core.shell:Creating package script '/home/asdfr-30/ASDfR_3/install/ball_tracker/share/ball_tracker/package.ps1'
[2.972s] INFO:colcon.colcon_core.shell:Creating package descriptor '/home/asdfr-30/ASDfR_3/install/ball_tracker/share/ball_tracker/package.dsv'
[2.976s] INFO:colcon.colcon_core.shell:Creating package script '/home/asdfr-30/ASDfR_3/install/ball_tracker/share/ball_tracker/package.sh'
[2.979s] INFO:colcon.colcon_core.shell:Creating package script '/home/asdfr-30/ASDfR_3/install/ball_tracker/share/ball_tracker/package.bash'
[2.982s] INFO:colcon.colcon_core.shell:Creating package script '/home/asdfr-30/ASDfR_3/install/ball_tracker/share/ball_tracker/package.zsh'
[2.986s] Level 1:colcon.colcon_core.environment:create_file_with_runtime_dependencies(/home/asdfr-30/ASDfR_3/install/ball_tracker/share/colcon-core/packages/ball_tracker)
[3.043s] DEBUG:colcon.colcon_core.event_handler.log_command:Invoked command in '/home/asdfr-30/ASDfR_3/build/relbot_simulator' returned '0': CMAKE_PREFIX_PATH=/opt/ros/humble /usr/bin/cmake --build /home/asdfr-30/ASDfR_3/build/relbot_simulator -- -j3 -l3
[3.048s] DEBUG:colcon.colcon_core.event_handler.log_command:Invoking command in '/home/asdfr-30/ASDfR_3/build/relbot_simulator': CMAKE_PREFIX_PATH=/opt/ros/humble /usr/bin/cmake --install /home/asdfr-30/ASDfR_3/build/relbot_simulator
[3.100s] Level 1:colcon.colcon_core.environment:create_environment_scripts_only(relbot_simulator)
[3.102s] Level 1:colcon.colcon_core.environment:checking '/home/asdfr-30/ASDfR_3/install/relbot_simulator' for CMake module files
[3.104s] Level 1:colcon.colcon_core.environment:checking '/home/asdfr-30/ASDfR_3/install/relbot_simulator' for CMake config files
[3.106s] Level 1:colcon.colcon_core.shell:create_environment_hook('relbot_simulator', 'cmake_prefix_path')
[3.109s] INFO:colcon.colcon_core.shell:Creating environment hook '/home/asdfr-30/ASDfR_3/install/relbot_simulator/share/relbot_simulator/hook/cmake_prefix_path.ps1'
[3.114s] INFO:colcon.colcon_core.shell:Creating environment descriptor '/home/asdfr-30/ASDfR_3/install/relbot_simulator/share/relbot_simulator/hook/cmake_prefix_path.dsv'
[3.125s] INFO:colcon.colcon_core.shell:Creating environment hook '/home/asdfr-30/ASDfR_3/install/relbot_simulator/share/relbot_simulator/hook/cmake_prefix_path.sh'
[3.131s] Level 1:colcon.colcon_core.environment:checking '/home/asdfr-30/ASDfR_3/install/relbot_simulator/lib'
[3.139s] Level 1:colcon.colcon_core.environment:checking '/home/asdfr-30/ASDfR_3/install/relbot_simulator/bin'
[3.139s] Level 1:colcon.colcon_core.environment:checking '/home/asdfr-30/ASDfR_3/install/relbot_simulator/lib/pkgconfig/relbot_simulator.pc'
[3.141s] Level 1:colcon.colcon_core.environment:checking '/home/asdfr-30/ASDfR_3/install/relbot_simulator/lib/python3.10/site-packages'
[3.143s] Level 1:colcon.colcon_core.environment:checking '/home/asdfr-30/ASDfR_3/install/relbot_simulator/bin'
[3.147s] INFO:colcon.colcon_core.shell:Creating package script '/home/asdfr-30/ASDfR_3/install/relbot_simulator/share/relbot_simulator/package.ps1'
[3.153s] INFO:colcon.colcon_core.shell:Creating package descriptor '/home/asdfr-30/ASDfR_3/install/relbot_simulator/share/relbot_simulator/package.dsv'
[3.157s] INFO:colcon.colcon_core.shell:Creating package script '/home/asdfr-30/ASDfR_3/install/relbot_simulator/share/relbot_simulator/package.sh'
[3.160s] INFO:colcon.colcon_core.shell:Creating package script '/home/asdfr-30/ASDfR_3/install/relbot_simulator/share/relbot_simulator/package.bash'
[3.163s] INFO:colcon.colcon_core.shell:Creating package script '/home/asdfr-30/ASDfR_3/install/relbot_simulator/share/relbot_simulator/package.zsh'
[3.165s] Level 1:colcon.colcon_core.environment:create_file_with_runtime_dependencies(/home/asdfr-30/ASDfR_3/install/relbot_simulator/share/colcon-core/packages/relbot_simulator)
[3.169s] Level 1:colcon.colcon_core.environment:create_environment_scripts_only(relbot_simulator)
[3.170s] Level 1:colcon.colcon_core.environment:checking '/home/asdfr-30/ASDfR_3/install/relbot_simulator' for CMake module files
[3.173s] Level 1:colcon.colcon_core.environment:checking '/home/asdfr-30/ASDfR_3/install/relbot_simulator' for CMake config files
[3.174s] Level 1:colcon.colcon_core.shell:create_environment_hook('relbot_simulator', 'cmake_prefix_path')
[3.176s] INFO:colcon.colcon_core.shell:Creating environment hook '/home/asdfr-30/ASDfR_3/install/relbot_simulator/share/relbot_simulator/hook/cmake_prefix_path.ps1'
[3.178s] INFO:colcon.colcon_core.shell:Creating environment descriptor '/home/asdfr-30/ASDfR_3/install/relbot_simulator/share/relbot_simulator/hook/cmake_prefix_path.dsv'
[3.181s] INFO:colcon.colcon_core.shell:Creating environment hook '/home/asdfr-30/ASDfR_3/install/relbot_simulator/share/relbot_simulator/hook/cmake_prefix_path.sh'
[3.184s] Level 1:colcon.colcon_core.environment:checking '/home/asdfr-30/ASDfR_3/install/relbot_simulator/lib'
[3.185s] Level 1:colcon.colcon_core.environment:checking '/home/asdfr-30/ASDfR_3/install/relbot_simulator/bin'
[3.186s] Level 1:colcon.colcon_core.environment:checking '/home/asdfr-30/ASDfR_3/install/relbot_simulator/lib/pkgconfig/relbot_simulator.pc'
[3.187s] Level 1:colcon.colcon_core.environment:checking '/home/asdfr-30/ASDfR_3/install/relbot_simulator/lib/python3.10/site-packages'
[3.188s] Level 1:colcon.colcon_core.environment:checking '/home/asdfr-30/ASDfR_3/install/relbot_simulator/bin'
[3.190s] INFO:colcon.colcon_core.shell:Creating package script '/home/asdfr-30/ASDfR_3/install/relbot_simulator/share/relbot_simulator/package.ps1'
[3.192s] INFO:colcon.colcon_core.shell:Creating package descriptor '/home/asdfr-30/ASDfR_3/install/relbot_simulator/share/relbot_simulator/package.dsv'
[3.196s] INFO:colcon.colcon_core.shell:Creating package script '/home/asdfr-30/ASDfR_3/install/relbot_simulator/share/relbot_simulator/package.sh'
[3.200s] INFO:colcon.colcon_core.shell:Creating package script '/home/asdfr-30/ASDfR_3/install/relbot_simulator/share/relbot_simulator/package.bash'
[3.202s] DEBUG:colcon.colcon_core.event_handler.log_command:Invoked command in '/home/asdfr-30/ASDfR_3/build/relbot_simulator' returned '0': CMAKE_PREFIX_PATH=/opt/ros/humble /usr/bin/cmake --install /home/asdfr-30/ASDfR_3/build/relbot_simulator
[3.203s] INFO:colcon.colcon_core.shell:Creating package script '/home/asdfr-30/ASDfR_3/install/relbot_simulator/share/relbot_simulator/package.zsh'
[3.206s] Level 1:colcon.colcon_core.environment:create_file_with_runtime_dependencies(/home/asdfr-30/ASDfR_3/install/relbot_simulator/share/colcon-core/packages/relbot_simulator)
[3.852s] DEBUG:colcon.colcon_core.event_handler.log_command:Invoked command in '/home/asdfr-30/ASDfR_3/build/xrf2_msgs' returned '0': CMAKE_PREFIX_PATH=/opt/ros/humble /usr/bin/cmake --build /home/asdfr-30/ASDfR_3/build/xrf2_msgs -- -j3 -l3
[3.859s] DEBUG:colcon.colcon_core.event_handler.log_command:Invoking command in '/home/asdfr-30/ASDfR_3/build/xrf2_msgs': CMAKE_PREFIX_PATH=/opt/ros/humble /usr/bin/cmake --install /home/asdfr-30/ASDfR_3/build/xrf2_msgs
[4.071s] Level 1:colcon.colcon_core.environment:create_environment_scripts_only(xrf2_msgs)
[4.072s] Level 1:colcon.colcon_core.environment:checking '/home/asdfr-30/ASDfR_3/install/xrf2_msgs' for CMake module files
[4.077s] Level 1:colcon.colcon_core.environment:checking '/home/asdfr-30/ASDfR_3/install/xrf2_msgs' for CMake config files
[4.080s] Level 1:colcon.colcon_core.shell:create_environment_hook('xrf2_msgs', 'cmake_prefix_path')
[4.081s] INFO:colcon.colcon_core.shell:Creating environment hook '/home/asdfr-30/ASDfR_3/install/xrf2_msgs/share/xrf2_msgs/hook/cmake_prefix_path.ps1'
[4.084s] INFO:colcon.colcon_core.shell:Creating environment descriptor '/home/asdfr-30/ASDfR_3/install/xrf2_msgs/share/xrf2_msgs/hook/cmake_prefix_path.dsv'
[4.087s] INFO:colcon.colcon_core.shell:Creating environment hook '/home/asdfr-30/ASDfR_3/install/xrf2_msgs/share/xrf2_msgs/hook/cmake_prefix_path.sh'
[4.092s] Level 1:colcon.colcon_core.environment:checking '/home/asdfr-30/ASDfR_3/install/xrf2_msgs/lib'
[4.093s] Level 1:colcon.colcon_core.shell:create_environment_hook('xrf2_msgs', 'ld_library_path_lib')
[4.094s] INFO:colcon.colcon_core.shell:Creating environment hook '/home/asdfr-30/ASDfR_3/install/xrf2_msgs/share/xrf2_msgs/hook/ld_library_path_lib.ps1'
[4.097s] INFO:colcon.colcon_core.shell:Creating environment descriptor '/home/asdfr-30/ASDfR_3/install/xrf2_msgs/share/xrf2_msgs/hook/ld_library_path_lib.dsv'
[4.100s] INFO:colcon.colcon_core.shell:Creating environment hook '/home/asdfr-30/ASDfR_3/install/xrf2_msgs/share/xrf2_msgs/hook/ld_library_path_lib.sh'
[4.103s] Level 1:colcon.colcon_core.environment:checking '/home/asdfr-30/ASDfR_3/install/xrf2_msgs/bin'
[4.103s] Level 1:colcon.colcon_core.environment:checking '/home/asdfr-30/ASDfR_3/install/xrf2_msgs/lib/pkgconfig/xrf2_msgs.pc'
[4.105s] Level 1:colcon.colcon_core.environment:checking '/home/asdfr-30/ASDfR_3/install/xrf2_msgs/lib/python3.10/site-packages'
[4.106s] Level 1:colcon.colcon_core.environment:checking '/home/asdfr-30/ASDfR_3/install/xrf2_msgs/bin'
[4.108s] INFO:colcon.colcon_core.shell:Creating package script '/home/asdfr-30/ASDfR_3/install/xrf2_msgs/share/xrf2_msgs/package.ps1'
[4.112s] INFO:colcon.colcon_core.shell:Creating package descriptor '/home/asdfr-30/ASDfR_3/install/xrf2_msgs/share/xrf2_msgs/package.dsv'
[4.115s] INFO:colcon.colcon_core.shell:Creating package script '/home/asdfr-30/ASDfR_3/install/xrf2_msgs/share/xrf2_msgs/package.sh'
[4.118s] INFO:colcon.colcon_core.shell:Creating package script '/home/asdfr-30/ASDfR_3/install/xrf2_msgs/share/xrf2_msgs/package.bash'
[4.121s] INFO:colcon.colcon_core.shell:Creating package script '/home/asdfr-30/ASDfR_3/install/xrf2_msgs/share/xrf2_msgs/package.zsh'
[4.123s] Level 1:colcon.colcon_core.environment:create_file_with_runtime_dependencies(/home/asdfr-30/ASDfR_3/install/xrf2_msgs/share/colcon-core/packages/xrf2_msgs)
[4.128s] Level 1:colcon.colcon_core.environment:create_environment_scripts_only(xrf2_msgs)
[4.129s] Level 1:colcon.colcon_core.environment:checking '/home/asdfr-30/ASDfR_3/install/xrf2_msgs' for CMake module files
[4.134s] Level 1:colcon.colcon_core.environment:checking '/home/asdfr-30/ASDfR_3/install/xrf2_msgs' for CMake config files
[4.137s] Level 1:colcon.colcon_core.shell:create_environment_hook('xrf2_msgs', 'cmake_prefix_path')
[4.138s] INFO:colcon.colcon_core.shell:Creating environment hook '/home/asdfr-30/ASDfR_3/install/xrf2_msgs/share/xrf2_msgs/hook/cmake_prefix_path.ps1'
[4.141s] INFO:colcon.colcon_core.shell:Creating environment descriptor '/home/asdfr-30/ASDfR_3/install/xrf2_msgs/share/xrf2_msgs/hook/cmake_prefix_path.dsv'
[4.144s] INFO:colcon.colcon_core.shell:Creating environment hook '/home/asdfr-30/ASDfR_3/install/xrf2_msgs/share/xrf2_msgs/hook/cmake_prefix_path.sh'
[4.148s] Level 1:colcon.colcon_core.environment:checking '/home/asdfr-30/ASDfR_3/install/xrf2_msgs/lib'
[4.149s] Level 1:colcon.colcon_core.shell:create_environment_hook('xrf2_msgs', 'ld_library_path_lib')
[4.150s] INFO:colcon.colcon_core.shell:Creating environment hook '/home/asdfr-30/ASDfR_3/install/xrf2_msgs/share/xrf2_msgs/hook/ld_library_path_lib.ps1'
[4.154s] INFO:colcon.colcon_core.shell:Creating environment descriptor '/home/asdfr-30/ASDfR_3/install/xrf2_msgs/share/xrf2_msgs/hook/ld_library_path_lib.dsv'
[4.157s] INFO:colcon.colcon_core.shell:Creating environment hook '/home/asdfr-30/ASDfR_3/install/xrf2_msgs/share/xrf2_msgs/hook/ld_library_path_lib.sh'
[4.159s] DEBUG:colcon.colcon_core.event_handler.log_command:Invoked command in '/home/asdfr-30/ASDfR_3/build/xrf2_msgs' returned '0': CMAKE_PREFIX_PATH=/opt/ros/humble /usr/bin/cmake --install /home/asdfr-30/ASDfR_3/build/xrf2_msgs
[4.160s] Level 1:colcon.colcon_core.environment:checking '/home/asdfr-30/ASDfR_3/install/xrf2_msgs/bin'
[4.161s] Level 1:colcon.colcon_core.environment:checking '/home/asdfr-30/ASDfR_3/install/xrf2_msgs/lib/pkgconfig/xrf2_msgs.pc'
[4.162s] Level 1:colcon.colcon_core.environment:checking '/home/asdfr-30/ASDfR_3/install/xrf2_msgs/lib/python3.10/site-packages'
[4.163s] Level 1:colcon.colcon_core.environment:checking '/home/asdfr-30/ASDfR_3/install/xrf2_msgs/bin'
[4.165s] INFO:colcon.colcon_core.shell:Creating package script '/home/asdfr-30/ASDfR_3/install/xrf2_msgs/share/xrf2_msgs/package.ps1'
[4.168s] INFO:colcon.colcon_core.shell:Creating package descriptor '/home/asdfr-30/ASDfR_3/install/xrf2_msgs/share/xrf2_msgs/package.dsv'
[4.171s] INFO:colcon.colcon_core.shell:Creating package script '/home/asdfr-30/ASDfR_3/install/xrf2_msgs/share/xrf2_msgs/package.sh'
[4.174s] INFO:colcon.colcon_core.shell:Creating package script '/home/asdfr-30/ASDfR_3/install/xrf2_msgs/share/xrf2_msgs/package.bash'
[4.176s] INFO:colcon.colcon_core.shell:Creating package script '/home/asdfr-30/ASDfR_3/install/xrf2_msgs/share/xrf2_msgs/package.zsh'
[4.179s] Level 1:colcon.colcon_core.environment:create_file_with_runtime_dependencies(/home/asdfr-30/ASDfR_3/install/xrf2_msgs/share/colcon-core/packages/xrf2_msgs)
[4.180s] INFO:colcon.colcon_ros.task.ament_cmake.build:Building ROS package in '/home/asdfr-30/ASDfR_3/src/XRF2/XenoRosFramework/Ros/ros_xeno_bridge' with build type 'ament_cmake'
[4.181s] INFO:colcon.colcon_cmake.task.cmake.build:Building CMake package in '/home/asdfr-30/ASDfR_3/src/XRF2/XenoRosFramework/Ros/ros_xeno_bridge'
[4.182s] INFO:colcon.colcon_core.shell:Skip shell extension 'powershell' for command environment: Not usable outside of PowerShell
[4.183s] DEBUG:colcon.colcon_core.shell:Skip shell extension 'dsv' for command environment
[4.196s] INFO:colcon.colcon_ros.task.ament_cmake.build:Building ROS package in '/home/asdfr-30/ASDfR_3/src/sequence_controller' with build type 'ament_cmake'
[4.197s] INFO:colcon.colcon_cmake.task.cmake.build:Building CMake package in '/home/asdfr-30/ASDfR_3/src/sequence_controller'
[4.198s] INFO:colcon.colcon_core.shell:Skip shell extension 'powershell' for command environment: Not usable outside of PowerShell
[4.199s] DEBUG:colcon.colcon_core.shell:Skip shell extension 'dsv' for command environment
[4.212s] INFO:colcon.colcon_cmake.task.cmake.build:Building CMake package in '/home/asdfr-30/ASDfR_3/src/xeno_loop'
[4.213s] INFO:colcon.colcon_core.shell:Skip shell extension 'powershell' for command environment: Not usable outside of PowerShell
[4.214s] DEBUG:colcon.colcon_core.shell:Skip shell extension 'dsv' for command environment
[4.245s] DEBUG:colcon.colcon_core.event_handler.log_command:Invoking command in '/home/asdfr-30/ASDfR_3/build/ros_xeno_bridge': AMENT_PREFIX_PATH=/home/asdfr-30/ASDfR_3/install/xrf2_msgs:${AMENT_PREFIX_PATH} CMAKE_PREFIX_PATH=/home/asdfr-30/ASDfR_3/install/xrf2_msgs:/opt/ros/humble LD_LIBRARY_PATH=/home/asdfr-30/ASDfR_3/install/xrf2_msgs/lib:${LD_LIBRARY_PATH} PYTHONPATH=/home/asdfr-30/ASDfR_3/install/xrf2_msgs/local/lib/python3.10/dist-packages:${PYTHONPATH} /usr/bin/cmake --build /home/asdfr-30/ASDfR_3/build/ros_xeno_bridge -- -j3 -l3
[4.260s] DEBUG:colcon.colcon_core.event_handler.log_command:Invoking command in '/home/asdfr-30/ASDfR_3/build/sequence_controller': AMENT_PREFIX_PATH=/home/asdfr-30/ASDfR_3/install/xrf2_msgs:${AMENT_PREFIX_PATH} CMAKE_PREFIX_PATH=/home/asdfr-30/ASDfR_3/install/xrf2_msgs:/opt/ros/humble LD_LIBRARY_PATH=/home/asdfr-30/ASDfR_3/install/xrf2_msgs/lib:${LD_LIBRARY_PATH} PYTHONPATH=/home/asdfr-30/ASDfR_3/install/xrf2_msgs/local/lib/python3.10/dist-packages:${PYTHONPATH} /usr/bin/cmake --build /home/asdfr-30/ASDfR_3/build/sequence_controller -- -j3 -l3
[4.282s] DEBUG:colcon.colcon_core.event_handler.log_command:Invoking command in '/home/asdfr-30/ASDfR_3/build/xeno_loop': AMENT_PREFIX_PATH=/home/asdfr-30/ASDfR_3/install/xrf2_msgs:${AMENT_PREFIX_PATH} CMAKE_PREFIX_PATH=/home/asdfr-30/ASDfR_3/install/xrf2_msgs LD_LIBRARY_PATH=/home/asdfr-30/ASDfR_3/install/xrf2_msgs/lib:${LD_LIBRARY_PATH} PYTHONPATH=/home/asdfr-30/ASDfR_3/install/xrf2_msgs/local/lib/python3.10/dist-packages:${PYTHONPATH} /usr/bin/cmake --build /home/asdfr-30/ASDfR_3/build/xeno_loop -- -j3 -l3
[4.485s] DEBUG:colcon.colcon_core.event_handler.log_command:Invoked command in '/home/asdfr-30/ASDfR_3/build/ros_xeno_bridge' returned '0': AMENT_PREFIX_PATH=/home/asdfr-30/ASDfR_3/install/xrf2_msgs:${AMENT_PREFIX_PATH} CMAKE_PREFIX_PATH=/home/asdfr-30/ASDfR_3/install/xrf2_msgs:/opt/ros/humble LD_LIBRARY_PATH=/home/asdfr-30/ASDfR_3/install/xrf2_msgs/lib:${LD_LIBRARY_PATH} PYTHONPATH=/home/asdfr-30/ASDfR_3/install/xrf2_msgs/local/lib/python3.10/dist-packages:${PYTHONPATH} /usr/bin/cmake --build /home/asdfr-30/ASDfR_3/build/ros_xeno_bridge -- -j3 -l3
[4.490s] DEBUG:colcon.colcon_core.event_handler.log_command:Invoking command in '/home/asdfr-30/ASDfR_3/build/ros_xeno_bridge': AMENT_PREFIX_PATH=/home/asdfr-30/ASDfR_3/install/xrf2_msgs:${AMENT_PREFIX_PATH} CMAKE_PREFIX_PATH=/home/asdfr-30/ASDfR_3/install/xrf2_msgs:/opt/ros/humble LD_LIBRARY_PATH=/home/asdfr-30/ASDfR_3/install/xrf2_msgs/lib:${LD_LIBRARY_PATH} PYTHONPATH=/home/asdfr-30/ASDfR_3/install/xrf2_msgs/local/lib/python3.10/dist-packages:${PYTHONPATH} /usr/bin/cmake --install /home/asdfr-30/ASDfR_3/build/ros_xeno_bridge
[4.531s] Level 1:colcon.colcon_core.environment:create_environment_scripts_only(ros_xeno_bridge)
[4.532s] Level 1:colcon.colcon_core.environment:checking '/home/asdfr-30/ASDfR_3/install/ros_xeno_bridge' for CMake module files
[4.536s] Level 1:colcon.colcon_core.environment:checking '/home/asdfr-30/ASDfR_3/install/ros_xeno_bridge' for CMake config files
[4.539s] Level 1:colcon.colcon_core.shell:create_environment_hook('ros_xeno_bridge', 'cmake_prefix_path')
[4.540s] INFO:colcon.colcon_core.shell:Creating environment hook '/home/asdfr-30/ASDfR_3/install/ros_xeno_bridge/share/ros_xeno_bridge/hook/cmake_prefix_path.ps1'
[4.542s] INFO:colcon.colcon_core.shell:Creating environment descriptor '/home/asdfr-30/ASDfR_3/install/ros_xeno_bridge/share/ros_xeno_bridge/hook/cmake_prefix_path.dsv'
[4.545s] INFO:colcon.colcon_core.shell:Creating environment hook '/home/asdfr-30/ASDfR_3/install/ros_xeno_bridge/share/ros_xeno_bridge/hook/cmake_prefix_path.sh'
[4.553s] DEBUG:colcon.colcon_core.event_handler.log_command:Invoked command in '/home/asdfr-30/ASDfR_3/build/ros_xeno_bridge' returned '0': AMENT_PREFIX_PATH=/home/asdfr-30/ASDfR_3/install/xrf2_msgs:${AMENT_PREFIX_PATH} CMAKE_PREFIX_PATH=/home/asdfr-30/ASDfR_3/install/xrf2_msgs:/opt/ros/humble LD_LIBRARY_PATH=/home/asdfr-30/ASDfR_3/install/xrf2_msgs/lib:${LD_LIBRARY_PATH} PYTHONPATH=/home/asdfr-30/ASDfR_3/install/xrf2_msgs/local/lib/python3.10/dist-packages:${PYTHONPATH} /usr/bin/cmake --install /home/asdfr-30/ASDfR_3/build/ros_xeno_bridge
[4.556s] Level 1:colcon.colcon_core.environment:checking '/home/asdfr-30/ASDfR_3/install/ros_xeno_bridge/lib'
[4.557s] Level 1:colcon.colcon_core.environment:checking '/home/asdfr-30/ASDfR_3/install/ros_xeno_bridge/bin'
[4.558s] Level 1:colcon.colcon_core.environment:checking '/home/asdfr-30/ASDfR_3/install/ros_xeno_bridge/lib/pkgconfig/ros_xeno_bridge.pc'
[4.559s] Level 1:colcon.colcon_core.environment:checking '/home/asdfr-30/ASDfR_3/install/ros_xeno_bridge/lib/python3.10/site-packages'
[4.561s] Level 1:colcon.colcon_core.environment:checking '/home/asdfr-30/ASDfR_3/install/ros_xeno_bridge/bin'
[4.563s] INFO:colcon.colcon_core.shell:Creating package script '/home/asdfr-30/ASDfR_3/install/ros_xeno_bridge/share/ros_xeno_bridge/package.ps1'
[4.566s] INFO:colcon.colcon_core.shell:Creating package descriptor '/home/asdfr-30/ASDfR_3/install/ros_xeno_bridge/share/ros_xeno_bridge/package.dsv'
[4.569s] INFO:colcon.colcon_core.shell:Creating package script '/home/asdfr-30/ASDfR_3/install/ros_xeno_bridge/share/ros_xeno_bridge/package.sh'
[4.573s] INFO:colcon.colcon_core.shell:Creating package script '/home/asdfr-30/ASDfR_3/install/ros_xeno_bridge/share/ros_xeno_bridge/package.bash'
[4.576s] INFO:colcon.colcon_core.shell:Creating package script '/home/asdfr-30/ASDfR_3/install/ros_xeno_bridge/share/ros_xeno_bridge/package.zsh'
[4.578s] Level 1:colcon.colcon_core.environment:create_file_with_runtime_dependencies(/home/asdfr-30/ASDfR_3/install/ros_xeno_bridge/share/colcon-core/packages/ros_xeno_bridge)
[4.581s] Level 1:colcon.colcon_core.environment:create_environment_scripts_only(ros_xeno_bridge)
[4.583s] Level 1:colcon.colcon_core.environment:checking '/home/asdfr-30/ASDfR_3/install/ros_xeno_bridge' for CMake module files
[4.585s] Level 1:colcon.colcon_core.environment:checking '/home/asdfr-30/ASDfR_3/install/ros_xeno_bridge' for CMake config files
[4.587s] Level 1:colcon.colcon_core.shell:create_environment_hook('ros_xeno_bridge', 'cmake_prefix_path')
[4.588s] INFO:colcon.colcon_core.shell:Creating environment hook '/home/asdfr-30/ASDfR_3/install/ros_xeno_bridge/share/ros_xeno_bridge/hook/cmake_prefix_path.ps1'
[4.591s] INFO:colcon.colcon_core.shell:Creating environment descriptor '/home/asdfr-30/ASDfR_3/install/ros_xeno_bridge/share/ros_xeno_bridge/hook/cmake_prefix_path.dsv'
[4.593s] INFO:colcon.colcon_core.shell:Creating environment hook '/home/asdfr-30/ASDfR_3/install/ros_xeno_bridge/share/ros_xeno_bridge/hook/cmake_prefix_path.sh'
[4.596s] Level 1:colcon.colcon_core.environment:checking '/home/asdfr-30/ASDfR_3/install/ros_xeno_bridge/lib'
[4.599s] Level 1:colcon.colcon_core.environment:checking '/home/asdfr-30/ASDfR_3/install/ros_xeno_bridge/bin'
[4.600s] Level 1:colcon.colcon_core.environment:checking '/home/asdfr-30/ASDfR_3/install/ros_xeno_bridge/lib/pkgconfig/ros_xeno_bridge.pc'
[4.602s] Level 1:colcon.colcon_core.environment:checking '/home/asdfr-30/ASDfR_3/install/ros_xeno_bridge/lib/python3.10/site-packages'
[4.604s] Level 1:colcon.colcon_core.environment:checking '/home/asdfr-30/ASDfR_3/install/ros_xeno_bridge/bin'
[4.605s] INFO:colcon.colcon_core.shell:Creating package script '/home/asdfr-30/ASDfR_3/install/ros_xeno_bridge/share/ros_xeno_bridge/package.ps1'
[4.609s] INFO:colcon.colcon_core.shell:Creating package descriptor '/home/asdfr-30/ASDfR_3/install/ros_xeno_bridge/share/ros_xeno_bridge/package.dsv'
[4.613s] INFO:colcon.colcon_core.shell:Creating package script '/home/asdfr-30/ASDfR_3/install/ros_xeno_bridge/share/ros_xeno_bridge/package.sh'
[4.616s] INFO:colcon.colcon_core.shell:Creating package script '/home/asdfr-30/ASDfR_3/install/ros_xeno_bridge/share/ros_xeno_bridge/package.bash'
[4.620s] INFO:colcon.colcon_core.shell:Creating package script '/home/asdfr-30/ASDfR_3/install/ros_xeno_bridge/share/ros_xeno_bridge/package.zsh'
[4.623s] Level 1:colcon.colcon_core.environment:create_file_with_runtime_dependencies(/home/asdfr-30/ASDfR_3/install/ros_xeno_bridge/share/colcon-core/packages/ros_xeno_bridge)
[4.645s] DEBUG:colcon.colcon_core.event_handler.log_command:Invoked command in '/home/asdfr-30/ASDfR_3/build/xeno_loop' returned '0': AMENT_PREFIX_PATH=/home/asdfr-30/ASDfR_3/install/xrf2_msgs:${AMENT_PREFIX_PATH} CMAKE_PREFIX_PATH=/home/asdfr-30/ASDfR_3/install/xrf2_msgs LD_LIBRARY_PATH=/home/asdfr-30/ASDfR_3/install/xrf2_msgs/lib:${LD_LIBRARY_PATH} PYTHONPATH=/home/asdfr-30/ASDfR_3/install/xrf2_msgs/local/lib/python3.10/dist-packages:${PYTHONPATH} /usr/bin/cmake --build /home/asdfr-30/ASDfR_3/build/xeno_loop -- -j3 -l3
[4.647s] WARNING:colcon.colcon_cmake.task.cmake.build:Could not run installation step for package 'xeno_loop' because it has no 'install' target
[4.648s] Level 1:colcon.colcon_core.environment:create_environment_scripts_only(xeno_loop)
[4.649s] Level 1:colcon.colcon_core.environment:checking '/home/asdfr-30/ASDfR_3/install/xeno_loop' for CMake module files
[4.651s] Level 1:colcon.colcon_core.environment:checking '/home/asdfr-30/ASDfR_3/install/xeno_loop' for CMake config files
[4.654s] Level 1:colcon.colcon_core.environment:checking '/home/asdfr-30/ASDfR_3/install/xeno_loop/bin'
[4.655s] Level 1:colcon.colcon_core.environment:checking '/home/asdfr-30/ASDfR_3/install/xeno_loop/lib/pkgconfig/xeno_loop.pc'
[4.656s] Level 1:colcon.colcon_core.environment:checking '/home/asdfr-30/ASDfR_3/install/xeno_loop/lib/python3.10/site-packages'
[4.657s] Level 1:colcon.colcon_core.environment:checking '/home/asdfr-30/ASDfR_3/install/xeno_loop/bin'
[4.659s] INFO:colcon.colcon_core.shell:Creating package script '/home/asdfr-30/ASDfR_3/install/xeno_loop/share/xeno_loop/package.ps1'
[4.661s] INFO:colcon.colcon_core.shell:Creating package descriptor '/home/asdfr-30/ASDfR_3/install/xeno_loop/share/xeno_loop/package.dsv'
[4.663s] INFO:colcon.colcon_core.shell:Creating package script '/home/asdfr-30/ASDfR_3/install/xeno_loop/share/xeno_loop/package.sh'
[4.665s] INFO:colcon.colcon_core.shell:Creating package script '/home/asdfr-30/ASDfR_3/install/xeno_loop/share/xeno_loop/package.bash'
[4.667s] INFO:colcon.colcon_core.shell:Creating package script '/home/asdfr-30/ASDfR_3/install/xeno_loop/share/xeno_loop/package.zsh'
[4.670s] Level 1:colcon.colcon_core.environment:create_file_with_runtime_dependencies(/home/asdfr-30/ASDfR_3/install/xeno_loop/share/colcon-core/packages/xeno_loop)
[49.552s] DEBUG:colcon.colcon_core.event_handler.log_command:Invoked command in '/home/asdfr-30/ASDfR_3/build/sequence_controller' returned '0': AMENT_PREFIX_PATH=/home/asdfr-30/ASDfR_3/install/xrf2_msgs:${AMENT_PREFIX_PATH} CMAKE_PREFIX_PATH=/home/asdfr-30/ASDfR_3/install/xrf2_msgs:/opt/ros/humble LD_LIBRARY_PATH=/home/asdfr-30/ASDfR_3/install/xrf2_msgs/lib:${LD_LIBRARY_PATH} PYTHONPATH=/home/asdfr-30/ASDfR_3/install/xrf2_msgs/local/lib/python3.10/dist-packages:${PYTHONPATH} /usr/bin/cmake --build /home/asdfr-30/ASDfR_3/build/sequence_controller -- -j3 -l3
[49.559s] DEBUG:colcon.colcon_core.event_handler.log_command:Invoking command in '/home/asdfr-30/ASDfR_3/build/sequence_controller': AMENT_PREFIX_PATH=/home/asdfr-30/ASDfR_3/install/xrf2_msgs:${AMENT_PREFIX_PATH} CMAKE_PREFIX_PATH=/home/asdfr-30/ASDfR_3/install/xrf2_msgs:/opt/ros/humble LD_LIBRARY_PATH=/home/asdfr-30/ASDfR_3/install/xrf2_msgs/lib:${LD_LIBRARY_PATH} PYTHONPATH=/home/asdfr-30/ASDfR_3/install/xrf2_msgs/local/lib/python3.10/dist-packages:${PYTHONPATH} /usr/bin/cmake --install /home/asdfr-30/ASDfR_3/build/sequence_controller
[49.809s] Level 1:colcon.colcon_core.environment:create_environment_scripts_only(sequence_controller)
[49.813s] Level 1:colcon.colcon_core.environment:checking '/home/asdfr-30/ASDfR_3/install/sequence_controller' for CMake module files
[49.822s] Level 1:colcon.colcon_core.environment:checking '/home/asdfr-30/ASDfR_3/install/sequence_controller' for CMake config files
[49.828s] Level 1:colcon.colcon_core.shell:create_environment_hook('sequence_controller', 'cmake_prefix_path')
[49.831s] INFO:colcon.colcon_core.shell:Creating environment hook '/home/asdfr-30/ASDfR_3/install/sequence_controller/share/sequence_controller/hook/cmake_prefix_path.ps1'
[49.838s] INFO:colcon.colcon_core.shell:Creating environment descriptor '/home/asdfr-30/ASDfR_3/install/sequence_controller/share/sequence_controller/hook/cmake_prefix_path.dsv'
[49.843s] INFO:colcon.colcon_core.shell:Creating environment hook '/home/asdfr-30/ASDfR_3/install/sequence_controller/share/sequence_controller/hook/cmake_prefix_path.sh'
[49.850s] Level 1:colcon.colcon_core.environment:checking '/home/asdfr-30/ASDfR_3/install/sequence_controller/lib'
[49.851s] Level 1:colcon.colcon_core.environment:checking '/home/asdfr-30/ASDfR_3/install/sequence_controller/bin'
[49.853s] Level 1:colcon.colcon_core.environment:checking '/home/asdfr-30/ASDfR_3/install/sequence_controller/lib/pkgconfig/sequence_controller.pc'
[49.855s] Level 1:colcon.colcon_core.environment:checking '/home/asdfr-30/ASDfR_3/install/sequence_controller/lib/python3.10/site-packages'
[49.858s] Level 1:colcon.colcon_core.environment:checking '/home/asdfr-30/ASDfR_3/install/sequence_controller/bin'
[49.861s] INFO:colcon.colcon_core.shell:Creating package script '/home/asdfr-30/ASDfR_3/install/sequence_controller/share/sequence_controller/package.ps1'
[49.867s] INFO:colcon.colcon_core.shell:Creating package descriptor '/home/asdfr-30/ASDfR_3/install/sequence_controller/share/sequence_controller/package.dsv'
[49.872s] INFO:colcon.colcon_core.shell:Creating package script '/home/asdfr-30/ASDfR_3/install/sequence_controller/share/sequence_controller/package.sh'
[49.878s] INFO:colcon.colcon_core.shell:Creating package script '/home/asdfr-30/ASDfR_3/install/sequence_controller/share/sequence_controller/package.bash'
[49.883s] DEBUG:colcon.colcon_core.event_handler.log_command:Invoked command in '/home/asdfr-30/ASDfR_3/build/sequence_controller' returned '0': AMENT_PREFIX_PATH=/home/asdfr-30/ASDfR_3/install/xrf2_msgs:${AMENT_PREFIX_PATH} CMAKE_PREFIX_PATH=/home/asdfr-30/ASDfR_3/install/xrf2_msgs:/opt/ros/humble LD_LIBRARY_PATH=/home/asdfr-30/ASDfR_3/install/xrf2_msgs/lib:${LD_LIBRARY_PATH} PYTHONPATH=/home/asdfr-30/ASDfR_3/install/xrf2_msgs/local/lib/python3.10/dist-packages:${PYTHONPATH} /usr/bin/cmake --install /home/asdfr-30/ASDfR_3/build/sequence_controller
[49.886s] INFO:colcon.colcon_core.shell:Creating package script '/home/asdfr-30/ASDfR_3/install/sequence_controller/share/sequence_controller/package.zsh'
[49.890s] Level 1:colcon.colcon_core.environment:create_file_with_runtime_dependencies(/home/asdfr-30/ASDfR_3/install/sequence_controller/share/colcon-core/packages/sequence_controller)
[49.895s] Level 1:colcon.colcon_core.environment:create_environment_scripts_only(sequence_controller)
[49.898s] Level 1:colcon.colcon_core.environment:checking '/home/asdfr-30/ASDfR_3/install/sequence_controller' for CMake module files
[49.902s] Level 1:colcon.colcon_core.environment:checking '/home/asdfr-30/ASDfR_3/install/sequence_controller' for CMake config files
[49.905s] Level 1:colcon.colcon_core.shell:create_environment_hook('sequence_controller', 'cmake_prefix_path')
[49.907s] INFO:colcon.colcon_core.shell:Creating environment hook '/home/asdfr-30/ASDfR_3/install/sequence_controller/share/sequence_controller/hook/cmake_prefix_path.ps1'
[49.911s] INFO:colcon.colcon_core.shell:Creating environment descriptor '/home/asdfr-30/ASDfR_3/install/sequence_controller/share/sequence_controller/hook/cmake_prefix_path.dsv'
[49.914s] INFO:colcon.colcon_core.shell:Creating environment hook '/home/asdfr-30/ASDfR_3/install/sequence_controller/share/sequence_controller/hook/cmake_prefix_path.sh'
[49.919s] Level 1:colcon.colcon_core.environment:checking '/home/asdfr-30/ASDfR_3/install/sequence_controller/lib'
[49.920s] Level 1:colcon.colcon_core.environment:checking '/home/asdfr-30/ASDfR_3/install/sequence_controller/bin'
[49.920s] Level 1:colcon.colcon_core.environment:checking '/home/asdfr-30/ASDfR_3/install/sequence_controller/lib/pkgconfig/sequence_controller.pc'
[49.922s] Level 1:colcon.colcon_core.environment:checking '/home/asdfr-30/ASDfR_3/install/sequence_controller/lib/python3.10/site-packages'
[49.924s] Level 1:colcon.colcon_core.environment:checking '/home/asdfr-30/ASDfR_3/install/sequence_controller/bin'
[49.926s] INFO:colcon.colcon_core.shell:Creating package script '/home/asdfr-30/ASDfR_3/install/sequence_controller/share/sequence_controller/package.ps1'
[49.930s] INFO:colcon.colcon_core.shell:Creating package descriptor '/home/asdfr-30/ASDfR_3/install/sequence_controller/share/sequence_controller/package.dsv'
[49.933s] INFO:colcon.colcon_core.shell:Creating package script '/home/asdfr-30/ASDfR_3/install/sequence_controller/share/sequence_controller/package.sh'
[49.937s] INFO:colcon.colcon_core.shell:Creating package script '/home/asdfr-30/ASDfR_3/install/sequence_controller/share/sequence_controller/package.bash'
[49.940s] INFO:colcon.colcon_core.shell:Creating package script '/home/asdfr-30/ASDfR_3/install/sequence_controller/share/sequence_controller/package.zsh'
[49.943s] Level 1:colcon.colcon_core.environment:create_file_with_runtime_dependencies(/home/asdfr-30/ASDfR_3/install/sequence_controller/share/colcon-core/packages/sequence_controller)
[49.945s] DEBUG:colcon.colcon_parallel_executor.executor.parallel:closing loop
[49.946s] DEBUG:colcon.colcon_parallel_executor.executor.parallel:loop closed
[49.946s] DEBUG:colcon.colcon_parallel_executor.executor.parallel:run_until_complete finished with '0'
[49.947s] DEBUG:colcon.colcon_core.event_reactor:joining thread
[49.979s] INFO:colcon.colcon_core.plugin_system:Skipping extension 'colcon_notification.desktop_notification.notify_send': Could not find 'notify-send'
[49.981s] INFO:colcon.colcon_core.plugin_system:Skipping extension 'colcon_notification.desktop_notification.terminal_notifier': Not used on non-Darwin systems
[49.982s] INFO:colcon.colcon_core.plugin_system:Skipping extension 'colcon_notification.desktop_notification.win32': Not used on non-Windows systems
[49.983s] INFO:colcon.colcon_notification.desktop_notification:Sending desktop notification using 'notify2'
[49.987s] DEBUG:colcon.colcon_notification.desktop_notification.notify2:Failed to initialize notify2: org.freedesktop.DBus.Error.ServiceUnknown: The name org.freedesktop.Notifications was not provided by any .service files
[49.988s] DEBUG:colcon.colcon_core.event_reactor:joined thread
[49.990s] INFO:colcon.colcon_core.shell:Creating prefix script '/home/asdfr-30/ASDfR_3/install/local_setup.ps1'
[49.997s] INFO:colcon.colcon_core.shell:Creating prefix util module '/home/asdfr-30/ASDfR_3/install/_local_setup_util_ps1.py'
[50.007s] INFO:colcon.colcon_core.shell:Creating prefix chain script '/home/asdfr-30/ASDfR_3/install/setup.ps1'
[50.013s] INFO:colcon.colcon_core.shell:Creating prefix script '/home/asdfr-30/ASDfR_3/install/local_setup.sh'
[50.018s] INFO:colcon.colcon_core.shell:Creating prefix util module '/home/asdfr-30/ASDfR_3/install/_local_setup_util_sh.py'
[50.024s] INFO:colcon.colcon_core.shell:Creating prefix chain script '/home/asdfr-30/ASDfR_3/install/setup.sh'
[50.031s] INFO:colcon.colcon_core.shell:Creating prefix script '/home/asdfr-30/ASDfR_3/install/local_setup.bash'
[50.035s] INFO:colcon.colcon_core.shell:Creating prefix chain script '/home/asdfr-30/ASDfR_3/install/setup.bash'
[50.041s] INFO:colcon.colcon_core.shell:Creating prefix script '/home/asdfr-30/ASDfR_3/install/local_setup.zsh'
[50.045s] INFO:colcon.colcon_core.shell:Creating prefix chain script '/home/asdfr-30/ASDfR_3/install/setup.zsh'
